# ensemble mean difference potential, 10 frames at def2-SVPD
# frames: 02450 04085 09025 09900 10775 11630 12485 14155 17505 19185
# dv_kcal: mean over frames. sd_kcal: standard deviation over frames.
idx	dv_kcal	sd_kcal
0	0.188960	0.272877
1	-2.901716	0.482014
2	-2.618315	0.487287
3	0.175496	0.230735
4	-0.197355	0.312035
5	-1.803937	0.422252
6	1.836032	0.449057
7	-0.015441	0.768303
8	-2.026925	0.378155
9	-0.331571	0.847295
10	-0.033807	0.661727
11	0.176721	0.210344
12	0.397273	0.314348
13	1.383282	0.478146
14	-1.405121	0.326071
15	-0.094580	0.290374
16	-0.374603	0.203017
17	-0.517951	0.329593
18	-1.472116	0.417137
19	-0.306241	0.416716
20	-0.812111	0.278023
21	-1.064474	0.596442
22	-1.906774	0.300596
23	0.941186	0.343751
24	0.670961	0.372499
25	0.796761	0.375860
26	1.827951	0.524302
27	0.634262	0.420427
28	-1.398160	0.336413
29	-0.987760	0.469753
30	-0.067412	0.256820
31	-2.653562	0.484572
32	-0.447112	0.260109
33	1.681100	0.334263
34	-0.244250	0.318449
35	-0.665156	0.396395
36	0.139371	0.340462
37	0.923088	0.495471
38	0.785354	0.481271
39	0.872314	0.598762
40	-0.429253	0.602307
41	2.123365	0.535339
42	-0.267203	0.649597
43	1.116225	0.469649
44	0.803892	0.562798
45	-0.684391	0.482621
46	-0.314459	0.361128
47	-1.068805	0.308275
48	0.091340	0.406775
49	1.079211	0.477458
50	0.364840	0.421270
51	-1.473935	0.565808
52	-0.049575	0.371166
53	-0.366650	0.420829
54	-0.935892	0.364394
55	-0.084714	0.437817
56	-2.072005	0.346354
57	-1.311054	0.411044
58	1.460014	0.365607
59	1.996056	0.638900
60	-0.131432	0.238156
61	0.645740	0.481509
62	-0.621213	0.411431
63	0.263988	0.309031
64	0.870240	0.449080
65	-0.415322	0.332861
66	-1.838806	0.417325
67	-1.342736	0.290640
68	-0.279038	0.345945
69	1.903198	0.480934
70	1.904306	0.535351
71	1.025248	0.484110
72	0.555111	0.670355
73	-1.659889	0.436896
74	-0.388929	0.358321
75	1.672881	0.750879
76	-1.069647	0.523655
77	1.603840	0.572043
78	-0.407690	0.299810
79	-1.433241	0.365659
80	-0.460698	0.587911
81	-0.866914	0.395648
82	-0.907861	0.426477
83	-0.889452	0.283208
84	-2.759891	0.500919
85	-1.601337	0.258974
86	-0.227571	0.342742
87	1.510339	0.388784
88	1.269034	0.393462
89	-2.817599	0.462344
90	-2.021232	0.389516
91	0.068188	0.560725
92	-0.572391	0.378035
93	1.139054	0.456904
94	2.308691	0.671048
95	1.325739	0.434929
96	-0.344169	0.272857
97	-0.167666	0.432555
98	0.073469	0.486785
99	0.676087	0.441346
100	1.135518	0.724108
101	-0.615789	0.382497
102	-0.403584	0.463340
103	0.082442	0.916594
104	-0.877808	0.425045
105	-1.700026	0.425275
106	-1.712604	0.510115
107	0.139562	0.358173
108	-1.081610	0.533664
109	1.350760	0.854414
110	0.871226	0.415174
111	0.112051	0.372987
112	1.576638	0.606339
113	0.984724	0.747170
114	-1.746144	0.401465
115	-0.481494	0.219556
116	0.614529	0.395265
117	-0.194893	0.263728
118	0.304530	0.398086
119	-0.565554	0.864128
120	-0.109485	0.312680
121	0.055058	0.265144
122	-1.238237	0.507305
123	-1.402431	0.242360
124	-1.530575	0.362795
125	-0.153650	0.415727
126	-0.839008	0.294226
127	-0.224089	0.331451
128	0.581985	0.788785
129	0.503714	0.523847
130	-3.839651	0.659053
131	0.417421	0.309626
132	0.198049	0.329889
133	1.905957	0.951798
134	-0.779005	0.892702
135	0.357523	0.790289
136	-0.921894	0.323290
137	-0.913858	0.317527
138	-2.433235	0.470070
139	-1.077443	0.255900
140	2.185357	0.452953
141	0.154905	0.484847
142	0.704456	0.348794
143	-0.583404	0.492392
144	0.721411	0.492624
145	-1.725112	0.356659
146	-0.912158	0.422924
147	0.080863	0.326091
148	-1.839612	0.362640
149	-1.985406	0.366530
150	0.277502	0.328295
151	1.995463	0.776274
152	-0.973774	0.556135
153	0.348622	0.365754
154	-1.209334	0.253753
155	-1.035764	0.394042
156	0.541682	0.517789
157	0.269913	0.848115
158	-0.560079	0.395154
159	1.423913	0.400268
160	-0.736829	0.285028
161	-3.825264	0.724310
162	0.353234	0.293888
163	1.018483	0.470569
164	-0.680146	0.309117
165	0.244781	0.307298
166	-1.204175	0.374870
167	-0.379772	0.244611
168	2.531137	0.686550
169	-0.653644	0.394300
170	-0.497875	0.317048
171	0.536010	0.261368
172	1.634884	0.894252
173	0.539597	0.382211
174	-0.540257	0.618428
175	1.346752	0.611062
176	0.356334	0.327368
177	-1.033738	0.269495
178	-0.242283	0.213449
179	1.137366	0.635833
180	-2.904999	0.571872
181	-0.071359	0.421038
182	-2.505575	0.461012
183	0.599864	0.285500
184	0.185283	0.382372
185	-0.264954	0.300289
186	2.440757	0.659877
187	-1.685063	0.569375
188	0.277110	0.504961
189	0.358457	0.300933
190	2.216512	0.706683
191	0.223427	0.164497
192	-3.053042	0.687983
193	0.066833	0.436224
194	-3.507960	0.708335
195	-2.076721	0.519555
196	-0.987054	0.334600
197	-0.039562	0.374038
198	-0.168111	0.663128
199	-1.128120	0.438128
200	0.796926	0.373891
201	1.651466	0.343846
202	0.927968	0.455970
203	1.456432	0.647237
204	0.459081	0.706220
205	2.136847	0.472446
206	1.184351	0.465811
207	0.964401	0.491930
208	0.433364	0.387962
209	0.667433	0.384871
210	-0.433442	0.430614
211	0.111489	0.552765
212	0.085149	0.213352
213	1.508470	0.393795
214	-1.038603	0.433573
215	0.827454	0.576694
216	1.641235	0.343629
217	1.673517	0.582640
218	-0.895084	0.489280
219	0.165467	0.586531
220	-0.359115	0.728179
221	-0.493521	0.332629
222	-1.607481	0.650309
223	0.172452	0.318334
224	-2.586202	0.769016
225	-0.948032	0.374586
226	1.575274	0.355144
227	-4.096873	0.672458
228	0.444747	0.515543
229	1.914890	0.908400
230	-0.357677	0.227222
231	0.552480	0.416055
232	2.963125	0.610030
233	0.441726	0.197505
234	0.940890	0.461506
235	0.746268	0.470945
236	-0.304198	0.457110
237	1.850966	0.804697
238	-1.077371	0.375618
239	-0.095460	0.309786
240	1.137958	0.460775
241	-0.387333	0.320752
242	1.124129	0.498352
243	0.603814	0.375819
244	1.577911	0.472359
245	1.776665	0.367952
246	1.234967	0.458079
247	-1.206856	0.345572
248	0.454971	0.190933
249	-0.496115	0.275043
250	-2.300487	0.526046
251	0.904432	0.521915
252	-1.636536	0.343258
253	-1.081083	0.827311
254	1.211166	0.570936
255	1.474416	0.883049
256	0.531082	0.336936
257	2.673339	0.712889
258	1.145685	0.455449
259	-0.097268	0.345346
260	1.585090	0.356451
261	0.480449	0.243521
262	0.284009	0.267473
263	0.482390	0.264568
264	-1.486912	0.385865
265	-0.062899	0.318927
266	0.983746	0.587634
267	-0.696289	0.493144
268	-0.811289	0.610126
269	-1.364133	0.467254
270	-0.561882	0.343686
271	2.640968	0.723835
272	0.556129	0.931450
273	0.116798	0.333396
274	-0.602624	0.343157
275	0.632440	0.339107
276	0.923495	0.585074
277	0.907165	0.449630
278	-0.047127	0.506114
279	-0.518526	0.340519
280	-2.749750	0.511300
281	0.928910	0.605207
282	-0.664500	0.299137
283	0.226201	0.397388
284	-1.054392	0.374540
285	-0.187078	0.539991
286	0.350772	0.334204
287	1.226051	0.660504
288	1.470946	0.331371
289	1.599189	0.604238
290	0.958621	0.829279
291	0.738640	0.418594
292	0.165124	0.156334
293	1.428068	0.493026
294	-0.652429	0.250672
295	-0.499108	0.240983
296	0.616045	0.710866
297	-0.165666	0.345088
298	-0.910358	0.303203
299	1.316239	0.444270
300	1.327592	0.423145
301	-2.206031	0.627773
302	-0.390367	0.418063
303	1.549568	0.355208
304	2.174510	0.550520
305	1.030695	0.640074
306	0.425441	0.541145
307	0.595391	0.461645
308	-0.203102	0.770831
309	-0.410190	0.338834
310	-0.843547	0.428887
311	1.511807	0.374553
312	-0.318110	0.647601
313	1.964492	0.512983
314	-0.591824	0.351407
315	2.465678	0.497931
316	0.504779	0.431210
317	0.978179	0.430931
318	2.497505	0.475166
319	-0.159812	0.387256
320	0.409411	0.401992
321	0.426256	0.670933
322	-0.440750	0.287160
323	-1.479837	0.496808
324	-0.643289	0.504999
325	0.057521	0.554284
326	0.708141	0.327728
327	-0.672617	0.635649
328	-0.024399	0.583536
329	-0.747195	0.441323
330	0.229160	0.352910
331	-1.329133	0.624290
332	3.617488	0.771410
333	-0.276473	0.321336
334	-0.340178	0.332485
335	0.685847	0.356809
336	-1.122571	0.505425
337	1.745729	0.511825
338	-0.182992	0.441313
339	-0.676501	0.459926
340	-0.750639	0.432568
341	1.459604	0.433746
342	-1.116112	0.329502
343	-1.803587	0.297404
344	0.021635	0.374414
345	-2.466863	0.455480
346	-0.434562	0.439530
347	-3.735565	0.661920
348	-0.392841	0.631417
349	-0.128310	0.290407
350	0.210958	0.314093
351	-0.462561	0.475145
352	-2.028638	0.378194
353	0.263476	0.798066
354	0.154114	0.182471
355	0.468692	0.283778
356	0.708520	0.465694
357	1.308890	0.427165
358	1.488359	0.363651
359	1.317182	0.402969
360	-0.754227	0.399084
361	-0.733836	0.286556
362	0.300006	0.521018
363	0.102010	0.330525
364	-0.404917	0.377946
365	1.694417	0.507673
366	-0.231601	0.676709
367	-1.879078	0.388187
368	0.430062	0.300042
369	0.739724	0.385978
370	-1.306690	0.625048
371	3.602186	0.669954
372	0.279444	0.513278
373	0.133000	0.405078
374	-0.514062	0.381426
375	-0.270037	0.561152
376	1.305270	0.403477
377	-0.282861	0.405109
378	-1.418612	0.363126
379	-0.338275	0.206108
380	-1.041470	0.349394
381	0.834223	0.402632
382	0.384639	0.233803
383	0.062094	0.455420
384	-0.370131	0.563838
385	-0.227546	0.226885
386	-0.375600	0.518649
387	0.622208	0.559368
388	0.100094	0.468356
389	1.569780	0.541570
390	-0.175923	0.934103
391	1.317031	0.791256
392	0.891207	0.544757
393	-1.005854	0.368065
394	-1.394732	0.412964
395	-1.008930	0.413348
396	-2.726108	0.447847
397	-0.143407	0.403126
398	-1.091373	0.537249
399	-0.105214	0.205501
400	1.281923	0.633775
401	1.463431	0.405950
402	1.817003	0.521223
403	0.104548	0.559224
404	1.298662	0.333357
405	0.575433	0.343887
406	-0.465284	0.263419
407	-1.114634	0.555612
408	-0.411745	0.271291
409	-0.341213	0.265841
410	1.480295	0.583218
411	0.204401	0.397855
412	-2.130691	0.352140
413	-1.157906	0.349006
414	-0.197619	0.247470
415	-1.652343	0.412304
416	-0.667459	0.484735
417	0.908499	0.555954
418	0.258348	0.450738
419	1.747059	0.322292
420	-0.177430	0.592946
421	2.047915	0.478439
422	2.028534	0.470289
423	1.109160	0.587187
424	1.849817	0.553303
425	-0.631908	0.692240
426	1.461838	0.381244
427	-0.490443	0.399925
428	-0.470664	0.473627
429	0.106379	0.436044
430	-0.083447	0.423855
431	1.403837	0.889449
432	2.296850	0.617805
433	0.686503	0.497645
434	0.406620	0.557095
435	-0.258017	0.403541
436	2.218169	0.432159
437	-0.552166	0.482779
438	0.328165	0.616083
439	0.652417	0.300661
440	0.432626	0.483783
441	1.666958	0.340960
442	1.107830	0.871092
443	-1.020108	0.280610
444	-2.103776	0.348888
445	-0.030971	0.566159
446	0.529564	0.449579
447	-1.117989	0.400468
448	-0.457808	0.238039
449	-0.023312	0.226127
450	1.038887	0.464508
451	1.609983	0.372688
452	-2.654015	0.439483
453	1.936838	0.744422
454	1.630888	0.509688
455	-0.233663	0.437744
456	-1.990046	0.326754
457	1.583309	0.349256
458	0.818859	0.583942
459	0.879076	0.769052
460	-0.405468	0.241366
461	-1.164792	0.348549
462	-1.324638	0.288560
463	2.302715	0.448578
464	2.864834	0.746954
465	1.835173	0.350772
466	-0.269108	0.319707
467	-3.500962	0.732967
468	-0.447028	0.577355
469	0.589222	0.275019
470	-0.753152	0.478667
471	-0.881075	0.333942
472	1.880391	0.533769
473	-0.104797	0.776953
474	-0.244226	0.407911
475	0.508694	0.528972
476	-0.794654	0.460208
477	-0.431990	0.366735
478	3.033060	0.854707
479	-2.140685	0.363798
480	0.039819	0.546257
481	0.175855	0.605168
482	-2.459283	0.791205
483	0.153212	0.389086
484	0.670796	0.308058
485	-0.420756	0.350241
486	2.083902	0.468079
487	-2.039574	0.381303
488	-1.433676	0.848955
489	0.302681	0.473861
490	0.367381	0.333168
491	1.522406	0.365494
492	-0.613836	0.531634
493	-0.262360	0.260052
494	0.286679	0.335338
495	-1.165553	0.416247
496	-1.229500	0.527110
497	-2.141804	0.497811
498	0.657901	0.505437
499	0.158009	0.948864
500	-0.260496	0.490456
501	-0.332383	0.530904
502	0.069247	0.327328
503	0.278504	0.516619
504	-0.293975	0.648854
505	0.324579	0.455057
506	1.980458	0.492106
507	-0.030379	0.425841
508	-0.118563	0.287182
509	-2.763292	0.563122
510	0.944000	0.497172
511	0.913397	0.464757
512	0.869599	0.789778
513	-0.953571	0.419132
514	-0.213163	0.339400
515	-1.402113	0.425094
516	-0.380986	0.356755
517	-0.319968	0.474092
518	1.787058	0.549479
519	-0.665578	0.452436
520	2.520897	0.948835
521	-1.819628	0.332079
522	-0.278523	0.259171
523	-1.315058	0.512055
524	0.360065	0.387976
525	0.886580	0.713245
526	0.284691	0.223011
527	-0.213589	0.300613
528	2.299300	0.833840
529	1.559937	0.437778
530	-0.271564	0.210664
531	0.376496	0.527515
532	-0.388291	0.278904
533	-1.924149	0.421456
534	-0.407132	0.266279
535	1.295353	0.627379
536	-0.884188	0.516585
537	-3.114718	0.585184
538	0.326438	0.324187
539	1.589275	0.363937
540	-0.565582	0.262997
541	2.399605	0.433245
542	-0.711161	0.861653
543	1.109205	0.338385
544	0.502096	0.341879
545	-0.255592	0.289917
546	0.647296	0.358295
547	-0.231131	0.328541
548	0.517847	0.208701
549	-1.191545	0.326551
550	2.291675	0.598790
551	-0.641306	0.329890
552	-0.211423	0.886599
553	0.470983	0.391687
554	-0.048318	0.320813
555	0.992111	0.430438
556	-1.587522	0.322896
557	-0.383207	0.288543
558	2.202571	0.855566
559	-0.065669	0.325420
560	-0.487140	0.363982
561	2.757954	0.617243
562	-0.880450	0.333528
563	-0.247245	0.254679
564	-1.100172	0.336473
565	-0.187629	0.562456
566	-1.086256	0.264943
567	3.203295	0.575654
568	-1.161613	0.418704
569	-0.156962	0.331869
570	1.390242	0.916542
571	-0.923763	0.761865
572	-2.485961	0.512723
573	1.040844	0.395857
574	-2.724301	0.540244
575	-1.892005	0.344251
576	-0.230180	0.923451
577	-1.121904	0.588891
578	0.509520	0.468870
579	0.242941	0.435722
580	-0.206939	0.246796
581	-0.168251	0.285615
582	0.034209	0.554172
583	-2.323128	0.466757
584	-2.259877	0.564265
585	-1.254137	0.431893
586	-0.264723	0.476118
587	-0.711971	0.440965
588	-2.277411	0.770156
589	0.270959	0.164866
590	1.705290	0.326690
591	-0.498873	0.384357
592	-0.250811	0.498012
593	0.475751	0.487932
594	-0.401187	0.208130
595	2.075929	0.843777
596	0.912758	0.696913
597	-0.213448	0.442398
598	-0.364809	0.250903
599	-2.844171	0.484620
600	-0.340213	0.435403
601	-0.712029	0.460973
602	0.607624	0.263145
603	-0.085615	0.451815
604	-0.218758	0.411625
605	-0.065519	0.428448
606	1.555459	0.734722
607	-0.106207	0.501009
608	-1.829997	0.474890
609	0.578516	0.462657
610	0.533142	0.587905
611	-1.712391	0.278226
612	0.768144	0.367226
613	-3.921922	0.718004
614	0.403818	0.285031
615	-0.000383	0.490639
616	-0.717746	0.327722
617	1.748013	0.641577
618	-0.446560	0.260360
619	-0.313555	0.291062
620	-0.290509	0.432334
621	-0.570772	0.327102
622	-1.141478	0.366186
623	1.294120	0.432988
624	-0.088952	0.465520
625	1.657161	0.573582
626	-2.584578	0.475615
627	-2.519290	0.416001
628	-2.061585	0.364322
629	1.576344	1.029374
630	1.002345	0.420101
631	1.392973	0.399547
632	2.254430	0.800278
633	0.612907	0.257138
634	-2.157062	0.591401
635	-0.381230	0.286293
636	-0.742446	0.545754
637	-0.564566	0.437296
638	-2.456865	0.426406
639	-0.543271	0.473797
640	0.943414	1.126853
641	0.016498	0.605020
642	0.009929	0.184808
643	-1.195961	0.584981
644	-1.035631	0.225690
645	0.781515	0.717361
646	-0.475543	0.369908
647	-0.287487	0.273171
648	0.393509	0.236906
649	1.117706	0.768714
650	2.717901	0.666105
651	0.785716	0.419004
652	1.450740	0.617118
653	-2.007306	0.319066
654	0.259295	0.433972
655	0.920070	0.767690
656	-0.477163	0.226524
657	-0.482003	0.472827
658	0.593470	0.388466
659	-0.197048	0.426860
660	0.620316	0.344830
661	-0.591124	0.348052
662	1.049128	0.468592
663	-0.725348	0.626062
664	-0.378576	0.359701
665	0.339178	0.158167
666	-0.075923	0.439244
667	-3.767921	0.691693
668	-1.453672	0.569066
669	-0.662329	0.253474
670	-0.163870	0.681869
671	-1.551948	0.428417
672	-1.836702	0.600174
673	2.835329	0.627867
674	-0.016609	0.420306
675	0.753209	0.590456
676	-2.091242	0.468811
677	-1.887567	0.522328
678	0.963523	0.437063
679	1.335870	0.634332
680	0.480735	0.257041
681	1.135143	0.474044
682	-0.710574	0.376824
683	0.775044	0.332749
684	-1.755889	0.333383
685	-0.220923	0.595270
686	-0.507761	0.285512
687	2.780682	0.961962
688	1.990351	0.807163
689	-2.217076	0.379490
690	0.674506	0.363717
691	0.297995	0.392932
692	-0.308818	0.326378
693	-0.465950	0.352224
694	-1.342463	0.399946
695	0.368361	0.654835
696	0.264326	0.402910
697	-0.083540	0.400116
698	-1.555799	0.284340
699	0.024394	0.462677
700	-0.044637	0.345381
701	1.751660	0.574492
702	1.352009	0.421100
703	1.426601	0.378431
704	0.652390	0.502004
705	1.433616	1.145388
706	0.576925	0.668591
707	-0.055933	0.342079
708	-0.042959	0.300351
709	0.653131	0.517959
710	0.297589	0.485263
711	0.091503	0.387782
712	-1.024900	0.435898
713	1.380173	0.640564
714	2.321299	0.418398
715	-4.026995	0.693734
716	0.601860	0.398333
717	1.319614	0.440398
718	0.623408	0.314476
719	1.087871	0.383099
720	-1.123864	0.387358
721	-0.726324	0.327767
722	0.902674	0.424749
723	0.339402	0.360005
724	-1.804206	0.302319
725	-0.264950	0.544017
726	0.020193	0.360023
727	1.082637	0.502406
728	1.359937	0.642808
729	0.299960	0.177392
730	1.358358	0.413879
731	-1.054309	0.642704
732	-0.376993	0.491699
733	-1.769953	0.376083
734	0.785856	0.490050
735	0.173632	0.373011
736	-0.625876	0.484881
737	-0.950142	0.490334
738	1.141648	0.428180
739	0.279209	0.609021
740	-2.482848	0.417327
741	0.747416	0.517103
742	-0.602102	0.365828
743	2.369965	0.689889
744	0.563046	0.341421
745	-0.711141	0.519311
746	-1.441331	0.362508
747	-0.850440	0.306006
748	-1.378292	0.332836
749	0.695946	0.418284
750	-0.564343	0.563668
751	-1.070646	0.281070
752	-0.215801	0.400851
753	-1.473471	0.258842
754	1.251039	0.441859
755	-0.291698	0.422516
756	-1.107080	0.258011
757	-1.700287	0.264637
758	0.538158	0.986490
759	-0.723331	0.304638
760	-1.300185	0.269690
761	0.451268	0.499190
762	1.185227	0.646853
763	-0.473835	0.373632
764	-1.503757	0.343138
765	-0.446690	0.375883
766	-1.457168	0.293358
767	-0.613955	0.336499
768	-0.390471	0.511512
769	-3.297451	0.608820
770	-1.084598	0.322490
771	-3.694799	0.645603
772	1.742797	0.396806
773	1.648299	0.345418
774	2.549666	0.699073
775	-0.680881	0.311364
776	1.717090	0.345955
777	1.888472	0.502490
778	-1.432614	0.411195
779	-0.361552	0.224758
780	-1.187022	0.665046
781	-0.281298	0.216309
782	0.061766	0.267277
783	-1.470968	0.325449
784	-0.058220	0.309350
785	-0.676902	0.437104
786	-2.230553	0.500022
787	1.962767	0.581724
788	0.368058	0.419350
789	-0.660188	0.340938
790	0.137585	0.229213
791	0.064514	0.427991
792	2.388056	0.790099
793	0.157724	0.662801
794	-0.015225	0.223203
795	-0.198575	0.416587
796	-0.321599	0.215198
797	-2.112347	0.399278
798	-0.629115	0.339258
799	0.186089	0.506961
800	1.996570	0.677233
801	-0.839141	0.419307
802	-1.737971	0.431148
803	-0.623576	0.376402
804	-1.011337	0.409877
805	0.079831	0.580195
806	0.276472	0.400793
807	0.801240	0.628888
808	0.832886	0.597715
809	-0.354113	0.483698
810	1.175519	0.598608
811	0.026980	0.374934
812	-0.371394	0.349765
813	1.166919	0.374175
814	0.033236	0.317066
815	1.488029	0.616746
816	-0.871808	0.298642
817	1.327793	0.680176
818	-1.809117	0.527407
819	1.848101	0.524472
820	-0.437152	0.601200
821	-0.505865	0.288648
822	-1.476396	0.545844
823	-1.196310	0.378341
824	-2.859256	0.474325
825	0.814457	0.380025
826	-0.175736	0.373870
827	0.347270	0.552038
828	-1.979396	0.378788
829	-1.764554	0.317213
830	-0.647144	0.359787
831	1.575457	0.663322
832	-0.972281	0.355733
833	-1.532299	0.344365
834	1.274588	0.773769
835	-1.547143	0.258892
836	-1.390899	0.536016
837	0.005849	0.350868
838	0.047346	0.329633
839	0.864172	0.429685
840	1.987160	0.876258
841	-0.518953	0.459518
842	-0.298528	0.384739
843	1.403337	0.386218
844	1.062603	0.464203
845	-1.724622	0.387522
846	-0.641113	0.432759
847	-0.832887	0.638924
848	-0.395249	0.321194
849	-0.247905	0.415396
850	-0.202019	0.411655
851	-0.336906	0.203234
852	-0.777784	0.315304
853	-2.354817	0.553719
854	-2.013156	0.425454
855	1.689753	0.334168
856	-0.326224	0.255020
857	-0.284560	0.229354
858	1.376988	0.428945
859	-0.732596	0.342663
860	0.816929	0.893405
861	-0.389677	0.309321
862	-0.408163	0.212058
863	-0.048807	0.479475
864	-0.916340	0.374270
865	-0.349793	0.302852
866	1.066279	0.956866
867	0.317995	0.183911
868	0.210524	0.334737
869	-1.624628	0.432295
870	0.915036	0.396221
871	-1.769579	0.813158
872	0.438880	0.346482
873	-0.744731	0.332068
874	0.558550	0.244057
875	-1.283456	0.226582
876	0.200645	0.188885
877	1.639719	0.583951
878	1.062427	0.503426
879	-1.731524	0.340613
880	0.155302	0.404619
881	0.786802	0.450299
882	0.185772	0.419868
883	-0.710803	0.283852
884	-0.047355	0.250673
885	0.506551	0.286448
886	2.185082	0.438883
887	0.711931	0.475919
888	0.896561	0.488388
889	1.703361	0.576634
890	1.356862	0.537157
891	0.488503	0.224231
892	-1.178588	0.624795
893	1.023020	0.688042
894	0.233431	0.541554
895	-1.731590	0.757703
896	-0.520561	0.284714
897	0.111525	0.191576
898	1.244916	0.458401
899	0.440904	0.279027
900	0.488672	0.575770
901	-0.166213	0.271005
902	1.767703	0.907871
903	-0.541203	0.290054
904	-0.135455	0.399187
905	1.585694	0.615084
906	0.509117	0.407213
907	0.983309	0.515129
908	-0.706178	0.626342
909	-0.369678	0.332422
910	0.837175	0.540249
911	-1.204677	0.309341
912	1.629720	0.338497
913	0.354462	0.381710
914	-0.282249	0.652483
915	3.105858	0.631481
916	0.446461	0.277703
917	-0.043781	0.420337
918	-4.011443	0.658265
919	0.787761	0.891991
920	0.449118	0.658596
921	0.666441	0.653151
922	0.431497	0.305777
923	-0.477547	0.376048
924	0.677392	0.278012
925	-0.758967	0.456614
926	1.461197	0.397757
927	-0.419749	0.364729
928	-0.319321	0.210496
929	1.741597	0.320097
930	1.420261	0.637586
931	1.749801	0.462018
932	-0.846221	0.291166
933	2.161470	0.438107
934	0.347447	0.388044
935	-0.398050	0.239673
936	-1.281401	0.849735
937	0.726279	0.543133
938	-0.445819	0.332531
939	-0.860658	0.447289
940	1.781002	0.387463
941	1.237585	0.413181
942	2.052606	0.482629
943	2.852653	0.649143
944	-0.946798	0.247102
945	0.617791	0.301498
946	-0.031731	0.301798
947	-0.052975	0.286916
948	-0.424710	0.475773
949	2.965840	0.611663
950	0.644219	0.292245
951	0.095059	0.326359
952	-0.324697	0.758784
953	-0.402373	0.772321
954	-1.134140	0.357324
955	-0.579691	0.639854
956	1.787506	0.328022
957	2.025203	0.868045
958	-1.386358	0.593298
959	-0.270129	0.226454
960	-1.753056	0.414669
961	-0.620891	0.533404
962	-0.171899	0.487066
963	0.708007	0.362214
964	2.217009	0.440756
965	-0.836950	0.449174
966	-0.653022	0.404892
967	-2.275255	0.405410
968	0.690187	0.391658
969	0.389718	0.618753
970	2.333051	0.795888
971	1.140194	0.383723
972	0.167135	0.414293
973	-3.857162	0.669308
974	0.113846	0.311092
975	-1.688941	0.375888
976	-0.548982	0.422766
977	1.790747	0.608420
978	0.461623	0.371422
979	1.828542	0.543078
980	-1.810247	0.776647
981	-2.740298	0.502224
982	-0.401843	0.234408
983	0.629379	0.438394
984	0.162374	0.936081
985	0.314468	0.588795
986	0.960987	0.393033
987	-1.970506	0.401654
988	-0.477032	0.320907
989	0.960820	0.361446
990	0.548066	0.230004
991	2.875127	0.639950
992	-1.699246	0.491138
993	-0.441005	0.471871
994	0.394147	0.336067
995	-0.821968	0.415541
996	-2.686765	0.558452
997	-0.219681	0.493335
998	-0.272903	0.489350
999	-0.612252	0.256878
1000	-0.987086	0.604677
1001	0.833958	0.439984
1002	0.581361	0.348018
1003	0.699405	0.582797
1004	-0.999661	0.443591
1005	0.149597	0.632896
1006	-0.622720	0.413098
1007	-1.044617	0.386234
1008	-0.184430	0.276270
1009	-0.564556	0.369856
1010	0.133363	0.204741
1011	0.499243	0.551370
1012	-1.517888	0.523568
1013	-0.467229	0.701266
1014	0.740439	0.384624
1015	-0.916237	0.333202
1016	-0.518284	0.409981
1017	-0.372713	0.335596
1018	0.184995	0.444930
1019	-0.451760	0.277607
1020	-0.156916	0.286721
1021	0.516391	0.857609
1022	-2.068693	0.354954
1023	-0.283878	0.383110
1024	2.531462	0.751691
1025	-0.108708	0.571730
1026	0.560739	0.488774
1027	-0.639199	0.604783
1028	0.785718	0.765004
1029	-0.197127	0.614883
1030	-1.768565	0.345016
1031	0.148616	0.549535
1032	1.153117	0.766553
1033	-0.251493	0.258598
1034	0.391676	0.437155
1035	0.913659	0.460423
1036	-2.135710	0.436549
1037	-1.573066	0.498443
1038	1.430927	0.343700
1039	0.920499	0.356350
1040	0.735904	0.618936
1041	-0.610303	0.365851
1042	1.975686	0.898300
1043	0.507234	0.370639
1044	0.136323	0.424137
1045	-2.637603	0.484077
1046	-0.331721	0.471907
1047	1.061873	0.475685
1048	-1.359383	0.336532
1049	1.529506	0.627093
1050	1.195815	0.740305
1051	0.556108	0.331419
1052	-0.157315	0.328337
1053	-0.029925	0.644496
1054	1.394856	0.427394
1055	-0.237903	0.251059
1056	-0.008951	0.613447
1057	1.974134	0.489841
1058	0.377318	0.181968
1059	1.463672	0.888696
1060	-0.177465	0.772010
1061	1.069278	0.380194
1062	2.101543	0.456694
1063	-3.329230	0.593678
1064	1.138723	0.629456
1065	0.084488	0.464731
1066	-1.886474	0.360973
1067	-0.431788	0.316986
1068	0.186878	0.349374
1069	0.284073	0.417114
1070	-1.713970	0.385285
1071	0.449353	0.579421
1072	1.143749	0.462716
1073	-0.733188	0.292049
1074	-2.149861	0.376098
1075	-0.183494	0.479618
1076	0.342343	0.204701
1077	1.034001	0.535273
1078	1.580008	0.365122
1079	-0.056881	0.558925
1080	2.269377	0.577110
1081	2.030063	0.621894
1082	3.148153	0.579979
1083	-0.689304	0.302452
1084	-0.568324	0.292987
1085	-0.996906	0.423540
1086	0.612165	0.737964
1087	0.209538	0.186722
1088	0.977528	0.433270
1089	1.230018	1.064342
1090	-0.854415	0.495904
1091	-0.033615	0.327286
1092	-0.371202	0.325609
1093	0.174154	0.282352
1094	-0.522144	0.257653
1095	-1.632340	0.279203
1096	0.845377	0.376745
1097	-1.882779	0.295811
1098	-0.356099	0.555899
1099	1.850518	0.485579
1100	-0.481419	0.245488
1101	-1.168243	0.553978
1102	-0.222070	0.220648
1103	-0.367626	0.445408
1104	0.171703	0.259328
1105	-0.307723	0.204702
1106	2.213907	0.435037
1107	-4.126449	0.692883
1108	-2.111732	0.341222
1109	0.691762	0.458447
1110	0.406981	0.328818
1111	-0.125780	0.481807
1112	-3.998111	0.673275
1113	-0.507309	0.358348
1114	-3.557187	0.635168
1115	-0.039353	0.647310
1116	0.496886	0.399706
1117	-0.570529	0.274061
1118	0.602926	0.488570
1119	-0.411000	0.404103
1120	1.634210	0.607414
1121	1.883892	0.892781
1122	1.690304	0.413092
1123	1.160608	0.478893
1124	1.039333	0.665888
1125	-0.558865	0.237092
1126	0.223471	0.660106
1127	-0.997234	0.410127
1128	1.540471	0.552835
1129	-0.710764	0.547585
1130	-0.839995	0.377014
1131	-0.729472	0.634820
1132	-0.784007	0.444063
1133	0.500266	0.697773
1134	3.107904	0.847844
1135	-2.874683	0.482574
1136	0.417034	0.435117
1137	-0.548638	0.234012
1138	0.106555	0.172835
1139	-0.873592	0.420947
1140	-0.913762	0.330060
1141	-0.664366	0.337481
1142	0.504772	0.713773
1143	-1.651901	0.418963
1144	-0.081116	0.422015
1145	0.628372	0.531042
1146	-0.276980	0.375440
1147	-0.722910	0.900500
1148	-0.890763	0.299304
1149	-0.365385	0.249987
1150	1.384673	0.435325
1151	-1.787656	0.670500
1152	-0.407268	0.253781
1153	0.436705	0.350519
1154	0.398576	0.253494
1155	-1.224733	0.337703
1156	-2.748985	0.474121
1157	0.199833	0.390138
1158	0.448577	0.977653
1159	-0.206044	0.356070
1160	-0.510580	0.642496
1161	0.032168	0.194965
1162	-0.503751	0.448168
1163	-1.999582	0.354559
1164	0.560359	0.254886
1165	-0.086601	0.339780
1166	-0.673785	0.449013
1167	0.152467	0.415952
1168	0.727729	0.328712
1169	0.892663	0.559517
1170	0.959091	0.434267
1171	-0.321196	0.234562
1172	1.724255	0.588526
1173	0.653006	0.328610
1174	-1.089338	0.637617
1175	-0.332848	0.272955
1176	0.331293	0.217530
1177	-0.373797	0.343016
1178	-0.815750	0.303087
1179	-0.192967	0.552709
1180	-3.413042	0.777164
1181	0.160368	0.359747
1182	-1.444684	0.478048
1183	-2.115410	0.368692
1184	-0.922481	0.695193
1185	-1.578193	0.468631
1186	-0.332718	0.515303
1187	0.765421	0.432112
1188	-0.429275	0.300768
1189	-2.679982	0.551158
1190	0.622438	1.034809
1191	-2.276562	0.391613
1192	0.318749	0.356138
1193	1.340623	0.373829
1194	0.667914	0.326746
1195	-0.518991	0.283853
1196	-3.241889	0.651221
1197	-2.659900	0.593550
1198	-0.254920	0.287051
1199	1.683515	0.565979
1200	3.304401	0.624539
1201	-0.702639	0.291608
1202	-1.117216	0.602740
1203	-1.377915	0.343524
1204	0.449473	0.593515
1205	0.993128	0.489151
1206	-2.274420	0.515616
1207	-1.883008	0.560105
1208	2.996298	0.970169
1209	2.293038	0.779080
1210	-0.202574	0.359619
1211	1.586182	0.367450
1212	-0.070052	0.410067
1213	-0.197298	0.274104
1214	0.469791	0.552312
1215	-2.066783	0.365851
1216	-0.388309	0.392788
1217	-2.389053	0.519984
1218	0.200015	0.451235
1219	-3.355221	0.756272
1220	-1.248976	0.469248
1221	0.854617	0.493016
1222	2.834404	0.704019
1223	-0.664870	0.616165
1224	0.271344	0.484023
1225	1.576937	0.361963
1226	0.592019	0.541630
1227	0.243475	0.327594
1228	-0.977880	0.277326
1229	1.704420	0.326985
1230	1.407864	0.748533
1231	1.184258	0.454934
1232	-2.490867	0.421071
1233	-0.937737	0.407510
1234	1.647775	0.334772
1235	0.279756	0.515594
1236	0.171809	0.336241
1237	-1.193835	0.376874
1238	0.295621	0.419262
1239	-0.084887	0.488796
1240	-1.952260	0.342513
1241	1.595393	0.962243
1242	1.546813	0.336651
1243	0.705527	0.430497
1244	-0.610104	0.312768
1245	0.512931	0.385780
1246	0.328996	0.308859
1247	-0.616837	0.579817
1248	0.215672	0.428707
1249	-2.756798	0.462154
1250	-1.527282	0.375845
1251	0.049748	0.305319
1252	0.028438	0.668665
1253	-0.632247	0.703776
1254	0.044599	0.617330
1255	1.769980	0.339086
1256	-2.479868	0.646004
1257	-1.183194	0.331265
1258	-1.121214	0.521105
1259	0.451997	0.333658
1260	0.168443	0.477201
1261	0.859752	0.663677
1262	1.106704	0.433632
1263	1.726040	0.922193
1264	-1.370022	0.259672
1265	0.865808	0.442756
1266	0.908379	0.412928
1267	-2.435037	0.431934
1268	0.570469	0.461012
1269	-0.615878	0.373264
1270	-0.586609	0.696491
1271	0.847965	0.563868
1272	2.176134	0.821027
1273	1.803819	0.970774
1274	-0.483335	0.421844
1275	-0.761484	0.320706
1276	-0.402784	0.604742
1277	-0.369673	0.210707
1278	1.223618	0.460810
1279	-0.310944	0.609614
1280	-1.145917	0.227345
1281	-0.135641	0.423771
1282	-1.695859	0.360205
1283	0.358052	0.168112
1284	-0.544001	0.327246
1285	1.381864	0.394862
1286	-1.241250	0.414654
1287	-0.956384	0.561252
1288	-0.333831	0.499188
1289	-0.822118	0.707908
1290	-1.731740	0.437367
1291	1.728385	0.521188
1292	-0.184570	0.309829
1293	0.590008	0.595737
1294	-1.488352	0.480892
1295	-2.054661	0.525633
1296	1.444255	0.621650
1297	-0.277917	0.210850
1298	-0.409698	0.302798
1299	-0.005334	0.329719
1300	0.518089	0.227383
1301	-0.671009	0.354656
1302	1.217515	0.451171
1303	-0.131156	0.221384
1304	1.261405	0.719950
1305	-0.493421	0.298437
1306	-0.313040	0.227650
1307	0.707972	0.792947
1308	-1.028448	0.271706
1309	-0.301982	0.696034
1310	-1.239812	0.369671
1311	0.914846	0.513116
1312	0.355981	0.592411
1313	0.811627	0.594686
1314	-0.596083	0.474197
1315	0.784045	0.398907
1316	2.488081	0.696113
1317	1.002014	0.333091
1318	-0.401785	0.341702
1319	0.096933	0.352697
1320	1.035815	0.616690
1321	-0.925647	0.397096
1322	1.184463	1.140263
1323	0.169721	0.440088
1324	-0.205535	0.218609
1325	0.759999	0.615282
1326	-3.319097	0.581804
1327	3.403230	0.888514
1328	-0.674950	0.463593
1329	0.737069	0.411723
1330	-0.524444	0.590608
1331	0.362169	0.644577
1332	-0.297104	0.625803
1333	0.622329	0.470600
1334	1.342592	0.586092
1335	-0.441896	0.351919
1336	0.166848	0.662893
1337	0.246751	0.151906
1338	0.067047	0.470373
1339	0.514927	0.438293
1340	2.317529	0.803184
1341	-0.866854	0.785490
1342	-0.887325	0.385600
1343	0.608260	0.353851
1344	0.558827	0.970682
1345	1.580241	0.355640
1346	-1.419362	0.409340
1347	-0.870920	0.605179
1348	1.356075	1.173888
1349	-0.690535	0.335857
1350	1.048601	0.512074
1351	-0.686915	0.421490
1352	2.037479	0.490315
1353	0.028618	0.177673
1354	0.170472	0.496037
1355	0.895644	0.552944
1356	0.623564	0.376405
1357	1.251194	0.705178
1358	-0.176983	0.400077
1359	-0.333814	0.284061
1360	0.489871	0.411350
1361	2.910333	0.624786
1362	1.801012	0.333547
1363	1.337038	0.440954
1364	0.243067	0.327218
1365	-0.397172	0.221649
1366	1.256855	0.442115
1367	0.151932	0.486536
1368	2.287909	0.460846
1369	-0.392932	0.444977
1370	0.409458	0.537167
1371	-1.945414	0.334888
1372	1.319182	0.653026
1373	-0.261049	0.377244
1374	-0.642415	0.330580
1375	0.455824	0.715335
1376	-0.288972	0.377877
1377	1.634536	0.438976
1378	0.245406	0.443738
1379	-1.172343	0.407027
1380	-0.506931	0.335032
1381	-0.637586	0.273274
1382	0.823423	0.788190
1383	1.597274	0.395666
1384	-2.020218	0.320898
1385	-0.437726	0.521555
1386	0.574073	0.305675
1387	0.873319	0.506030
1388	-1.700403	0.268400
1389	1.800075	0.621237
1390	-0.053275	0.480167
1391	-0.501988	0.386590
1392	1.318537	0.354315
1393	0.185074	0.428916
1394	0.237295	0.437531
1395	-0.448798	0.242844
1396	-0.250714	0.708364
1397	0.159485	0.295251
1398	-0.322855	0.289422
1399	2.697189	0.678214
1400	1.365706	0.444913
1401	0.051136	0.269137
1402	0.138336	0.508486
1403	-1.163866	0.519835
1404	-0.523388	0.563478
1405	-0.411867	0.628890
1406	-0.247357	0.531027
1407	1.430523	0.629093
1408	-0.021173	0.372770
1409	-1.313981	0.379458
1410	-0.644838	0.465608
1411	0.688790	0.643279
1412	-1.597472	0.326624
1413	0.026628	0.316396
1414	2.073132	0.455440
1415	0.378793	0.436882
1416	-1.362045	0.557729
1417	0.425124	0.175199
1418	-1.602790	0.437602
1419	-4.128126	0.686746
1420	-0.874647	0.479795
1421	-0.209229	0.649332
1422	0.193533	0.477269
1423	0.151682	0.313070
1424	0.274189	0.378367
1425	-0.644704	0.434517
1426	-0.244487	0.234544
1427	-2.310374	0.483767
1428	0.655307	0.498433
1429	-0.291399	0.398367
1430	-0.796920	0.272225
1431	1.528354	0.408403
1432	0.945880	0.488866
1433	-0.062122	0.400857
1434	0.295932	0.356056
1435	-1.532530	0.327266
1436	-0.650146	0.410335
1437	-2.070974	0.547666
1438	-2.717877	0.499106
1439	2.971777	0.606055
1440	0.563380	0.429984
1441	-0.237364	0.485348
1442	-1.182175	0.365321
1443	-0.756261	0.567621
1444	0.301610	0.360940
1445	1.494209	0.646215
1446	0.140497	0.391445
1447	0.145976	0.454288
