# Simulation Time; Restraint 1 Position / Angstrom; Target; Internal Force / Hartree Angstrom^-1; External Force / Hartree Angstrom^-1; Pot. Energy / kJ mol^-1; Restraint 2 Position / Angstrom; Target; Internal Force / Hartree Angstrom^-1; External Force / Hartree Angstrom^-1; Pot. Energy / kJ mol^-1
0.00;  1.5466163136;  1.8590000000;  0.0475922675;  -0.0810288136;  19.5167135085;  2.8846388118;  2.5760000000;  -0.0470217285;  0.0670695611;  19.0515832297
0.00;  1.5769008614;  1.8590000000;  0.0429783572;  -0.1030537570;  15.9159848033;  2.8269323506;  2.5760000000;  -0.0382300359;  0.1031228569;  12.5934089150
0.00;  1.5509537740;  1.8590000000;  0.0469314469;  -0.0846213378;  18.9784954661;  2.8763737516;  2.5760000000;  -0.0457625304;  0.0723015837;  18.0448781335
0.00;  1.5541034843;  1.8590000000;  0.0464515824;  -0.0870872665;  18.5923770612;  2.8699811530;  2.5760000000;  -0.0447886054;  0.0747880008;  17.2849836666
0.00;  1.5583411647;  1.8590000000;  0.0458059634;  -0.0901919430;  18.0791470507;  2.8613806443;  2.5760000000;  -0.0434783011;  0.0782135432;  16.2884224229
0.00;  1.5617463467;  1.8590000000;  0.0452871773;  -0.0922484561;  17.6719468857;  2.8525233383;  2.5760000000;  -0.0421288731;  0.0800267008;  15.2930313294
0.00;  1.5639506181;  1.8590000000;  0.0449513522;  -0.0935598361;  17.4108275566;  2.8467901558;  2.5760000000;  -0.0412554115;  0.0805275939;  14.6654616930
0.00;  1.5647580025;  1.8590000000;  0.0448283456;  -0.0929427241;  17.3156706202;  2.8405014158;  2.5760000000;  -0.0402973096;  0.0810733544;  13.9921997920
0.00;  1.5657526244;  1.8590000000;  0.0446768130;  -0.0932725637;  17.1988046596;  2.8327560515;  2.5760000000;  -0.0391172882;  0.0822663171;  13.1847339960
0.00;  1.5652138076;  1.8590000000;  0.0447589028;  -0.0935331230;  17.2620653674;  2.8369517067;  2.5760000000;  -0.0397565045;  0.0821768698;  13.6191586496
0.00;  1.5640024662;  1.8590000000;  0.0449434531;  -0.0923346273;  17.4047089880;  2.8342549326;  2.5760000000;  -0.0393456457;  0.0811903670;  13.3391220447
0.00;  1.5591573535;  1.8590000000;  0.0456816155;  -0.0865822088;  17.9811225287;  2.8234698256;  2.5760000000;  -0.0377025135;  0.0792030532;  12.2482629133
0.00;  1.5631549528;  1.8590000000;  0.0450725734;  -0.0912095767;  17.5048583874;  2.8323682228;  2.5760000000;  -0.0390582017;  0.0809705822;  13.1449331274
0.00;  1.5619227854;  1.8590000000;  0.0452602965;  -0.0899219566;  17.6509742840;  2.8306351003;  2.5760000000;  -0.0387941571;  0.0798435810;  12.9678068574
0.00;  1.5569946582;  1.8590000000;  0.0460111063;  -0.0849831681;  18.2414452927;  2.8237039724;  2.5760000000;  -0.0377381862;  0.0751516495;  12.2714515864
0.00;  1.5610157094;  1.8590000000;  0.0453984913;  -0.0888406167;  17.7589274848;  2.8293592779;  2.5760000000;  -0.0385997831;  0.0786736612;  12.8381847439
0.00;  1.5608884252;  1.8590000000;  0.0454178833;  -0.0891378950;  17.7741022082;  2.8285421597;  2.5760000000;  -0.0384752935;  0.0779796577;  12.7555084858
0.00;  1.5608176874;  1.8590000000;  0.0454286604;  -0.0890666226;  17.7825383082;  2.8280874014;  2.5760000000;  -0.0384060102;  0.0775023821;  12.7096115895
0.00;  1.5610653538;  1.8590000000;  0.0453909279;  -0.0894605234;  17.7530106852;  2.8259870638;  2.5760000000;  -0.0380860196;  0.0765453090;  12.4987064100
0.00;  1.5612051410;  1.8590000000;  0.0453696310;  -0.0895870129;  17.7363556038;  2.8248024643;  2.5760000000;  -0.0379055436;  0.0760291844;  12.3805332515
0.00;  1.5611585343;  1.8590000000;  0.0453767317;  -0.0894993643;  17.7419077324;  2.8251973540;  2.5760000000;  -0.0379657058;  0.0762319682;  12.4198642455
0.00;  1.5611806830;  1.8590000000;  0.0453733573;  -0.0895588532;  17.7392691134;  2.8250096838;  2.5760000000;  -0.0379371139;  0.0761323692;  12.4011645299
0.00;  1.5611666633;  1.8590000000;  0.0453754932;  -0.0896097883;  17.7409392930;  2.8236996458;  2.5760000000;  -0.0377375270;  0.0758341858;  12.2710229098
0.00;  1.5611108602;  1.8590000000;  0.0453839949;  -0.0883426747;  17.7475879172;  2.8184624469;  2.5760000000;  -0.0369396295;  0.0744864832;  11.7576076349
0.00;  1.5611539201;  1.8590000000;  0.0453774346;  -0.0896368587;  17.7424574574;  2.8225069109;  2.5760000000;  -0.0375558115;  0.0755359153;  12.1531314212
0.00;  1.5614036297;  1.8590000000;  0.0453393909;  -0.0891797734;  17.7127199291;  2.8223228399;  2.5760000000;  -0.0375277679;  0.0750725005;  12.1349882941
