# frame	state	distance_A	charge_e	probe_x	probe_y	probe_z	nearest_atom	nearest_dist_A
24883	R	1.5	1.0	39.930715	17.769365	56.544308	O7	1.5000
24883	R	2.0	1.0	39.729619	17.386820	56.795744	O7	2.0000
24883	R	2.5	1.0	39.528524	17.004275	57.047179	O7	2.5000
24883	R	2.8	1.0	39.407867	16.774748	57.198041	O7	2.8000
24883	R	3.2	1.0	39.246991	16.468711	57.399190	O7	3.2000
24883	R	3.6	1.0	39.086115	16.162675	57.600338	O7	3.6000
24883	R	4.0	1.0	38.925239	15.856639	57.801487	O7	4.0000
24883	R	5.0	1.0	38.523049	15.091549	58.304359	O7	5.0000
24883	R	6.0	1.0	38.120858	14.326459	58.807231	O7	6.0000
24883	R	8.0	1.0	37.316478	12.796279	59.812974	O7	8.0000
24883	R	10.0	1.0	36.512097	11.266098	60.818718	O7	10.0000
24883	R	3.2	0.25	39.246991	16.468711	57.399190	O7	3.2000
24883	R	3.2	0.5	39.246991	16.468711	57.399190	O7	3.2000
24883	R	3.2	1.5	39.246991	16.468711	57.399190	O7	3.2000
24883	TS	1.5	1.0	40.223517	17.689231	56.969422	O7	1.5000
24883	TS	2.0	1.0	40.073093	17.319578	57.270634	O7	2.0000
24883	TS	2.5	1.0	39.922668	16.949924	57.571847	O7	2.5000
24883	TS	2.8	1.0	39.832414	16.728132	57.752574	O7	2.8000
24883	TS	3.2	1.0	39.712074	16.432409	57.993544	O7	3.2000
24883	TS	3.6	1.0	39.591734	16.136687	58.234514	O7	3.6000
24883	TS	4.0	1.0	39.471395	15.840964	58.475484	O7	4.0000
24883	TS	5.0	1.0	39.170546	15.101657	59.077908	O7	5.0000
24883	TS	6.0	1.0	38.869697	14.362351	59.680333	O7	6.0000
24883	TS	8.0	1.0	38.267999	12.883737	60.885183	O7	8.0000
24883	TS	10.0	1.0	37.666302	11.405124	62.090032	O7	10.0000
24883	TS	3.2	0.25	39.712074	16.432409	57.993544	O7	3.2000
24883	TS	3.2	0.5	39.712074	16.432409	57.993544	O7	3.2000
24883	TS	3.2	1.5	39.712074	16.432409	57.993544	O7	3.2000
20000	R	1.5	1.0	46.233698	25.280474	56.193191	O7	1.5000
20000	R	2.0	1.0	46.133264	24.835965	56.398922	O7	2.0000
20000	R	2.5	1.0	46.032830	24.391456	56.604652	O7	2.5000
20000	R	2.8	1.0	45.972570	24.124751	56.728091	O7	2.8000
20000	R	3.2	1.0	45.892223	23.769144	56.892675	O7	3.2000
20000	R	3.6	1.0	45.811876	23.413537	57.057259	O7	3.6000
20000	R	4.0	1.0	45.731528	23.057930	57.221844	O7	4.0000
20000	R	5.0	1.0	45.530660	22.168913	57.633305	O7	5.0000
20000	R	6.0	1.0	45.329793	21.279896	58.044766	O7	6.0000
20000	R	8.0	1.0	44.928057	19.501861	58.867688	O7	8.0000
20000	R	10.0	1.0	44.526321	17.723826	59.690610	O7	10.0000
20000	R	3.2	0.25	45.892223	23.769144	56.892675	O7	3.2000
20000	R	3.2	0.5	45.892223	23.769144	56.892675	O7	3.2000
20000	R	3.2	1.5	45.892223	23.769144	56.892675	O7	3.2000
20000	TS	1.5	1.0	46.410755	25.206450	56.505720	O7	1.5000
20000	TS	2.0	1.0	46.343438	24.774683	56.748712	O7	2.0000
20000	TS	2.5	1.0	46.276121	24.342915	56.991705	O7	2.5000
20000	TS	2.8	1.0	46.235731	24.083855	57.137500	O7	2.8000
20000	TS	3.2	1.0	46.181878	23.738441	57.331894	O7	3.2000
20000	TS	3.6	1.0	46.128025	23.393027	57.526289	O7	3.6000
20000	TS	4.0	1.0	46.074171	23.047613	57.720683	O7	4.0000
20000	TS	5.0	1.0	45.939538	22.184078	58.206668	O7	5.0000
20000	TS	6.0	1.0	45.804904	21.320544	58.692653	O7	6.0000
20000	TS	8.0	1.0	45.535637	19.593474	59.664624	O7	8.0000
20000	TS	10.0	1.0	45.266371	17.866405	60.636594	O7	10.0000
20000	TS	3.2	0.25	46.181878	23.738441	57.331894	O7	3.2000
20000	TS	3.2	0.5	46.181878	23.738441	57.331894	O7	3.2000
20000	TS	3.2	1.5	46.181878	23.738441	57.331894	O7	3.2000
43087	R	1.5	1.0	44.551570	19.132233	38.967930	O7	1.5000
43087	R	2.0	1.0	44.652093	18.779977	39.308240	O7	2.0000
43087	R	2.5	1.0	44.752616	18.427721	39.648550	O7	2.5000
43087	R	2.8	1.0	44.812930	18.216368	39.852736	O7	2.8000
43087	R	3.2	1.0	44.893349	17.934563	40.124984	O7	3.2000
43087	R	3.6	1.0	44.973767	17.652758	40.397232	O7	3.6000
43087	R	4.0	1.0	45.054186	17.370954	40.669480	O7	4.0000
43087	R	5.0	1.0	45.255232	16.666442	41.350101	O7	5.0000
43087	R	6.0	1.0	45.456278	15.961930	42.030721	O7	6.0000
43087	R	8.0	1.0	45.858371	14.552907	43.391961	O7	8.0000
43087	R	10.0	1.0	46.260464	13.143884	44.753201	O6	9.9409
43087	R	3.2	0.25	44.893349	17.934563	40.124984	O7	3.2000
43087	R	3.2	0.5	44.893349	17.934563	40.124984	O7	3.2000
43087	R	3.2	1.5	44.893349	17.934563	40.124984	O7	3.2000
43087	TS	1.5	1.0	44.928814	19.021043	39.115736	O7	1.5000
43087	TS	2.0	1.0	45.081327	18.680924	39.448991	O7	2.0000
43087	TS	2.5	1.0	45.233840	18.340805	39.782246	O7	2.5000
43087	TS	2.8	1.0	45.325347	18.136733	39.982199	O7	2.8000
43087	TS	3.2	1.0	45.447357	17.864638	40.248803	O7	3.2000
43087	TS	3.6	1.0	45.569368	17.592543	40.515407	O7	3.6000
43087	TS	4.0	1.0	45.691378	17.320447	40.782011	O7	4.0000
43087	TS	5.0	1.0	45.996403	16.640209	41.448521	O7	5.0000
43087	TS	6.0	1.0	46.301429	15.959971	42.115030	O7	6.0000
43087	TS	8.0	1.0	46.911480	14.599494	43.448050	O7	8.0000
43087	TS	10.0	1.0	47.521531	13.239017	44.781069	O7	10.0000
43087	TS	3.2	0.25	45.447357	17.864638	40.248803	O7	3.2000
43087	TS	3.2	0.5	45.447357	17.864638	40.248803	O7	3.2000
43087	TS	3.2	1.5	45.447357	17.864638	40.248803	O7	3.2000
