# barrier ensemble, harvested by step19e_harvest_barriers.py
# barrier: kcal/mol, from the '<= CI' row of the path summary
# barrier_vac: kcal/mol, in vacuo at the same geometries
# energies: Eh. stab_*: kcal/mol, QM/MM minus in vacuo
# group: full_NAC frames are those reported in the write-up
frame	group	neb_converged	ci_image	D01	barrier	barrier_vac	E_ci_Eh	E_qmmm_R	E_qmmm_P	E_qm_R	E_qm_P	E_vac_R	E_vac_TS	E_vac_P	stab_R	stab_TS_total
02450	full_NAC	yes	5	0.969300	19.560000	18.249849	-1076.496110	-1076.527283	-1076.531863	-836.941227	-836.961184	-836.146953	-836.117870	-836.174385	-498.414077	-150839.622866
04085	full_NAC	yes	5	1.884700	23.180000	21.811173	-1075.960110	-1075.997046	-1075.997319	-836.901332	-836.916069	-836.146578	-836.111820	-836.168689	-473.615109	-150507.074389
09025	full_NAC	yes	5	0.827700	14.220000	16.231996	-1075.653260	-1075.675925	-1075.697986	-836.899414	-836.922532	-836.141452	-836.115584	-836.175368	-475.628437	-150312.160774
09900	full_NAC	yes	6	0.759000	9.810000	16.998477	-1076.434200	-1076.449828	-1076.482542	-836.885844	-836.914242	-836.142125	-836.115036	-836.176306	-466.690662	-150802.551929
10775	full_NAC	yes	6	0.882200	10.090000	16.670953	-1076.301290	-1076.317366	-1076.348810	-836.963134	-836.990312	-836.141621	-836.115054	-836.173434	-515.507732	-150719.138773
11630	full_NAC	yes	4	1.608500	12.930000	16.789321	-1076.037740	-1076.058351	-1076.081158	-836.926122	-836.954176	-836.144677	-836.117921	-836.177099	-490.364217	-150551.959172
12485	full_NAC	yes	4	1.880300	13.080000	17.835207	-1076.586310	-1076.607152	-1076.630404	-836.963081	-836.979449	-836.147263	-836.118840	-836.171417	-511.933707	-150895.615316
14155	full_NAC	yes	6	0.813900	11.590000	16.401094	-1076.105160	-1076.123628	-1076.149697	-836.924762	-836.947784	-836.141641	-836.115504	-836.173938	-491.415840	-150595.782755
17505	full_NAC	yes	5	0.851400	17.520000	19.375018	-1075.983670	-1076.011592	-1076.029437	-836.967747	-836.999112	-836.145617	-836.114741	-836.177028	-515.893918	-150520.025232
19185	full_NAC	yes	6	1.062800	4.480000	16.015327	-1075.514810	-1075.521953	-1075.559444	-836.953263	-836.979454	-836.138801	-836.113279	-836.174619	-511.082776	-150226.729049
20000	full_NAC							-1076.098627	-1076.125399	-836.957620	-836.981695					
21634	full_NAC							-1076.356373	-1076.390687	-836.906032	-836.938192					
23268	full_NAC							-1076.029327	-1076.073860	-836.926428	-836.965494					
24883	full_NAC	yes	5	0.672600	12.970000		-1076.115250	-1076.135917	-1076.159998	-836.918364	-836.951508					
26495	full_NAC	yes	6	0.803100	15.970000		-1075.772550	-1075.797996	-1075.814651	-836.878470	-836.901739					
33320	full_NAC							-1075.722746	-1075.756097	-836.949884	-836.979759					
34991	full_NAC	yes	6	0.778800	18.640000		-1077.062720	-1077.092431	-1077.106222	-836.945553	-836.972571					
36665	full_NAC							-1075.855125	-1075.886761	-836.921245	-836.959636					
38344	full_NAC							-1076.506452	-1076.526823	-836.952010	-836.980032					
40485	full_NAC							-1075.843298	-1075.850092	-836.844536	-836.848731					
41786	full_NAC							-1075.680501	-1075.701067	-836.914536	-836.943719					
42436	full_NAC							-1075.970302	-1075.998731	-836.950829	-836.977278					
43087	full_NAC							-1076.670700	-1076.693160	-836.948118	-836.973180					
43738	full_NAC	yes	6	0.919100	14.780000		-1076.170190	-1076.193742	-1076.209088	-836.936115	-836.958467					
44388	full_NAC							-1077.142343	-1077.157804	-836.922377	-836.945670					
45688	full_NAC							-1076.562567	-1076.590773	-836.870688	-836.891085					
46990	full_NAC							-1076.036256	-1076.052353	-836.901984	-836.927922					
47641	full_NAC							-1075.176847	-1075.208771	-836.875495	-836.906016					
48292	full_NAC							-1074.552193	-1074.565584	-836.901725	-836.923668					
49592	full_NAC							-1075.318065	-1075.356424	-836.865440	-836.903091					
50892	full_NAC							-1075.581519	-1075.591432	-836.914358	-836.940141					
52192	full_NAC							-1074.647612	-1074.662800	-836.882428	-836.894872					
53493	full_NAC							-1075.621578	-1075.639518	-836.921794	-836.953366					
54144	full_NAC							-1076.125350	-1076.133328	-836.938393	-836.961715					
54795	full_NAC							-1075.585252	-1075.612820	-836.931259	-836.963309					
55446	full_NAC							-1074.716995	-1074.731537	-836.915762	-836.945364					
56098	full_NAC							-1075.660972	-1075.687910	-836.945431	-836.971800					
57397	full_NAC							-1075.798896	-1075.826918	-836.980924	-837.010617					
58698	full_NAC							-1075.385081	-1075.405001	-836.886579	-836.910751					
59999	full_NAC							-1076.277618	-1076.305984	-836.962196	-836.982149					
05680	near_NAC	yes	7	0.799000	15.120000	26.155837	-1076.269090	-1076.293185	-1076.309958	-836.929151	-836.943540	-836.147731	-836.106049	-836.166118	-490.348592	-150704.583590
07310	near_NAC	yes	6	0.787000	11.630000	19.453877	-1075.147800	-1075.166332	-1075.197480	-836.915649	-836.935233	-836.146503	-836.115502	-836.178490	-482.646008	-149995.031772
15825	near_NAC	yes	5	1.598800	25.260000	22.645428	-1076.153800	-1076.194049	-1076.187371	-836.887872	-836.896002	-836.152134	-836.116047	-836.173480	-461.682262	-150625.964449
08170	other	yes	0	1.229200	0.000000		-1075.549740	-1075.549743	-1075.581607	-836.958473	-836.984093	-836.143615		-836.175361	-511.331321	
