run	cycles	converged	centroid_shift	rotation	internal_rmsd	C1C6_start	C1C6_final	max_bond_change	nearest_O	d_nearest_O	d_O3	verdict	integrity	mode	d_nearest_NO	d_CZ_O	cc_moved	cc_closest	cc_closest_atom	NE_O2	NH2_O3	CZ_O3
arma_anch	40	True	0.7167	18.0220	1.2871	3.1584	4.6734	0.0830	O2	0.9507	3.6073	collapse										
arma_free	30	True	0.0000	12.4172	2.3521	3.1584	5.4516	0.0992	O2	1.0242	4.0810	collapse										
arma_freecart	213	True	1.1695	24.6504	1.2624	3.1584	4.1482	0.0838	O2	0.9517	3.5701	collapse										
armb_anch	46	True	0.6395	25.6611	0.9914	3.1584	3.7129	0.0363	O2	2.7109	3.1028	reported	True									
armb_free	25	True	0.0000	2.1892	1.4164	3.1584	4.2692	0.0343	O2	2.5631	3.4618	pass	True									
armb_freecart	195	True	1.1041	4.6284	0.7954	3.1584	3.8380	0.0421	O2	2.5372	2.7070	pass	True									
armc_anch	161	True	0.9858	41.1072	1.2111	3.1584	4.3180	0.0335				fail	True	O2+O3+O4	2.6536	3.0101	1.6496	1.6869	H8	2.6536	2.7905	3.7092
armc_free	130	True	5.8481	133.3443	1.4066	3.1584	4.3692	0.0332				mode O2+O3+O4	True	O2+O3+O4	2.7121	3.0946	1.1821	2.0905	H8	2.7121	2.7706	3.3339
armc_freecart	222	True	1.4055	30.9645	1.4048	3.1584	4.3761	0.0332				mode O2+O3+O4	True	O2+O3+O4	2.7139	3.0910	1.7096	2.0869	H8	2.7139	2.7695	3.3355
