frame	Rstar_label	Rstar_A	eps_label	eps_kcal	start_O	minimum_nearest_O	contact_A
20000	Na	1.3690	Na	0.087439	carbA	carbA	2.1875
20000	Na	1.3690	Na	0.087439	carbB	carbB	2.2009
20000	Na	1.3690	Na	0.087439	ether	carbA	
20000	Na	1.3690	Na	0.087439	hydroxyl	carbB	
20000	N	1.8240	N	0.170000	carbA	carbA	2.5996
20000	N	1.8240	N	0.170000	carbB	carbA	
20000	N	1.8240	N	0.170000	ether	carbA	
20000	N	1.8240	N	0.170000	hydroxyl	hydroxyl	2.8462
21634	Na	1.3690	Na	0.087439	carbA	carbA	2.1891
21634	Na	1.3690	Na	0.087439	carbB	carbB	2.2074
21634	Na	1.3690	Na	0.087439	ether	carbA	
21634	Na	1.3690	Na	0.087439	hydroxyl	carbB	
21634	N	1.8240	N	0.170000	carbA	carbA	2.5932
21634	N	1.8240	N	0.170000	carbB	carbB	2.8716
21634	N	1.8240	N	0.170000	ether	carbA	
21634	N	1.8240	N	0.170000	hydroxyl	carbA	
23268	Na	1.3690	Na	0.087439	carbA	carbA	2.1901
23268	Na	1.3690	Na	0.087439	carbB	carbB	2.2050
23268	Na	1.3690	Na	0.087439	ether	carbA	
23268	Na	1.3690	Na	0.087439	hydroxyl	carbB	
23268	N	1.8240	N	0.170000	carbA	carbA	2.5961
23268	N	1.8240	N	0.170000	carbB	carbB	2.8026
23268	N	1.8240	N	0.170000	ether	carbA	
23268	N	1.8240	N	0.170000	hydroxyl	carbB	
24883	Na	1.3690	Na	0.087439	carbA	carbA	2.1885
24883	Na	1.3690	Na	0.087439	carbB	carbB	2.2087
24883	Na	1.3690	Na	0.087439	ether	carbA	
24883	Na	1.3690	Na	0.087439	hydroxyl	carbB	
24883	Na	1.3690	N	0.170000	carbA	carbA	2.2460
24883	Na	1.3690	N	0.170000	carbB	carbB	2.2688
24883	Na	1.3690	N	0.170000	ether	carbA	
24883	Na	1.3690	N	0.170000	hydroxyl	carbB	
24883	Na	1.3690	2xN	0.340000	carbA	carbA	2.3066
24883	Na	1.3690	2xN	0.340000	carbB	carbB	2.3332
24883	Na	1.3690	2xN	0.340000	ether	carbA	
24883	Na	1.3690	2xN	0.340000	hydroxyl	carbB	
24883	N	1.8240	Na	0.087439	carbA	carbA	2.5255
24883	N	1.8240	Na	0.087439	carbB	carbA	
24883	N	1.8240	Na	0.087439	ether	carbA	
24883	N	1.8240	Na	0.087439	hydroxyl	carbB	
24883	N	1.8240	N	0.170000	carbA	carbA	2.5929
24883	N	1.8240	N	0.170000	carbB	carbB	2.7905
24883	N	1.8240	N	0.170000	ether	carbA	
24883	N	1.8240	N	0.170000	hydroxyl	carbA	
24883	N	1.8240	2xN	0.340000	carbA	carbA	2.6644
24883	N	1.8240	2xN	0.340000	carbB	carbA	
24883	N	1.8240	2xN	0.340000	ether	carbA	
24883	N	1.8240	2xN	0.340000	hydroxyl	carbB	
24883	N+5%	1.9152	Na	0.087439	carbA	carbA	2.5939
24883	N+5%	1.9152	Na	0.087439	carbB	carbB	2.7910
24883	N+5%	1.9152	Na	0.087439	ether	carbA	
24883	N+5%	1.9152	Na	0.087439	hydroxyl	carbA	
24883	N+5%	1.9152	N	0.170000	carbA	carbA	2.6634
24883	N+5%	1.9152	N	0.170000	carbB	carbB	2.8736
24883	N+5%	1.9152	N	0.170000	ether	carbA	
24883	N+5%	1.9152	N	0.170000	hydroxyl	carbB	
24883	N+5%	1.9152	2xN	0.340000	carbA	carbA	2.7374
24883	N+5%	1.9152	2xN	0.340000	carbB	carbB	2.9725
24883	N+5%	1.9152	2xN	0.340000	ether	carbA	
24883	N+5%	1.9152	2xN	0.340000	hydroxyl	carbB	
24883	N+10%	2.0064	Na	0.087439	carbA	carbA	2.6625
24883	N+10%	2.0064	Na	0.087439	carbB	carbA	
24883	N+10%	2.0064	Na	0.087439	ether	carbA	
24883	N+10%	2.0064	Na	0.087439	hydroxyl	carbB	
24883	N+10%	2.0064	N	0.170000	carbA	carbA	2.7342
24883	N+10%	2.0064	N	0.170000	carbB	carbB	2.9685
24883	N+10%	2.0064	N	0.170000	ether	carbA	
24883	N+10%	2.0064	N	0.170000	hydroxyl	carbB	
24883	N+10%	2.0064	2xN	0.340000	carbA	carbA	2.8096
24883	N+10%	2.0064	2xN	0.340000	carbB	carbB	3.1024
24883	N+10%	2.0064	2xN	0.340000	ether	carbA	
24883	N+10%	2.0064	2xN	0.340000	hydroxyl	carbB	
26495	Na	1.3690	Na	0.087439	carbA	carbA	2.1856
26495	Na	1.3690	Na	0.087439	carbB	carbB	2.2056
26495	Na	1.3690	Na	0.087439	ether	carbA	
26495	Na	1.3690	Na	0.087439	hydroxyl	carbB	
26495	N	1.8240	N	0.170000	carbA	carbA	2.5910
26495	N	1.8240	N	0.170000	carbB	carbB	2.8589
26495	N	1.8240	N	0.170000	ether	carbA	
26495	N	1.8240	N	0.170000	hydroxyl	carbB	
33320	Na	1.3690	Na	0.087439	carbA	carbA	2.2005
33320	Na	1.3690	Na	0.087439	carbB	carbB	2.2042
33320	Na	1.3690	Na	0.087439	ether	carbA	
33320	Na	1.3690	Na	0.087439	hydroxyl	carbB	
33320	N	1.8240	N	0.170000	carbA	carbA	2.6214
33320	N	1.8240	N	0.170000	carbB	carbA	
33320	N	1.8240	N	0.170000	ether	carbA	
33320	N	1.8240	N	0.170000	hydroxyl	carbA	
34991	Na	1.3690	Na	0.087439	carbA	carbA	2.1967
34991	Na	1.3690	Na	0.087439	carbB	carbB	2.2067
34991	Na	1.3690	Na	0.087439	ether	carbA	
34991	Na	1.3690	Na	0.087439	hydroxyl	carbB	
34991	N	1.8240	N	0.170000	carbA	carbA	2.6040
34991	N	1.8240	N	0.170000	carbB	carbB	2.6272
34991	N	1.8240	N	0.170000	ether	carbA	
34991	N	1.8240	N	0.170000	hydroxyl	carbB	
36665	Na	1.3690	Na	0.087439	carbA	carbA	2.1863
36665	Na	1.3690	Na	0.087439	carbB	carbB	2.1979
36665	Na	1.3690	Na	0.087439	ether	carbA	
36665	Na	1.3690	Na	0.087439	hydroxyl	hydroxyl	2.3299
36665	N	1.8240	N	0.170000	carbA	carbA	2.5909
36665	N	1.8240	N	0.170000	carbB	carbA	
36665	N	1.8240	N	0.170000	ether	carbA	
36665	N	1.8240	N	0.170000	hydroxyl	carbA	
38344	Na	1.3690	Na	0.087439	carbA	carbA	2.1993
38344	Na	1.3690	Na	0.087439	carbB	carbB	2.2077
38344	Na	1.3690	Na	0.087439	ether	carbA	
38344	Na	1.3690	Na	0.087439	hydroxyl	carbB	
38344	N	1.8240	N	0.170000	carbA	carbA	2.7805
38344	N	1.8240	N	0.170000	carbB	carbA	
38344	N	1.8240	N	0.170000	ether	carbA	
38344	N	1.8240	N	0.170000	hydroxyl	hydroxyl	2.9133
40485	Na	1.3690	Na	0.087439	carbA	carbA	2.1982
40485	Na	1.3690	Na	0.087439	carbB	carbB	2.2053
40485	Na	1.3690	Na	0.087439	ether	carbA	
40485	Na	1.3690	Na	0.087439	hydroxyl	carbB	
40485	N	1.8240	N	0.170000	carbA	carbA	2.6108
40485	N	1.8240	N	0.170000	carbB	carbB	2.7612
40485	N	1.8240	N	0.170000	ether	carbA	
40485	N	1.8240	N	0.170000	hydroxyl	carbB	
41786	Na	1.3690	Na	0.087439	carbA	carbA	2.1878
41786	Na	1.3690	Na	0.087439	carbB	carbB	2.2055
41786	Na	1.3690	Na	0.087439	ether	carbA	
41786	Na	1.3690	Na	0.087439	hydroxyl	carbB	
41786	Na	1.3690	N	0.170000	carbA	carbA	2.2456
41786	Na	1.3690	N	0.170000	carbB	carbB	2.2663
41786	Na	1.3690	N	0.170000	ether	carbA	
41786	Na	1.3690	N	0.170000	hydroxyl	carbB	
41786	Na	1.3690	2xN	0.340000	carbA	carbA	2.3065
41786	Na	1.3690	2xN	0.340000	carbB	carbB	2.3318
41786	Na	1.3690	2xN	0.340000	ether	carbA	
41786	Na	1.3690	2xN	0.340000	hydroxyl	carbB	
41786	N	1.8240	Na	0.087439	carbA	carbA	2.5265
41786	N	1.8240	Na	0.087439	carbB	carbB	2.7005
41786	N	1.8240	Na	0.087439	ether	carbA	
41786	N	1.8240	Na	0.087439	hydroxyl	carbB	
41786	N	1.8240	N	0.170000	carbA	carbA	2.5948
41786	N	1.8240	N	0.170000	carbB	carbA	
41786	N	1.8240	N	0.170000	ether	carbA	
41786	N	1.8240	N	0.170000	hydroxyl	carbB	
41786	N	1.8240	2xN	0.340000	carbA	carbA	2.6691
41786	N	1.8240	2xN	0.340000	carbB	carbB	2.8643
41786	N	1.8240	2xN	0.340000	ether	carbA	
41786	N	1.8240	2xN	0.340000	hydroxyl	carbB	
41786	N+5%	1.9152	Na	0.087439	carbA	carbA	2.5956
41786	N+5%	1.9152	Na	0.087439	carbB	carbA	
41786	N+5%	1.9152	Na	0.087439	ether	carbA	
41786	N+5%	1.9152	Na	0.087439	hydroxyl	carbB	
41786	N+5%	1.9152	N	0.170000	carbA	carbA	2.6670
41786	N+5%	1.9152	N	0.170000	carbB	carbA	
41786	N+5%	1.9152	N	0.170000	ether	carbA	
41786	N+5%	1.9152	N	0.170000	hydroxyl	carbA	
41786	N+5%	1.9152	2xN	0.340000	carbA	carbA	2.7435
41786	N+5%	1.9152	2xN	0.340000	carbB	carbB	2.9715
41786	N+5%	1.9152	2xN	0.340000	ether	carbA	
41786	N+5%	1.9152	2xN	0.340000	hydroxyl	carbA	
41786	N+10%	2.0064	Na	0.087439	carbA	carbA	2.6655
41786	N+10%	2.0064	Na	0.087439	carbB	carbB	2.8621
41786	N+10%	2.0064	Na	0.087439	ether	carbA	
41786	N+10%	2.0064	Na	0.087439	hydroxyl	carbB	
41786	N+10%	2.0064	N	0.170000	carbA	carbA	2.7396
41786	N+10%	2.0064	N	0.170000	carbB	carbB	2.9668
41786	N+10%	2.0064	N	0.170000	ether	carbA	
41786	N+10%	2.0064	N	0.170000	hydroxyl	carbB	
41786	N+10%	2.0064	2xN	0.340000	carbA	carbA	2.8150
41786	N+10%	2.0064	2xN	0.340000	carbB	carbA	
41786	N+10%	2.0064	2xN	0.340000	ether	carbA	
41786	N+10%	2.0064	2xN	0.340000	hydroxyl	carbA	
42436	Na	1.3690	Na	0.087439	carbA	carbA	2.1916
42436	Na	1.3690	Na	0.087439	carbB	carbB	2.1963
42436	Na	1.3690	Na	0.087439	ether	carbA	
42436	Na	1.3690	Na	0.087439	hydroxyl	carbB	
42436	N	1.8240	N	0.170000	carbA	carbA	2.5998
42436	N	1.8240	N	0.170000	carbB	carbA	
42436	N	1.8240	N	0.170000	ether	carbA	
42436	N	1.8240	N	0.170000	hydroxyl	hydroxyl	2.8565
43087	Na	1.3690	Na	0.087439	carbA	carbA	2.1946
43087	Na	1.3690	Na	0.087439	carbB	carbB	2.2110
43087	Na	1.3690	Na	0.087439	ether	carbA	
43087	Na	1.3690	Na	0.087439	hydroxyl	carbB	
43087	N	1.8240	N	0.170000	carbA	carbA	2.6016
43087	N	1.8240	N	0.170000	carbB	carbB	2.7705
43087	N	1.8240	N	0.170000	ether	carbA	
43087	N	1.8240	N	0.170000	hydroxyl	hydroxyl	2.8926
43738	Na	1.3690	Na	0.087439	carbA	carbA	2.1984
43738	Na	1.3690	Na	0.087439	carbB	carbB	2.1919
43738	Na	1.3690	Na	0.087439	ether	carbA	
43738	Na	1.3690	Na	0.087439	hydroxyl	carbB	
43738	N	1.8240	N	0.170000	carbA	carbA	2.6150
43738	N	1.8240	N	0.170000	carbB	carbB	2.6231
43738	N	1.8240	N	0.170000	ether	carbA	
43738	N	1.8240	N	0.170000	hydroxyl	carbB	
44388	Na	1.3690	Na	0.087439	carbA	carbA	2.1906
44388	Na	1.3690	Na	0.087439	carbB	carbB	2.2093
44388	Na	1.3690	Na	0.087439	ether	carbA	
44388	Na	1.3690	Na	0.087439	hydroxyl	carbB	
44388	N	1.8240	N	0.170000	carbA	carbA	2.5940
44388	N	1.8240	N	0.170000	carbB	carbB	2.7855
44388	N	1.8240	N	0.170000	ether	carbA	
44388	N	1.8240	N	0.170000	hydroxyl	hydroxyl	2.8422
45688	Na	1.3690	Na	0.087439	carbA	carbA	2.1947
45688	Na	1.3690	Na	0.087439	carbB	carbB	2.2040
45688	Na	1.3690	Na	0.087439	ether	carbA	
45688	Na	1.3690	Na	0.087439	hydroxyl	carbB	
45688	N	1.8240	N	0.170000	carbA	carbA	2.6009
45688	N	1.8240	N	0.170000	carbB	carbB	2.6410
45688	N	1.8240	N	0.170000	ether	carbA	
45688	N	1.8240	N	0.170000	hydroxyl	carbB	
46990	Na	1.3690	Na	0.087439	carbA	carbA	2.1947
46990	Na	1.3690	Na	0.087439	carbB	carbB	2.2029
46990	Na	1.3690	Na	0.087439	ether	carbA	
46990	Na	1.3690	Na	0.087439	hydroxyl	carbB	
46990	N	1.8240	N	0.170000	carbA	carbA	2.6089
46990	N	1.8240	N	0.170000	carbB	carbB	2.6870
46990	N	1.8240	N	0.170000	ether	carbA	
46990	N	1.8240	N	0.170000	hydroxyl	carbB	
47641	Na	1.3690	Na	0.087439	carbA	carbA	2.1995
47641	Na	1.3690	Na	0.087439	carbB	carbB	2.1964
47641	Na	1.3690	Na	0.087439	ether	carbA	
47641	Na	1.3690	Na	0.087439	hydroxyl	carbB	
47641	N	1.8240	N	0.170000	carbA	carbA	2.6195
47641	N	1.8240	N	0.170000	carbB	carbB	2.7358
47641	N	1.8240	N	0.170000	ether	carbA	
47641	N	1.8240	N	0.170000	hydroxyl	carbB	
48292	Na	1.3690	Na	0.087439	carbA	carbA	2.1967
48292	Na	1.3690	Na	0.087439	carbB	carbB	2.1968
48292	Na	1.3690	Na	0.087439	ether	carbA	
48292	Na	1.3690	Na	0.087439	hydroxyl	carbB	
48292	N	1.8240	N	0.170000	carbA	carbA	2.6031
48292	N	1.8240	N	0.170000	carbB	carbB	2.6137
48292	N	1.8240	N	0.170000	ether	carbA	
48292	N	1.8240	N	0.170000	hydroxyl	carbB	
49592	Na	1.3690	Na	0.087439	carbA	carbA	2.1894
49592	Na	1.3690	Na	0.087439	carbB	carbB	2.1986
49592	Na	1.3690	Na	0.087439	ether	carbA	
49592	Na	1.3690	Na	0.087439	hydroxyl	carbB	
49592	N	1.8240	N	0.170000	carbA	carbA	2.5943
49592	N	1.8240	N	0.170000	carbB	carbA	
49592	N	1.8240	N	0.170000	ether	carbA	
49592	N	1.8240	N	0.170000	hydroxyl	carbB	
50892	Na	1.3690	Na	0.087439	carbA	carbA	2.1985
50892	Na	1.3690	Na	0.087439	carbB	carbB	2.2053
50892	Na	1.3690	Na	0.087439	ether	carbA	
50892	Na	1.3690	Na	0.087439	hydroxyl	carbB	
50892	N	1.8240	N	0.170000	carbA	carbA	2.6116
50892	N	1.8240	N	0.170000	carbB	carbB	2.6892
50892	N	1.8240	N	0.170000	ether	carbA	
50892	N	1.8240	N	0.170000	hydroxyl	carbB	
52192	Na	1.3690	Na	0.087439	carbA	carbA	2.1981
52192	Na	1.3690	Na	0.087439	carbB	carbB	2.1947
52192	Na	1.3690	Na	0.087439	ether	carbA	
52192	Na	1.3690	Na	0.087439	hydroxyl	carbB	
52192	N	1.8240	N	0.170000	carbA	carbA	2.6050
52192	N	1.8240	N	0.170000	carbB	carbB	2.6103
52192	N	1.8240	N	0.170000	ether	carbA	
52192	N	1.8240	N	0.170000	hydroxyl	carbB	
53493	Na	1.3690	Na	0.087439	carbA	carbA	2.2011
53493	Na	1.3690	Na	0.087439	carbB	carbB	2.2034
53493	Na	1.3690	Na	0.087439	ether	carbA	
53493	Na	1.3690	Na	0.087439	hydroxyl	carbB	
53493	N	1.8240	N	0.170000	carbA	carbA	2.6139
53493	N	1.8240	N	0.170000	carbB	carbA	
53493	N	1.8240	N	0.170000	ether	carbA	
53493	N	1.8240	N	0.170000	hydroxyl	carbA	
54144	Na	1.3690	Na	0.087439	carbA	carbA	2.1910
54144	Na	1.3690	Na	0.087439	carbB	carbB	2.1999
54144	Na	1.3690	Na	0.087439	ether	carbA	
54144	Na	1.3690	Na	0.087439	hydroxyl	carbB	
54144	N	1.8240	N	0.170000	carbA	carbA	2.5961
54144	N	1.8240	N	0.170000	carbB	carbB	2.6316
54144	N	1.8240	N	0.170000	ether	carbA	
54144	N	1.8240	N	0.170000	hydroxyl	carbB	
54795	Na	1.3690	Na	0.087439	carbA	carbA	2.1882
54795	Na	1.3690	Na	0.087439	carbB	carbB	2.2013
54795	Na	1.3690	Na	0.087439	ether	carbA	
54795	Na	1.3690	Na	0.087439	hydroxyl	carbB	
54795	N	1.8240	N	0.170000	carbA	carbA	2.5964
54795	N	1.8240	N	0.170000	carbB	carbB	2.6368
54795	N	1.8240	N	0.170000	ether	carbA	
54795	N	1.8240	N	0.170000	hydroxyl	carbB	
55446	Na	1.3690	Na	0.087439	carbA	carbA	2.1967
55446	Na	1.3690	Na	0.087439	carbB	carbB	2.1994
55446	Na	1.3690	Na	0.087439	ether	carbA	
55446	Na	1.3690	Na	0.087439	hydroxyl	carbB	
55446	Na	1.3690	N	0.170000	carbA	carbA	2.2547
55446	Na	1.3690	N	0.170000	carbB	carbB	2.2581
55446	Na	1.3690	N	0.170000	ether	carbA	
55446	Na	1.3690	N	0.170000	hydroxyl	carbB	
55446	Na	1.3690	2xN	0.340000	carbA	carbA	2.3159
55446	Na	1.3690	2xN	0.340000	carbB	carbB	2.3202
55446	Na	1.3690	2xN	0.340000	ether	carbA	
55446	Na	1.3690	2xN	0.340000	hydroxyl	carbB	
55446	N	1.8240	Na	0.087439	carbA	carbA	2.5387
55446	N	1.8240	Na	0.087439	carbB	carbB	2.5503
55446	N	1.8240	Na	0.087439	ether	carbA	
55446	N	1.8240	Na	0.087439	hydroxyl	carbB	
55446	N	1.8240	N	0.170000	carbA	carbA	2.6083
55446	N	1.8240	N	0.170000	carbB	carbB	2.6254
55446	N	1.8240	N	0.170000	ether	carbA	
55446	N	1.8240	N	0.170000	hydroxyl	carbB	
55446	N	1.8240	2xN	0.340000	carbA	carbA	2.6856
55446	N	1.8240	2xN	0.340000	carbB	carbB	2.7164
55446	N	1.8240	2xN	0.340000	ether	carbA	
55446	N	1.8240	2xN	0.340000	hydroxyl	carbB	
55446	N+5%	1.9152	Na	0.087439	carbA	carbA	2.6092
55446	N+5%	1.9152	Na	0.087439	carbB	carbB	2.6264
55446	N+5%	1.9152	Na	0.087439	ether	carbA	
55446	N+5%	1.9152	Na	0.087439	hydroxyl	carbB	
55446	N+5%	1.9152	N	0.170000	carbA	carbA	2.6831
55446	N+5%	1.9152	N	0.170000	carbB	carbB	2.7433
55446	N+5%	1.9152	N	0.170000	ether	carbA	
55446	N+5%	1.9152	N	0.170000	hydroxyl	carbB	
55446	N+5%	1.9152	2xN	0.340000	carbA	carbA	2.7726
55446	N+5%	1.9152	2xN	0.340000	carbB	carbB	2.7949
55446	N+5%	1.9152	2xN	0.340000	ether	carbA	
55446	N+5%	1.9152	2xN	0.340000	hydroxyl	carbB	
55446	N+10%	2.0064	Na	0.087439	carbA	carbA	2.6814
55446	N+10%	2.0064	Na	0.087439	carbB	carbB	2.7181
55446	N+10%	2.0064	Na	0.087439	ether	carbA	
55446	N+10%	2.0064	Na	0.087439	hydroxyl	carbB	
55446	N+10%	2.0064	N	0.170000	carbA	carbA	2.7654
55446	N+10%	2.0064	N	0.170000	carbB	carbB	2.7952
55446	N+10%	2.0064	N	0.170000	ether	carbA	
55446	N+10%	2.0064	N	0.170000	hydroxyl	carbB	
55446	N+10%	2.0064	2xN	0.340000	carbA	carbA	2.8453
55446	N+10%	2.0064	2xN	0.340000	carbB	carbB	2.8759
55446	N+10%	2.0064	2xN	0.340000	ether	carbA	
55446	N+10%	2.0064	2xN	0.340000	hydroxyl	hydroxyl	3.1400
56098	Na	1.3690	Na	0.087439	carbA	carbA	2.2000
56098	Na	1.3690	Na	0.087439	carbB	carbB	2.1951
56098	Na	1.3690	Na	0.087439	ether	carbA	
56098	Na	1.3690	Na	0.087439	hydroxyl	carbB	
56098	N	1.8240	N	0.170000	carbA	carbA	2.6161
56098	N	1.8240	N	0.170000	carbB	carbB	2.6173
56098	N	1.8240	N	0.170000	ether	carbA	
56098	N	1.8240	N	0.170000	hydroxyl	carbB	
57397	Na	1.3690	Na	0.087439	carbA	carbA	2.1939
57397	Na	1.3690	Na	0.087439	carbB	carbB	2.2060
57397	Na	1.3690	Na	0.087439	ether	carbA	
57397	Na	1.3690	Na	0.087439	hydroxyl	carbB	
57397	N	1.8240	N	0.170000	carbA	carbA	2.5986
57397	N	1.8240	N	0.170000	carbB	carbB	2.7432
57397	N	1.8240	N	0.170000	ether	carbA	
57397	N	1.8240	N	0.170000	hydroxyl	carbB	
58698	Na	1.3690	Na	0.087439	carbA	carbA	2.1957
58698	Na	1.3690	Na	0.087439	carbB	carbB	2.2027
58698	Na	1.3690	Na	0.087439	ether	carbA	
58698	Na	1.3690	Na	0.087439	hydroxyl	hydroxyl	2.3484
58698	N	1.8240	N	0.170000	carbA	carbA	2.6045
58698	N	1.8240	N	0.170000	carbB	carbB	2.6289
58698	N	1.8240	N	0.170000	ether	carbA	
58698	N	1.8240	N	0.170000	hydroxyl	carbB	
59999	Na	1.3690	Na	0.087439	carbA	carbA	2.1930
59999	Na	1.3690	Na	0.087439	carbB	carbB	2.2060
59999	Na	1.3690	Na	0.087439	ether	carbA	
59999	Na	1.3690	Na	0.087439	hydroxyl	carbB	
59999	N	1.8240	N	0.170000	carbA	carbA	2.6003
59999	N	1.8240	N	0.170000	carbB	carbB	2.7044
59999	N	1.8240	N	0.170000	ether	carbA	
59999	N	1.8240	N	0.170000	hydroxyl	carbB	
