frame	site_Rstar_label	Rstar_A	eps_label	eps_kcal	ray_min_dO3_A	free_min_dO_A	free_nearest_O	free_dO3_A	free_nearest_atom_A	free_nearest_atom	E_kcal
20000	Na	1.3690	Na	0.087439	2.1825	2.1513	O2	2.3382	2.1513	O2	-161.5600
20000	N	1.8240	N	0.170000	2.5835	2.5861	O2	2.7880	2.5861	O2	-143.1346
21634	Na	1.3690	Na	0.087439	2.1800	2.1468	O2	2.3222	2.1468	O2	-163.0632
21634	N	1.8240	N	0.170000	2.5795	2.5785	O2	2.7631	2.5785	O2	-144.0572
23268	Na	1.3690	Na	0.087439	2.1810	2.1489	O2	2.3261	2.1489	O2	-162.3865
23268	N	1.8240	N	0.170000	2.5820	2.5793	O2	2.7642	2.5793	O2	-143.6307
24883	Na	1.3690	Na	0.087439	2.1790	2.1499	O2	2.3236	2.1499	O2	-163.4396
24883	Na	1.3690	N	0.170000	2.2360	2.2112	O2	2.3818	2.2112	O2	-160.8390
24883	Na	1.3690	2xN	0.340000	2.2955	2.3066	O1	4.8707	2.3066	O1	-172.3940
24883	N	1.8240	Na	0.087439	2.5140	2.5117	O2	2.6967	2.5117	O2	-146.8220
24883	N	1.8240	N	0.170000	2.5790	2.5847	O2	2.7673	2.5847	O2	-144.6283
24883	N	1.8240	2xN	0.340000	2.6465	2.6619	O2	2.8410	2.6619	O2	-142.6277
24883	N+5%	1.9152	Na	0.087439	2.5815	2.5860	O2	2.7744	2.5860	O2	-143.9746
24883	N+5%	1.9152	N	0.170000	2.6480	2.6614	O2	2.8478	2.6614	O2	-141.8540
24883	N+5%	1.9152	2xN	0.340000	2.7170	2.7412	O2	2.9243	2.7412	O2	-139.9297
24883	N+10%	2.0064	Na	0.087439	2.6490	2.6609	O2	2.8531	2.6609	O2	-141.2632
24883	N+10%	2.0064	N	0.170000	2.7170	2.7389	O2	2.9294	2.7389	O2	-139.2127
24883	N+10%	2.0064	2xN	0.340000	2.7875	2.8212	O2	3.0089	2.8212	O2	-137.3613
26495	Na	1.3690	Na	0.087439	2.1825	2.1522	O2	2.3312	2.1522	O2	-161.6486
26495	N	1.8240	N	0.170000	2.5830	2.5822	O2	2.7662	2.5822	O2	-143.1726
33320	Na	1.3690	Na	0.087439	2.1830	2.1516	O2	2.3389	2.1516	O2	-160.3359
33320	N	1.8240	N	0.170000	2.5855	2.5840	O2	2.7874	2.5840	O2	-142.0259
34991	Na	1.3690	Na	0.087439	2.1830	2.1469	O2	2.3154	2.1469	O2	-163.4946
34991	N	1.8240	N	0.170000	2.5805	2.5822	O2	2.7512	2.5822	O2	-144.5245
36665	Na	1.3690	Na	0.087439	2.1795	2.1485	O2	2.3286	2.1485	O2	-162.9158
36665	N	1.8240	N	0.170000	2.5805	2.5808	O2	2.7759	2.5808	O2	-144.0578
38344	Na	1.3690	Na	0.087439	2.1820	2.1993	O1	4.7302	2.1993	O1	-181.0993
38344	N	1.8240	N	0.170000	2.5845	2.5866	O2	2.8001	2.5866	O2	-142.9109
40485	Na	1.3690	Na	0.087439	2.1845	2.1516	O2	2.3345	2.1516	O2	-160.8445
40485	N	1.8240	N	0.170000	2.5855	2.5878	O2	2.7801	2.5878	O2	-142.5294
41786	Na	1.3690	Na	0.087439	2.1810	2.1487	O2	2.3300	2.1487	O2	-162.6028
41786	Na	1.3690	N	0.170000	2.2380	2.2101	O2	2.3885	2.2101	O2	-160.0126
41786	Na	1.3690	2xN	0.340000	2.2970	2.2750	O2	2.4493	2.2750	O2	-157.5951
41786	N	1.8240	Na	0.087439	2.5165	2.5105	O2	2.7073	2.5105	O2	-146.0813
41786	N	1.8240	N	0.170000	2.5810	2.5837	O2	2.7788	2.5837	O2	-143.9041
41786	N	1.8240	2xN	0.340000	2.6485	2.6611	O2	2.8533	2.6611	O2	-141.9205
41786	N+5%	1.9152	Na	0.087439	2.5835	2.5849	O2	2.7863	2.5849	O2	-143.2558
41786	N+5%	1.9152	N	0.170000	2.6500	2.6606	O2	2.8607	2.6606	O2	-141.1529
41786	N+5%	1.9152	2xN	0.340000	2.7190	2.7407	O2	2.9382	2.7407	O2	-139.2466
41786	N+10%	2.0064	Na	0.087439	2.6510	2.6600	O2	2.8665	2.6600	O2	-140.5669
41786	N+10%	2.0064	N	0.170000	2.7190	2.7382	O2	2.9440	2.7382	O2	-138.5353
41786	N+10%	2.0064	2xN	0.340000	2.7900	2.8210	O2	3.0249	2.8210	O2	-136.7031
42436	Na	1.3690	Na	0.087439	2.1805	2.1483	O2	2.3333	2.1483	O2	-162.3780
42436	N	1.8240	N	0.170000	2.5810	2.5822	O2	2.7850	2.5822	O2	-143.5650
43087	Na	1.3690	Na	0.087439	2.1795	2.1496	O2	2.3209	2.1496	O2	-164.9198
43087	N	1.8240	N	0.170000	2.5775	2.5929	O2	2.7701	2.5929	O2	-146.1100
43738	Na	1.3690	Na	0.087439	2.1850	2.1515	O2	2.3402	2.1515	O2	-160.5292
43738	N	1.8240	N	0.170000	2.5865	2.5900	O2	2.7935	2.5900	O2	-142.3567
44388	Na	1.3690	Na	0.087439	2.1780	2.1506	O2	2.3207	2.1506	O2	-164.3428
44388	N	1.8240	N	0.170000	2.5765	2.5879	O2	2.7661	2.5879	O2	-145.4136
45688	Na	1.3690	Na	0.087439	2.1800	2.1505	O2	2.3167	2.1505	O2	-164.0715
45688	N	1.8240	N	0.170000	2.5775	2.5906	O2	2.7570	2.5906	O2	-145.2816
46990	Na	1.3690	Na	0.087439	2.1820	2.1508	O2	2.3327	2.1508	O2	-162.0441
46990	N	1.8240	N	0.170000	2.5825	2.5888	O2	2.7853	2.5888	O2	-143.6320
47641	Na	1.3690	Na	0.087439	2.1810	2.1529	O2	2.3314	2.1529	O2	-162.3294
47641	N	1.8240	N	0.170000	2.5815	2.5949	O2	2.7859	2.5949	O2	-143.9989
48292	Na	1.3690	Na	0.087439	2.1835	2.1488	O2	2.3205	2.1488	O2	-162.6351
48292	N	1.8240	N	0.170000	2.5815	2.5826	O2	2.7544	2.5826	O2	-143.8158
49592	Na	1.3690	Na	0.087439	2.1805	2.1511	O2	2.3286	2.1511	O2	-162.3736
49592	N	1.8240	N	0.170000	2.5810	2.5843	O2	2.7712	2.5843	O2	-143.7138
50892	Na	1.3690	Na	0.087439	2.1820	2.1543	O2	2.3295	2.1543	O2	-161.4420
50892	N	1.8240	N	0.170000	2.5830	2.5929	O2	2.7763	2.5929	O2	-143.2041
52192	Na	1.3690	Na	0.087439	2.1825	2.1496	O2	2.3169	2.1496	O2	-162.9617
52192	N	1.8240	N	0.170000	2.5810	2.5869	O2	2.7525	2.5869	O2	-144.2018
53493	Na	1.3690	Na	0.087439	2.1815	2.2011	O1	4.7277	2.2011	O1	-179.9359
53493	N	1.8240	N	0.170000	2.5845	2.5864	O2	2.7933	2.5864	O2	-142.2894
54144	Na	1.3690	Na	0.087439	2.1810	2.1486	O2	2.3223	2.1486	O2	-163.0176
54144	N	1.8240	N	0.170000	2.5800	2.5826	O2	2.7627	2.5826	O2	-144.1457
54795	Na	1.3690	Na	0.087439	2.1835	2.1527	O2	2.3328	2.1527	O2	-161.0437
54795	N	1.8240	N	0.170000	2.5840	2.5870	O2	2.7736	2.5870	O2	-142.6688
55446	Na	1.3690	Na	0.087439	2.1830	2.1487	O2	2.3299	2.1487	O2	-161.4530
55446	Na	1.3690	N	0.170000	2.2400	2.2103	O2	2.3883	2.2103	O2	-158.8883
55446	Na	1.3690	2xN	0.340000	2.2990	2.2755	O2	2.4488	2.2755	O2	-156.5007
55446	N	1.8240	Na	0.087439	2.5190	2.5123	O2	2.7067	2.5123	O2	-145.1042
55446	N	1.8240	N	0.170000	2.5835	2.5859	O2	2.7773	2.5859	O2	-142.9660
55446	N	1.8240	2xN	0.340000	2.6510	2.6639	O2	2.8506	2.6639	O2	-141.0236
55446	N+5%	1.9152	Na	0.087439	2.5865	2.5872	O2	2.7852	2.5872	O2	-142.3172
55446	N+5%	1.9152	N	0.170000	2.6525	2.6634	O2	2.8585	2.6634	O2	-140.2543
55446	N+5%	1.9152	2xN	0.340000	2.7215	2.7441	O2	2.9346	2.7441	O2	-138.3900
55446	N+10%	2.0064	Na	0.087439	2.6540	2.6628	O2	2.8649	2.6628	O2	-139.6668
55446	N+10%	2.0064	N	0.170000	2.7220	2.7417	O2	2.9411	2.7417	O2	-137.6759
55446	N+10%	2.0064	2xN	0.340000	2.7925	2.8252	O2	3.0202	2.8252	O2	-135.8860
56098	Na	1.3690	Na	0.087439	2.1840	2.1522	O2	2.3360	2.1522	O2	-160.9367
56098	N	1.8240	N	0.170000	2.5850	2.5940	O2	2.7888	2.5940	O2	-142.7557
57397	Na	1.3690	Na	0.087439	2.1790	2.1500	O2	2.3170	2.1500	O2	-164.0049
57397	N	1.8240	N	0.170000	2.5770	2.5871	O2	2.7569	2.5871	O2	-145.0872
58698	Na	1.3690	Na	0.087439	2.1855	2.1442	O2	2.3256	2.1442	O2	-162.4838
58698	N	1.8240	N	0.170000	2.5840	2.5787	O2	2.7675	2.5787	O2	-143.5802
59999	Na	1.3690	Na	0.087439	2.1815	2.1496	O2	2.3240	2.1496	O2	-163.6438
59999	N	1.8240	N	0.170000	2.5800	2.5905	O2	2.7705	2.5905	O2	-144.9553
