row	idx	x	y	z	shell	standoff
0	0	55.4466	36.0585	48.6096	4.0	3.996
1	1	56.1877	31.2600	62.3452	4.0	3.997
2	2	59.5221	30.4109	62.1332	4.0	3.997
3	3	54.9787	37.7480	51.8856	3.0	2.995
4	4	59.0712	42.4236	59.8961	5.0	4.999
5	5	55.2057	28.7241	60.6566	4.0	3.996
6	6	66.2462	28.4643	55.3525	4.0	3.996
7	7	53.0737	37.9074	55.6023	3.0	2.997
8	8	56.1572	29.5324	62.4744	5.0	5.004
9	9	56.2675	39.6490	59.3794	3.0	2.995
10	10	54.4535	40.6860	58.1667	4.0	3.996
11	11	55.2979	37.2690	50.8369	3.0	2.995
12	12	56.8612	36.4986	49.6269	3.0	2.999
13	13	67.2863	31.2900	55.6534	4.0	3.998
14	14	63.0676	34.1318	62.0740	4.0	3.997
15	15	53.2929	33.4420	48.3252	5.0	4.997
16	16	49.0190	31.8876	53.5570	5.0	4.998
17	17	54.0447	25.8855	57.6026	5.0	4.998
18	18	52.6794	35.3009	61.9965	5.0	4.997
19	19	61.5149	41.0132	58.9404	4.0	3.997
20	20	49.7672	31.5999	58.3090	5.0	4.997
21	21	53.3463	37.6894	60.8623	4.0	3.997
22	22	57.4406	34.4684	64.2883	5.0	4.997
23	23	66.5705	27.6656	57.3511	5.0	4.996
24	24	65.0439	26.8329	58.3999	5.0	4.999
25	25	61.9464	37.5026	48.5937	5.0	4.996
26	26	66.2461	33.3254	50.7456	4.0	3.995
27	27	68.0171	33.2184	56.7531	5.0	4.996
28	28	52.5313	29.8095	60.6644	5.0	4.998
29	29	58.3585	27.1280	59.5675	4.0	3.997
30	30	53.1672	34.5916	48.4571	5.0	4.998
31	31	54.1497	31.6835	61.0796	4.0	4.014
32	32	50.4213	28.0974	54.6294	5.0	4.998
33	33	67.3359	28.9435	53.5294	5.0	4.998
34	34	65.6260	30.5160	60.7237	5.0	4.996
35	35	51.6862	29.6920	54.9011	3.0	2.995
36	36	53.9555	38.5125	52.7934	4.0	3.997
37	37	61.8597	37.3782	49.8726	4.0	3.997
38	38	59.3998	40.7484	54.3973	3.0	2.996
39	39	58.8998	32.8862	48.0784	4.0	3.997
40	40	51.5836	37.5190	57.1343	4.0	3.996
41	41	64.3608	26.8727	54.8567	4.0	3.997
42	42	52.6581	39.2931	58.0434	4.0	3.995
43	43	64.8546	36.1322	49.4397	5.0	4.999
44	44	62.2809	38.4973	52.0575	4.0	3.996
45	45	53.3953	31.1666	50.6703	3.0	2.996
46	46	53.6452	29.0875	50.5317	4.0	3.995
47	47	50.8026	30.9459	59.4532	5.0	4.996
48	48	60.2077	42.0590	57.5861	4.0	3.996
49	49	60.4531	30.7963	47.0622	5.0	4.997
50	50	56.7165	34.0491	47.9818	4.0	3.999
51	51	53.6116	36.6504	61.4115	4.0	3.997
52	52	63.4800	41.4113	56.9322	5.0	4.996
53	53	50.5425	37.2171	56.0313	5.0	4.998
54	54	57.2209	26.5049	60.2580	5.0	4.997
55	55	66.5341	37.3112	57.7771	5.0	4.999
56	56	55.4107	33.3547	63.7020	5.0	4.996
57	57	53.2375	36.5370	62.3959	5.0	4.996
58	58	61.1765	26.1319	50.7763	5.0	4.997
59	59	61.1022	26.3158	54.5681	4.0	3.997
60	60	52.4830	35.0486	49.1818	5.0	5.015
61	61	57.7065	31.0781	47.7900	5.0	4.999
62	62	55.1825	26.5468	57.7598	4.0	3.997
63	63	59.9654	43.1222	55.3626	5.0	4.998
64	64	61.0839	37.0324	49.1977	4.0	3.997
65	65	52.8006	26.4339	55.4793	5.0	4.998
66	66	52.6248	33.0215	61.1876	5.0	4.999
67	67	59.4987	37.8784	62.0222	4.0	3.998
68	68	56.6912	25.2081	57.8319	5.0	4.999
69	69	61.6562	27.3875	50.4990	4.0	3.996
70	70	64.0487	30.0786	48.8775	4.0	3.996
71	71	60.7563	32.6188	46.9037	5.0	4.997
72	72	57.0929	29.9512	50.8124	3.0	2.995
73	73	59.5951	37.1798	61.1331	3.0	2.995
74	74	50.2449	36.1501	55.2482	5.0	4.998
75	75	59.5491	27.0747	55.3351	3.0	2.995
76	76	63.8945	32.1042	59.6704	3.0	3.018
77	77	61.1007	29.0794	48.7631	4.0	3.996
78	78	51.6571	31.7457	50.6047	4.0	3.998
79	79	54.8902	36.9299	63.1339	5.0	4.997
80	80	55.0190	27.4725	55.8398	3.0	2.995
81	81	54.7459	39.1928	62.1961	5.0	4.996
82	82	52.9664	28.1797	57.7750	4.0	4.024
83	83	64.4093	32.3080	62.1459	5.0	4.996
84	84	56.7183	29.9084	61.6099	4.0	4.020
85	85	58.1995	36.5063	63.7578	5.0	4.998
86	86	57.8576	42.1932	60.1380	5.0	4.997
87	87	64.1685	28.8439	48.3609	5.0	4.997
88	88	60.3485	27.1333	49.3109	5.0	4.999
89	89	57.2658	32.2116	63.0849	4.0	3.998
90	90	53.6297	33.0902	62.3791	5.0	5.000
91	91	61.9700	27.4039	59.0633	4.0	4.000
92	92	59.8123	26.3225	60.2892	5.0	4.996
93	93	63.8944	35.3043	48.1838	5.0	4.998
94	94	65.0797	28.6426	55.9869	3.0	2.998
95	95	64.8206	33.2191	47.8311	5.0	4.998
96	96	51.5142	27.6742	52.7046	5.0	4.998
97	97	56.1314	41.9557	59.5630	5.0	4.998
98	98	54.3191	41.8594	57.0833	5.0	4.998
99	99	62.9061	39.1703	51.5693	5.0	4.997
100	100	63.9850	36.8013	51.5082	4.0	3.998
101	101	60.9103	26.9533	60.7132	5.0	4.997
102	102	51.4515	36.0601	55.0573	4.0	3.996
103	103	53.7676	39.1572	57.1292	3.0	2.996
104	104	53.6318	38.6985	61.9136	5.0	4.996
105	105	52.5921	31.0305	59.5624	4.0	4.013
106	106	53.0241	30.7974	58.5114	3.0	2.995
107	107	55.3805	34.5179	48.2944	4.0	3.995
108	108	55.0985	38.5262	61.5085	4.0	3.997
109	109	58.4633	30.4160	50.3875	3.0	2.997
110	110	57.7092	38.9708	52.7513	3.0	2.995
111	111	55.1124	31.3822	47.9472	5.0	4.997
112	112	63.6358	33.6146	48.4759	4.0	3.998
113	113	61.6737	37.8143	52.6620	3.0	2.995
114	114	53.6324	34.9373	62.6110	5.0	4.999
115	115	48.9165	31.2849	55.4008	5.0	4.999
116	116	61.3146	40.0668	52.8019	4.0	3.996
117	117	52.1503	32.4725	48.8346	5.0	4.997
118	118	61.4534	41.4878	55.1464	4.0	3.997
119	119	52.5245	37.0366	57.6232	3.0	2.997
120	120	61.1717	42.5302	58.6469	5.0	4.997
121	121	53.0127	38.8889	52.1416	5.0	4.998
122	122	64.0137	34.6246	59.8133	3.0	2.997
123	123	60.3483	36.4162	63.5894	5.0	4.999
124	124	57.4575	37.7757	62.2100	4.0	3.995
125	125	52.6506	37.2822	53.6812	4.0	4.011
126	126	64.7924	34.2817	62.0012	5.0	4.999
127	127	55.5352	25.1664	56.6904	5.0	4.998
128	128	57.3327	31.7043	49.7421	3.0	2.998
129	129	55.3255	38.5116	53.6534	3.0	2.997
130	130	56.5545	33.6885	62.0375	3.0	2.996
131	131	57.6251	42.3677	53.3721	5.0	4.998
132	132	62.3083	42.1939	55.2233	5.0	4.996
133	133	65.5468	34.1447	53.9930	3.0	2.995
134	134	53.9355	38.1687	59.5738	3.0	2.996
135	135	57.1791	40.8000	57.9418	3.0	2.994
136	136	50.7628	30.9992	57.8092	4.0	3.999
137	137	51.6774	28.5633	58.8338	5.0	4.997
138	138	60.5659	30.6667	61.8892	4.0	3.996
139	139	61.2135	37.8338	62.8444	5.0	4.998
140	140	66.7429	30.1324	53.7001	4.0	3.998
141	141	56.3069	28.4464	52.2792	3.0	2.994
142	142	61.7522	38.7866	49.7444	5.0	4.998
143	143	54.4492	29.3876	51.3406	3.0	2.993
144	144	57.2384	28.0273	53.1182	3.0	2.996
145	145	53.0037	30.8393	61.4067	5.0	4.997
146	146	50.8501	33.9507	57.6333	4.0	3.995
147	147	62.0581	42.4965	56.5143	5.0	4.997
148	148	60.0731	29.9420	62.8979	5.0	4.998
149	149	54.3473	30.5257	62.2034	5.0	4.998
150	150	66.2632	29.1153	59.5241	5.0	4.996
151	151	63.8954	27.8933	56.7384	3.0	2.996
152	152	54.2863	28.2380	57.5752	3.0	2.996
153	153	56.7649	42.6832	54.6070	5.0	4.998
154	154	62.5103	35.2791	63.3989	5.0	4.997
155	155	63.9944	36.1353	61.0110	4.0	4.001
156	156	57.6802	34.8175	49.0264	3.0	2.996
157	157	65.2680	34.2643	56.9966	3.0	2.995
158	158	52.3617	33.4902	51.3844	3.0	2.994
159	159	66.6758	33.1498	49.4764	5.0	4.998
160	160	49.4960	32.7125	57.8309	5.0	4.998
161	161	58.1179	29.9198	60.4100	3.0	3.037
162	162	56.6593	35.1405	47.0460	5.0	4.997
163	163	65.3011	28.0773	57.7628	4.0	3.996
164	164	50.9778	31.6743	56.0228	3.0	2.998
165	165	61.0448	42.8042	55.1921	5.0	4.997
166	166	63.3341	31.1212	61.1590	4.0	3.997
167	167	50.4871	32.7922	52.3809	4.0	3.998
168	168	62.1652	28.6181	50.5505	3.0	2.998
169	169	55.5158	40.2283	61.6519	5.0	4.998
170	170	51.3046	28.9039	53.5640	4.0	3.998
171	171	57.4918	37.5863	50.4125	3.0	2.995
172	172	59.7183	30.8044	49.4296	3.0	2.998
173	173	56.8884	28.0001	49.7137	5.0	4.998
174	174	54.2819	39.6481	60.0838	4.0	3.996
175	175	65.9150	30.5008	56.9235	3.0	2.997
176	176	58.0747	42.9515	54.5002	5.0	4.998
177	177	63.4658	35.5847	62.8813	5.0	4.997
178	178	50.5838	34.9186	50.9815	5.0	4.998
179	179	60.3697	33.2939	47.9874	4.0	4.003
180	180	61.1060	31.0710	60.8189	3.0	2.996
181	181	58.9206	41.7714	59.0082	4.0	3.998
182	182	55.2912	30.1718	61.3968	4.0	3.998
183	183	59.4261	37.5563	48.1112	5.0	4.998
184	184	55.5119	30.3053	48.2181	5.0	4.998
185	185	60.9373	42.0389	59.8525	5.0	4.998
186	186	60.4929	28.0367	51.7018	3.0	2.995
187	187	52.9424	35.3721	60.8827	4.0	3.995
188	188	59.3731	26.0422	57.4794	4.0	3.998
189	189	59.3191	42.8878	54.2414	5.0	4.997
190	190	66.2269	31.9321	54.7501	3.0	2.998
191	191	55.2643	38.0434	48.6366	5.0	4.996
192	192	56.6759	35.8873	61.5392	3.0	3.013
193	193	52.8016	40.5806	55.0638	5.0	4.998
194	194	59.8541	30.2901	60.5473	3.0	3.015
195	195	52.7594	32.8618	59.7359	4.0	3.999
196	196	62.9610	29.7504	61.7924	5.0	5.005
197	197	66.9059	32.9400	59.4549	5.0	4.997
198	198	55.5912	32.5511	49.6667	3.0	2.997
199	199	51.8352	36.1445	61.1752	5.0	4.998
200	200	57.6396	27.0348	51.1138	5.0	5.007
201	201	67.6634	29.8668	53.3127	5.0	4.999
202	202	60.7630	34.0412	47.0060	5.0	4.998
203	203	65.8503	35.2744	51.9676	4.0	3.996
204	204	64.9551	37.5376	54.6978	4.0	3.997
205	205	62.0751	26.8464	51.7741	4.0	3.998
206	206	66.3476	35.5933	50.6655	5.0	4.998
207	207	59.7195	31.4984	47.1242	5.0	4.998
208	208	67.8240	32.5794	57.8866	5.0	4.998
209	209	58.4320	36.6565	49.8689	3.0	2.994
210	210	53.6584	34.8657	50.9230	3.0	3.028
211	211	63.4981	39.5919	55.3360	4.0	3.995
212	212	54.1026	36.1445	48.1306	5.0	4.998
213	213	65.0890	30.1277	48.2545	5.0	4.999
214	214	56.7312	27.0418	59.3383	4.0	3.999
215	215	58.4516	41.0359	55.0082	3.0	2.995
216	216	66.6518	29.7518	50.0643	5.0	4.998
217	217	62.0920	29.8356	48.3535	4.0	3.998
218	218	62.1605	28.9049	60.3551	4.0	3.998
219	219	64.2325	29.8247	58.8751	3.0	2.999
220	220	62.8214	39.0233	56.4477	3.0	2.994
221	221	51.6727	32.8513	52.2017	3.0	2.997
222	222	60.7855	29.0593	59.7877	3.0	2.993
223	223	59.8297	43.2550	56.5173	5.0	4.997
224	224	53.4334	33.8264	59.1774	3.0	2.996
225	225	58.4312	26.6955	60.6315	5.0	4.995
226	226	63.1990	26.8662	49.8524	5.0	4.996
227	227	56.5612	32.3234	61.8036	3.0	2.995
228	228	60.6134	40.8817	55.6422	3.0	2.997
229	229	62.0097	32.8049	48.9149	3.0	2.997
230	230	50.1104	29.6739	52.2491	5.0	4.996
231	231	60.0004	24.9756	56.8008	5.0	4.998
232	232	63.2391	28.3184	51.5738	3.0	2.996
233	233	56.7909	39.0399	50.7083	4.0	3.996
234	234	60.0082	37.8211	51.2645	3.0	2.997
235	235	58.6443	32.3806	47.1989	5.0	4.996
236	236	54.8578	41.2889	60.0009	5.0	4.997
237	237	66.0746	32.9683	54.9259	3.0	2.995
238	238	51.8759	29.6545	58.3508	4.0	3.996
239	239	60.2280	42.7394	58.9039	5.0	4.997
240	240	60.5244	29.7133	47.3776	5.0	4.996
241	241	64.7013	29.7025	61.0650	5.0	4.997
242	242	58.7344	26.3794	54.2881	4.0	3.999
243	243	62.1080	39.9066	51.7861	5.0	4.998
244	244	65.7050	27.8931	56.2983	4.0	3.998
245	245	63.7300	26.0353	52.4437	5.0	4.997
246	246	63.1487	32.6912	47.0648	5.0	4.997
247	247	63.8535	33.5944	61.4488	4.0	4.004
248	248	57.9280	38.9664	48.9976	5.0	4.997
249	249	60.6077	41.0569	61.1921	5.0	4.997
250	250	54.6696	29.8651	59.7637	3.0	2.996
251	251	64.2032	37.6466	50.9004	5.0	5.001
252	252	53.7698	29.5955	61.6188	5.0	4.997
253	253	52.4573	35.7189	58.0975	3.0	2.997
254	254	63.4467	26.7491	57.3120	4.0	3.996
255	255	62.2019	27.5582	57.3164	3.0	2.995
256	256	56.9535	26.3043	52.1257	5.0	4.998
257	257	64.7296	31.2672	50.2673	3.0	2.996
258	258	60.6572	25.1926	55.1726	5.0	4.998
259	259	58.1488	42.6988	59.3118	5.0	4.998
260	260	67.0190	30.9231	50.0255	5.0	4.998
261	261	58.1289	37.4985	47.9367	5.0	4.997
262	262	54.8634	40.1165	51.9801	5.0	4.996
263	263	59.6991	41.6739	52.2797	5.0	4.996
264	264	58.6307	27.9301	61.6606	5.0	4.996
265	265	53.7845	31.2249	48.2317	5.0	4.997
266	266	62.7643	37.4315	50.7128	4.0	3.996
267	267	53.7260	29.0047	52.2789	3.0	2.998
268	268	53.6037	38.5988	60.5309	4.0	3.997
269	269	51.6134	33.4151	58.8257	4.0	3.998
270	270	62.8562	40.1319	60.4866	5.0	4.997
271	271	64.0380	30.3673	50.0150	3.0	2.997
272	272	63.5594	37.4718	54.3759	3.0	2.993
273	273	56.2334	25.1781	54.8470	5.0	4.997
274	274	65.2482	37.3670	60.7401	5.0	4.997
275	275	58.6278	40.9813	52.9404	4.0	3.997
276	276	60.0426	35.6417	49.3064	3.0	2.996
277	277	58.6468	40.0874	53.4448	3.0	2.995
278	278	57.3878	41.5454	59.0428	4.0	3.998
279	279	65.7894	33.4572	60.7851	5.0	4.998
280	280	57.7711	29.7818	61.7202	4.0	3.997
281	281	57.3905	40.4070	54.2336	3.0	2.997
282	282	51.1825	27.9016	57.3497	5.0	4.995
283	283	56.7572	43.0009	56.3886	5.0	4.998
284	284	60.1422	27.5330	61.3904	5.0	4.997
285	285	56.4069	27.0216	56.1578	3.0	2.996
286	286	56.5963	25.7207	53.2975	5.0	4.997
287	287	60.2086	32.1968	47.9998	4.0	3.997
288	288	67.6228	28.9781	54.5547	5.0	4.998
289	289	66.8102	33.7237	53.6372	4.0	3.999
290	290	65.1676	36.4018	53.7313	4.0	4.008
291	291	57.2988	27.5386	52.0686	4.0	4.010
292	292	54.4511	38.5474	49.5446	5.0	4.996
293	293	58.7014	27.6731	51.7086	4.0	3.996
294	294	59.8387	40.4003	61.9246	5.0	4.996
295	295	48.9262	32.9298	55.8086	5.0	4.998
296	296	64.2503	37.9172	53.7311	4.0	3.998
297	297	51.5694	37.6272	53.5993	5.0	5.004
298	298	59.3053	39.2839	61.4877	4.0	3.995
299	299	67.0099	30.1076	56.3274	4.0	3.999
300	300	61.9336	28.6794	47.8238	5.0	4.997
301	301	58.2263	28.6518	59.6004	3.0	2.999
302	302	64.1773	29.8374	60.2000	4.0	3.999
303	303	65.9996	26.7988	54.7248	5.0	4.998
304	304	61.2480	26.5535	53.0822	4.0	3.998
305	305	61.3590	37.4501	51.3146	3.0	2.994
306	306	54.8597	40.2373	54.3077	4.0	3.996
307	307	66.7842	31.4099	57.8865	4.0	3.996
308	308	63.7954	37.9514	56.0590	3.0	2.996
309	309	52.7336	29.1952	51.0582	4.0	3.996
310	310	51.3788	33.4840	56.7046	3.0	2.995
311	311	67.1227	32.0962	49.9882	5.0	4.997
312	312	53.9102	39.9949	59.1665	4.0	3.996
313	313	65.2750	31.1028	49.4171	4.0	3.997
314	314	63.9879	39.2846	60.4725	5.0	4.997
315	315	63.6647	27.0313	52.9362	4.0	3.997
316	316	65.7227	29.4705	58.7113	4.0	3.999
317	317	58.5808	28.0859	49.1635	5.0	4.998
318	318	64.9955	27.7617	53.3907	4.0	4.000
319	319	54.7091	27.4723	52.2649	4.0	3.996
320	320	56.4806	29.0488	48.8679	5.0	4.997
321	321	65.7240	32.3723	57.7115	3.0	2.996
322	322	51.2757	30.5758	51.5996	4.0	3.996
323	323	62.8768	35.9903	60.6458	3.0	2.993
324	324	53.4805	32.2791	50.3804	3.0	2.997
325	325	60.5595	40.8618	57.5904	3.0	2.997
326	326	59.5683	37.9949	49.8081	4.0	3.995
327	327	64.6770	36.2473	58.0748	3.0	2.996
328	328	52.5690	39.0941	55.7096	4.0	3.999
329	329	65.0633	35.3484	59.9194	4.0	3.997
330	330	58.0489	43.2851	56.2956	5.0	4.998
331	331	59.6392	28.2222	59.4154	3.0	2.994
332	332	62.9559	27.8052	53.4287	3.0	3.009
333	333	53.1578	26.4601	53.7071	5.0	4.999
334	334	52.5501	33.2468	49.8227	4.0	3.997
335	335	59.7482	35.8274	47.2174	5.0	4.999
336	336	52.7444	29.6250	57.4972	3.0	2.995
337	337	59.6142	26.8542	52.7879	4.0	3.996
338	338	62.1632	41.0438	57.8485	4.0	3.998
339	339	57.1901	39.9005	60.8602	4.0	3.999
340	340	50.4281	35.5627	58.1510	5.0	4.999
341	341	62.9624	25.3246	54.9004	5.0	4.997
342	342	52.7886	28.3335	59.9525	5.0	4.999
343	343	60.2652	32.9279	64.0430	5.0	4.997
344	344	52.4145	39.4046	53.8084	5.0	4.997
345	345	61.7986	31.9849	61.1405	3.0	2.997
346	346	53.6211	27.2247	54.5451	4.0	3.998
347	347	59.5627	31.5944	61.6669	3.0	2.996
348	348	55.1104	27.9615	54.0434	3.0	3.014
349	349	53.5416	35.3742	49.6385	4.0	3.995
350	350	55.5901	26.9876	50.8212	5.0	4.997
351	351	51.9325	35.0839	54.7948	3.0	2.998
352	352	53.6474	31.8415	62.1092	5.0	4.996
353	353	53.8050	38.8396	55.5114	3.0	2.996
354	354	54.6750	37.9309	50.3769	4.0	3.998
355	355	57.8322	36.2661	47.3315	5.0	4.997
356	356	58.9081	34.9540	48.0829	4.0	3.997
357	357	67.9678	33.1880	53.4052	5.0	4.997
358	358	68.0171	30.8667	53.8320	5.0	4.997
359	359	59.8197	25.7130	52.8511	5.0	4.997
360	360	64.1773	31.0301	60.5342	4.0	3.999
361	361	57.8474	40.1444	62.0985	5.0	4.996
362	362	66.8644	36.0168	56.5494	5.0	4.998
363	363	54.8254	32.9519	47.5777	5.0	4.996
364	364	65.6726	38.1814	59.3950	5.0	4.997
365	365	67.2032	31.8347	54.5069	4.0	3.998
366	366	65.0987	33.1365	58.3502	3.0	2.998
367	367	58.9562	29.1264	62.4680	5.0	4.995
368	368	61.3293	41.6598	52.9363	5.0	4.996
369	369	59.7929	36.8749	48.8483	4.0	3.996
370	370	57.0086	38.3600	60.7595	3.0	2.996
371	371	64.4190	28.5937	53.5371	3.0	3.022
372	372	56.3436	32.1365	48.4831	4.0	3.996
373	373	61.0187	41.8838	56.7823	4.0	3.996
374	374	52.3048	27.8546	54.3164	4.0	3.996
375	375	60.7564	40.3946	58.5328	3.0	2.995
376	376	61.0039	27.5862	48.6908	5.0	4.996
377	377	66.4185	34.8289	59.4659	5.0	4.997
378	378	51.5876	32.1137	60.2566	5.0	4.997
379	379	49.5619	31.5942	52.1634	5.0	5.003
380	380	55.7124	38.7472	62.7359	5.0	4.996
381	381	60.9533	35.4934	47.2514	5.0	4.999
382	382	55.8905	39.2433	51.5116	4.0	3.998
383	383	55.7629	42.4250	57.8988	5.0	4.998
384	384	57.4301	27.1779	57.3477	3.0	2.995
385	385	51.2017	33.9557	49.7816	5.0	4.996
386	386	64.8277	38.3961	57.6977	4.0	3.996
387	387	61.5709	39.2314	53.8259	3.0	2.995
388	388	65.2445	39.3043	55.7562	5.0	4.996
389	389	64.3440	26.9090	56.4901	4.0	3.996
390	390	53.8933	39.0488	58.2165	3.0	2.994
391	391	61.8671	35.6022	49.9426	3.0	2.996
392	392	56.9537	39.5958	53.5442	3.0	2.994
393	393	50.7894	32.7866	58.0416	4.0	3.997
394	394	55.0358	27.9705	59.8996	4.0	3.997
395	395	53.9628	27.6950	58.6464	4.0	3.997
396	396	56.7478	33.4420	63.1630	4.0	3.999
397	397	62.4270	26.9799	60.0465	5.0	4.997
398	398	56.7618	27.6519	58.4639	3.0	2.997
399	399	52.2393	36.5280	50.1871	5.0	4.997
400	400	59.6366	30.2833	48.5073	4.0	3.996
401	401	65.3525	31.3247	48.1238	5.0	4.998
402	402	62.1365	28.3609	49.3445	4.0	3.998
403	403	53.9557	37.7539	54.0876	3.0	2.994
404	404	67.2323	28.1250	55.6435	5.0	4.998
405	405	59.8639	41.2224	53.3769	4.0	3.997
406	406	49.1356	34.0541	55.5431	5.0	4.997
407	407	64.0081	36.6838	59.2572	3.0	2.996
408	408	51.0301	31.6956	51.4287	4.0	3.997
409	409	51.2370	34.4222	51.5989	4.0	3.996
410	410	59.9897	26.1882	54.9145	4.0	3.997
411	411	55.9753	28.0754	51.0078	4.0	3.996
412	412	55.4728	32.1795	63.5435	5.0	4.998
413	413	63.8364	32.2967	61.2935	4.0	3.995
414	414	51.8809	33.5369	49.1078	5.0	4.998
415	415	53.5874	29.4846	60.0529	4.0	3.995
416	416	63.6198	39.0941	59.0656	4.0	3.998
417	417	59.9761	25.9666	56.3634	4.0	3.997
418	418	54.6254	41.6500	55.0276	5.0	4.998
419	419	65.9816	27.8524	51.1931	5.0	4.998
420	420	58.2942	40.3714	59.3203	3.0	2.998
421	421	67.0054	31.3411	53.3997	4.0	3.998
422	422	66.5155	31.7053	51.0033	4.0	3.996
423	423	67.0395	33.3872	55.5329	4.0	3.998
424	424	64.4966	31.4410	48.7426	4.0	3.996
425	425	52.3809	35.4561	55.9262	3.0	3.009
426	426	67.7798	32.6527	51.5481	5.0	4.997
427	427	56.0932	40.8891	61.0751	5.0	4.998
428	428	51.1472	38.5611	58.6595	5.0	4.998
429	429	66.0237	31.3383	59.1090	4.0	3.998
430	430	54.6490	33.0969	48.7708	4.0	3.998
431	431	62.4908	35.8818	50.6785	3.0	2.995
432	432	65.7893	29.6176	55.6033	3.0	2.995
433	433	67.5630	34.7430	55.7331	5.0	4.998
434	434	56.6307	41.8791	56.3067	4.0	3.998
435	435	66.4244	36.8764	58.8826	5.0	4.996
436	436	66.6757	30.2550	52.5579	4.0	3.996
437	437	64.8374	38.0174	58.6590	4.0	3.997
438	438	66.3326	34.4715	57.1280	4.0	3.997
439	439	60.7708	38.9590	49.5444	5.0	4.995
440	440	58.2550	26.0579	56.0975	4.0	3.997
441	441	63.8867	26.6757	50.6154	5.0	4.998
442	442	58.8166	32.2345	49.3603	3.0	3.000
443	443	57.4003	39.0247	62.7402	5.0	4.996
444	444	57.3294	31.2255	63.8251	5.0	4.998
445	445	64.6899	30.8049	58.9271	3.0	2.994
446	446	55.7298	40.0969	53.3896	4.0	3.996
447	447	59.1821	38.5792	60.7215	3.0	2.997
448	448	49.8797	31.8389	54.4626	4.0	3.997
449	449	53.4335	37.4509	51.3153	4.0	3.996
450	450	59.5256	29.4226	47.7672	5.0	4.996
451	451	61.9689	25.7763	51.8630	5.0	4.997
452	452	58.2957	32.8468	63.3267	4.0	3.998
453	453	59.6906	29.0077	50.6371	3.0	2.997
454	454	60.1693	27.7359	50.2775	4.0	3.997
455	455	51.0099	38.5924	56.0189	5.0	4.999
456	456	58.8134	31.9390	64.1312	5.0	4.999
457	457	67.6920	31.1923	51.4056	5.0	4.996
458	458	66.2970	36.6745	53.5456	5.0	4.998
459	459	63.7651	37.5183	52.7103	4.0	3.996
460	460	50.3536	31.8292	52.7955	4.0	3.996
461	461	56.1884	27.0331	60.8213	5.0	4.998
462	462	62.6343	31.3480	62.8588	5.0	4.998
463	463	65.9085	28.4324	53.8901	4.0	3.996
464	464	64.4044	28.0364	55.2422	3.0	2.996
465	465	65.2717	26.7912	52.8073	5.0	4.997
466	466	52.9488	34.6388	49.9993	4.0	3.999
467	467	54.1787	33.3062	59.9250	3.0	2.996
468	468	54.9956	30.6647	50.2820	3.0	2.997
469	469	57.1022	38.4759	51.7598	3.0	2.996
470	470	62.6829	39.3382	59.6718	4.0	4.015
471	471	56.4803	39.5052	62.3928	5.0	4.997
472	472	65.3099	32.1445	49.3263	4.0	3.995
473	473	61.5910	28.3703	58.7064	3.0	3.021
474	474	65.1348	39.5301	57.9668	5.0	4.997
475	475	64.9160	38.6959	53.5520	5.0	4.996
476	476	51.4410	37.4482	60.2897	5.0	4.996
477	477	60.0842	40.8087	60.1697	4.0	3.997
478	478	60.8290	27.4160	53.9056	3.0	2.998
479	479	55.7138	30.8988	63.1551	5.0	4.996
480	480	56.4152	27.1674	55.0979	3.0	2.999
481	481	53.6064	40.1062	55.6506	4.0	3.996
482	482	53.7809	34.8876	60.1923	3.0	2.998
483	483	55.7298	35.3619	49.3860	3.0	2.995
484	484	59.0254	40.3089	52.2741	4.0	3.997
485	485	52.8358	28.5264	51.7983	4.0	3.999
486	486	65.8829	30.5681	50.3167	4.0	3.997
487	487	57.1605	29.4662	62.6927	5.0	4.997
488	488	53.1461	36.1756	59.5912	3.0	2.998
489	489	58.1148	42.2773	56.9627	4.0	3.997
490	490	62.2875	41.4928	53.5412	5.0	4.997
491	491	68.0047	31.5392	52.7319	5.0	4.998
492	492	51.3159	35.6149	56.4327	4.0	4.024
493	493	50.3744	36.1413	52.9887	5.0	4.999
494	494	56.0550	33.5898	47.0995	5.0	4.997
495	495	51.6655	32.3533	57.5965	3.0	2.995
496	496	63.2663	31.1766	59.8430	3.0	2.995
497	497	60.0735	29.3985	61.2799	4.0	3.996
498	498	58.2823	34.0300	48.0612	4.0	4.013
499	499	54.6837	39.7644	57.6525	3.0	2.996
500	500	62.8681	28.3267	59.8267	4.0	3.997
501	501	65.6966	35.1684	58.5660	4.0	3.996
502	502	54.7940	28.7527	49.1054	5.0	4.997
503	503	66.5682	33.0412	58.0201	4.0	3.996
504	504	62.2022	39.8256	57.0581	3.0	2.995
505	505	62.4851	40.4539	54.4833	4.0	3.997
506	506	65.2778	27.4455	55.2083	4.0	3.997
507	507	52.0423	39.7963	55.0429	5.0	4.996
508	508	53.5205	28.0225	50.1502	5.0	4.997
509	509	54.0922	31.2312	59.7382	3.0	2.994
510	510	61.0113	35.8918	48.4909	4.0	3.997
511	511	61.4342	25.2586	56.6316	5.0	5.024
512	512	65.8714	35.4139	55.0498	4.0	4.002
513	513	63.2572	30.1811	60.7000	4.0	3.997
514	514	53.9802	26.1127	54.1628	5.0	5.013
515	515	51.6853	34.1664	60.6240	5.0	4.996
516	516	63.3994	28.2195	60.8648	5.0	4.997
517	517	51.3138	39.2130	57.8116	5.0	4.999
518	518	65.3670	33.2008	49.5330	4.0	3.996
519	519	65.1302	36.5068	59.5235	4.0	3.997
520	520	62.2602	27.2287	55.9317	3.0	2.996
521	521	60.6119	31.0203	63.3519	5.0	4.999
522	522	51.7693	28.6632	50.8141	5.0	4.996
523	523	63.7164	35.6861	59.9802	3.0	3.002
524	524	56.4920	32.4307	47.2715	5.0	4.997
525	525	56.2781	39.8814	54.4410	3.0	2.994
526	526	56.0619	36.6566	47.5592	5.0	4.997
527	527	53.7453	36.2845	51.7278	3.0	2.995
528	528	62.9660	31.3046	49.1416	3.0	2.997
529	529	61.6459	25.4139	53.7690	5.0	5.012
530	530	50.2357	33.7438	50.8972	5.0	4.999
531	531	65.8225	38.1707	54.7510	5.0	4.997
532	532	51.3110	27.4132	53.8157	5.0	4.998
533	533	56.8373	36.8483	62.4344	4.0	3.996
534	534	51.0547	32.4004	53.6996	3.0	2.995
535	535	62.9141	35.5831	49.2758	4.0	4.008
536	536	52.6624	29.0685	56.5678	3.0	2.994
537	537	59.3648	33.9840	62.2576	3.0	2.997
538	538	56.4877	35.5886	48.1840	4.0	3.997
539	539	64.8450	28.4799	49.0620	5.0	4.998
540	540	50.0699	30.7355	55.4997	4.0	3.998
541	541	64.8648	27.8284	52.3130	4.0	3.996
542	542	54.9462	38.8172	59.8413	3.0	2.998
543	543	68.0017	29.7953	56.0033	5.0	4.999
544	544	62.0693	40.7050	52.3888	5.0	4.997
545	545	52.6887	27.1155	52.2051	5.0	4.997
546	546	67.9676	31.2187	57.5523	5.0	4.998
547	547	52.2593	36.6721	52.9372	4.0	3.997
548	548	58.4582	39.8606	50.2762	5.0	4.997
549	549	51.6920	29.9615	59.8192	5.0	4.996
550	550	62.0847	26.4465	53.8684	4.0	4.004
551	551	54.9034	25.9117	58.7490	5.0	4.999
552	552	52.9358	38.1073	57.2377	3.0	2.996
553	553	57.2524	33.0933	47.0656	5.0	4.998
554	554	53.8651	32.3060	48.0727	5.0	4.997
555	555	63.3681	25.5533	57.0132	5.0	4.997
556	556	62.1829	34.4678	62.5162	4.0	3.997
557	557	51.5170	32.8543	50.6873	4.0	3.996
558	558	63.2856	32.7122	49.2318	3.0	2.996
559	559	54.5678	26.1680	53.0898	5.0	4.997
560	560	58.9510	40.6228	60.5721	4.0	3.997
561	561	65.8934	30.0947	54.5757	3.0	2.997
562	562	60.3223	39.2705	61.2842	4.0	3.997
563	563	51.6862	30.6330	49.5239	5.0	4.997
564	564	50.6351	32.5311	59.4565	5.0	4.997
565	565	51.9630	38.0752	55.7032	4.0	3.998
566	566	63.6413	34.1909	62.8996	5.0	4.998
567	567	65.3390	29.7914	52.5742	3.0	2.996
568	568	51.0214	34.0795	59.4759	5.0	5.024
569	569	54.6992	25.5234	55.0460	5.0	4.997
570	570	60.0418	32.8022	49.0661	3.0	3.006
571	571	52.3657	35.1959	56.9495	3.0	3.002
572	572	53.4530	32.5007	60.4957	4.0	4.002
573	573	59.0261	25.5822	53.5056	5.0	4.997
574	574	59.1493	35.1435	62.0727	3.0	2.997
575	575	61.1858	34.2646	62.8043	4.0	3.998
576	576	54.7477	39.4224	58.8106	3.0	2.995
577	577	51.7497	35.5788	59.1193	4.0	3.996
578	578	57.5808	42.0054	55.1585	4.0	3.997
579	579	67.4056	34.1063	57.9010	5.0	4.997
580	580	50.9956	36.5997	52.2319	5.0	4.996
581	581	53.2642	27.3918	51.1253	5.0	4.997
582	582	59.6303	40.8935	58.3440	3.0	2.996
583	583	56.3116	35.8394	62.5608	4.0	4.003
584	584	53.1640	32.1388	58.8643	3.0	2.996
585	585	51.6529	35.1513	60.8938	5.0	4.997
586	586	58.6577	26.3491	58.3188	4.0	3.996
587	587	52.5621	29.6954	52.6629	3.0	2.996
588	588	54.8358	36.1388	61.0470	3.0	2.997
589	589	55.4045	39.5434	50.1540	5.0	4.996
590	590	67.3855	29.4051	52.3485	5.0	4.996
591	591	52.6466	34.6000	51.6569	3.0	2.995
592	592	55.5096	28.9738	51.5213	3.0	2.998
593	593	64.0034	39.4176	53.3307	5.0	4.998
594	594	49.1011	30.8161	53.8981	5.0	4.998
595	595	61.3633	30.2859	49.2256	3.0	2.994
596	596	63.7130	28.5216	58.1227	3.0	2.996
597	597	54.8331	26.8539	54.2497	4.0	3.997
598	598	50.7331	28.4279	52.6660	5.0	4.998
599	599	57.6481	30.8919	62.5774	4.0	3.997
600	600	53.1820	36.2601	53.5987	3.0	2.997
601	601	53.3378	29.9662	51.4350	3.0	2.994
602	602	59.9108	39.3427	49.9103	5.0	4.996
603	603	54.9620	30.7792	49.1543	4.0	3.998
604	604	66.0454	38.2384	58.2024	5.0	4.998
605	605	55.0539	29.7381	49.6258	4.0	3.996
606	606	58.4022	29.5033	51.3094	3.0	3.041
607	607	63.1899	40.2598	56.5756	4.0	3.997
608	608	57.5597	28.1974	60.5664	4.0	3.996
609	609	56.8355	41.3408	54.1169	4.0	3.996
610	610	57.0698	30.3945	49.3784	4.0	4.003
611	611	60.2614	34.0783	64.0819	5.0	4.998
612	612	60.3927	38.6340	50.7487	4.0	3.996
613	613	58.9185	30.4717	60.9701	3.0	2.995
614	614	60.4086	42.2759	53.3358	5.0	4.998
615	615	55.3471	31.9167	48.8484	4.0	4.013
616	616	63.9298	38.4141	61.3325	5.0	4.997
617	617	58.8625	27.5416	53.9787	3.0	2.997
618	618	50.5448	30.5053	53.0392	4.0	3.997
619	619	50.1257	35.9978	53.9720	5.0	4.998
620	620	56.9488	26.1344	57.4310	4.0	3.996
621	621	52.2420	26.9266	56.7714	5.0	4.997
622	622	62.0363	29.1589	61.7020	5.0	5.000
623	623	67.5160	34.2371	51.8558	5.0	4.998
624	624	52.0761	40.2576	56.4336	5.0	4.996
625	625	65.6509	34.4103	50.4860	4.0	3.995
626	626	55.7442	34.7080	62.6554	4.0	3.996
627	627	58.1221	33.9582	63.3829	4.0	3.997
628	628	57.8521	30.1784	63.3385	5.0	4.997
629	629	64.1477	35.6795	52.1446	3.0	2.995
630	630	59.6754	25.1897	54.6579	5.0	4.997
631	631	62.1258	27.8749	48.4306	5.0	4.997
632	632	65.6454	33.8791	52.7098	3.0	2.997
633	633	58.5849	38.4802	50.1325	4.0	3.996
634	634	61.7133	30.5057	60.1822	3.0	2.995
635	635	50.4584	34.4310	53.9065	4.0	4.001
636	636	60.6919	39.4689	59.7148	3.0	2.996
637	637	50.3687	36.4996	57.4343	5.0	4.997
638	638	60.3074	32.0346	62.7388	4.0	3.997
639	639	52.2055	39.2801	60.0449	5.0	4.996
640	640	63.6220	36.7526	53.6410	3.0	2.998
641	641	65.5000	37.2548	56.5413	4.0	3.997
642	642	52.9234	37.8700	50.3820	5.0	4.997
643	643	63.3655	37.5836	59.3600	3.0	2.997
644	644	58.9687	38.8109	62.8288	5.0	4.998
645	645	58.3821	33.5144	49.1240	3.0	3.018
646	646	64.7290	39.2207	59.6597	5.0	4.996
647	647	52.0117	35.5073	51.4262	4.0	3.997
648	648	56.1974	40.4070	51.5026	5.0	4.998
649	649	65.0444	36.4301	52.7001	4.0	3.999
650	650	63.3061	28.9819	50.6074	3.0	2.998
651	651	60.9034	38.9806	51.7437	4.0	3.997
652	652	63.4295	34.6917	48.8605	4.0	3.996
653	653	57.9611	32.8231	64.3257	5.0	4.999
654	654	64.0211	40.2747	54.4998	5.0	4.998
655	655	60.3042	27.1056	57.1456	3.0	2.997
656	656	49.2887	29.8962	55.1640	5.0	4.998
657	657	65.3810	33.3568	59.5198	4.0	4.027
658	658	58.2375	41.5360	53.7731	4.0	3.999
659	659	54.2889	31.6942	49.0569	4.0	3.997
660	660	66.0472	27.7994	58.5557	5.0	4.997
661	661	64.7576	38.4247	60.5514	5.0	4.997
662	662	61.9263	34.3466	47.2440	5.0	4.998
663	663	51.9635	37.4485	59.0357	4.0	3.997
664	664	53.1536	35.8834	52.5795	3.0	3.000
665	665	56.3808	39.4255	49.5824	5.0	4.998
666	666	65.9650	38.5786	57.1778	5.0	4.998
667	667	55.8062	34.2062	61.6011	3.0	2.996
668	668	52.0350	34.6378	59.4357	4.0	3.997
669	669	49.6145	30.1478	57.2893	5.0	4.998
670	670	55.8416	31.2390	50.0178	3.0	2.998
671	671	63.4128	33.3645	60.5051	3.0	2.997
672	672	52.6327	33.2537	58.3807	3.0	2.995
673	673	65.7467	31.5911	51.7840	3.0	2.998
674	674	64.2734	40.4741	56.3421	5.0	4.998
675	675	66.6442	36.1226	54.5116	5.0	5.000
676	676	60.6266	35.2611	61.7975	3.0	2.999
677	677	55.5623	28.7721	59.4740	3.0	2.994
678	678	66.5375	29.6943	57.4972	4.0	3.997
679	679	64.9513	29.1117	57.4522	3.0	2.995
680	680	57.9512	41.3691	51.9794	5.0	4.996
681	681	61.6565	32.1322	46.8370	5.0	4.997
682	682	51.8534	28.3646	56.5701	4.0	3.997
683	683	67.4292	29.2346	57.6719	5.0	4.998
684	684	60.2752	35.9197	62.6937	4.0	3.997
685	685	56.2665	40.7619	59.5124	4.0	4.015
686	686	49.9896	33.4300	55.3942	4.0	3.999
687	687	60.5221	27.3739	54.8611	3.0	3.021
688	688	60.5229	29.5866	49.7463	3.0	2.996
689	689	59.6661	34.4049	63.1760	4.0	3.997
690	690	61.9221	39.3196	50.6925	5.0	4.996
691	691	56.2798	27.3672	52.1944	4.0	3.996
692	692	51.4477	35.9812	53.3229	4.0	3.996
693	693	57.1142	41.1410	61.1505	5.0	4.997
694	694	51.5201	32.2613	58.9317	4.0	3.996
695	695	55.2054	41.0561	56.2018	4.0	3.997
696	696	54.3277	41.0171	53.9252	5.0	4.999
697	697	59.9990	41.7688	58.7098	4.0	3.999
698	698	61.9016	32.5126	63.3909	5.0	5.001
699	699	66.8488	35.4975	57.9828	5.0	4.997
700	700	66.7201	31.9098	59.8574	5.0	4.998
701	701	64.4051	32.5541	48.6595	4.0	3.996
702	702	65.9602	33.7835	48.8656	5.0	4.997
703	703	61.8071	27.0219	49.2851	5.0	4.997
704	704	64.0905	27.6810	58.5471	4.0	3.995
705	705	64.8738	35.2221	53.9854	3.0	2.997
706	706	59.2988	26.9684	56.9562	3.0	2.996
707	707	62.6964	42.0173	57.4172	5.0	4.997
708	708	54.3153	26.7465	51.5942	5.0	4.998
709	709	63.9293	38.7931	52.3938	5.0	4.999
710	710	67.1977	35.0201	57.1680	5.0	4.997
711	711	59.1150	25.1157	57.8919	5.0	4.998
712	712	50.9113	35.1325	59.6223	5.0	4.998
713	713	61.8355	26.2803	56.5720	4.0	3.999
714	714	66.0608	29.1340	52.2733	4.0	3.996
715	715	58.2506	31.2875	61.6934	3.0	2.998
716	716	64.0201	26.3370	58.4973	5.0	4.996
717	717	62.6326	30.0438	47.2680	5.0	4.997
718	718	60.9369	39.9477	51.1731	5.0	5.020
719	719	68.2984	31.7935	55.3445	5.0	4.997
720	720	54.4420	38.0094	62.6710	5.0	4.997
721	721	50.9873	29.3609	56.6904	4.0	3.996
722	722	62.8376	37.0897	48.8175	5.0	4.998
723	723	64.8253	27.4022	59.4024	5.0	4.998
724	724	56.9010	35.6105	63.9451	5.0	4.996
725	725	63.9454	39.3502	56.9351	4.0	3.998
726	726	64.1085	27.6695	60.1432	5.0	4.996
727	727	67.3276	35.1228	53.2565	5.0	4.998
728	728	61.6326	33.1924	47.9447	4.0	3.997
729	729	55.7037	38.6020	50.4692	4.0	3.995
730	730	67.0277	33.9929	50.3838	5.0	4.997
731	731	63.2195	38.2601	58.6225	3.0	2.995
732	732	54.2053	34.2699	50.2131	3.0	2.994
733	733	54.7888	35.6039	63.1906	5.0	4.997
734	734	58.0005	29.8170	48.3596	5.0	5.015
735	735	53.5475	40.2688	53.5237	5.0	4.996
736	736	51.5942	34.4761	55.8533	3.0	2.996
737	737	60.7493	27.9231	60.2510	4.0	3.996
738	738	68.1102	32.9552	54.5996	5.0	4.997
739	739	56.1866	41.6256	57.2392	4.0	3.997
740	740	59.2640	33.1873	63.2839	4.0	3.997
741	741	58.9373	35.6201	49.3601	3.0	2.995
742	742	51.7724	30.3264	53.1850	3.0	2.994
743	743	61.1019	28.4037	50.8084	3.0	2.994
744	744	58.4507	35.4730	47.2090	5.0	5.000
745	745	52.8771	28.7337	54.1278	3.0	2.996
746	746	56.8119	27.6793	61.4869	5.0	4.997
747	747	63.8114	37.2982	62.0368	5.0	4.998
748	748	53.3805	28.8702	60.9689	5.0	4.996
749	749	57.4058	26.7945	53.2540	4.0	3.997
750	750	55.7442	39.9990	60.4762	4.0	3.997
751	751	63.5823	31.5671	62.4919	5.0	4.997
752	752	64.0922	40.5334	57.7653	5.0	4.999
753	753	61.4233	34.5748	63.7751	5.0	4.997
754	754	65.4613	34.8576	48.9328	5.0	4.997
755	755	58.2364	41.1146	59.9913	4.0	3.997
756	756	61.9798	36.9635	63.1011	5.0	4.997
757	757	58.6407	35.5468	64.1180	5.0	4.998
758	758	64.2047	36.8292	54.8715	3.0	3.003
759	759	65.1503	33.2068	61.5936	5.0	4.997
760	760	62.8928	32.5798	63.0812	5.0	4.997
761	761	57.0737	32.9861	48.1149	4.0	3.997
762	762	63.2337	36.5056	50.2906	4.0	4.014
763	763	52.5439	28.0023	53.2769	4.0	3.999
764	764	55.0764	28.3081	61.5980	5.0	4.997
765	765	63.6814	40.1951	59.4370	5.0	5.016
766	766	57.0036	37.3758	63.3445	5.0	4.998
767	767	51.2079	28.7352	55.6377	4.0	3.995
768	768	59.7763	40.1642	59.4518	3.0	2.994
769	769	57.4791	34.9711	62.1292	3.0	2.996
770	770	58.2399	38.8729	61.7125	4.0	3.999
771	771	57.8288	33.4156	62.3580	3.0	2.997
772	772	62.8514	25.7442	52.8329	5.0	4.997
773	773	65.6618	28.6008	49.7168	5.0	4.998
774	774	65.6451	33.0087	51.7014	3.0	2.995
775	775	49.5401	33.8333	57.4506	5.0	4.997
776	776	66.1085	27.1519	53.7910	5.0	4.997
777	777	66.8409	32.8205	51.9939	4.0	3.998
778	778	52.6030	30.0253	59.1774	4.0	4.016
779	779	49.1655	33.8419	53.8571	5.0	4.997
780	780	62.3307	38.4407	59.2912	3.0	2.996
781	781	50.3592	32.7023	50.5243	5.0	4.997
782	782	54.2046	34.5885	47.7385	5.0	4.997
783	783	60.6398	36.8181	62.3352	4.0	3.998
784	784	53.8894	29.4486	48.8778	5.0	4.996
785	785	53.8555	39.6475	61.3839	5.0	4.997
786	786	59.4382	36.0032	61.6003	3.0	3.002
787	787	60.5117	26.4522	53.7599	4.0	3.996
788	788	56.8061	35.3717	49.1321	3.0	2.995
789	789	50.2661	33.6936	56.5147	4.0	3.997
790	790	54.2359	38.3817	51.5903	4.0	3.995
791	791	53.3268	38.4063	53.5957	4.0	3.996
792	792	62.7924	30.2144	49.4477	3.0	2.996
793	793	54.5460	40.8643	57.1263	4.0	3.996
794	794	53.7802	36.7389	50.1184	4.0	3.997
795	795	55.9638	26.0798	56.3001	4.0	3.997
796	796	50.0266	31.1938	51.3190	5.0	4.996
797	797	61.4437	31.4471	62.1132	4.0	3.995
798	798	65.5239	35.7665	60.9537	5.0	5.000
799	799	57.5725	42.0434	57.8451	4.0	3.998
800	800	59.1867	28.6445	51.6602	3.0	2.996
801	801	61.6709	39.2598	60.6141	4.0	3.995
802	802	61.8272	30.3001	61.3500	4.0	3.997
803	803	52.0067	30.7987	52.3047	3.0	2.995
804	804	63.3417	37.4880	60.9631	4.0	3.996
805	805	61.6498	40.3728	56.3326	3.0	2.997
806	806	60.1741	42.1583	56.2490	4.0	3.997
807	807	58.1766	31.8889	48.4955	4.0	3.998
808	808	62.3080	26.7104	57.8660	4.0	3.996
809	809	52.0259	39.8293	58.8631	5.0	4.995
810	810	61.6172	34.8355	48.3713	4.0	3.996
811	811	57.5242	42.9477	58.3813	5.0	4.998
812	812	53.0137	29.9860	50.2184	4.0	3.995
813	813	65.5282	26.4637	56.5517	5.0	4.997
814	814	60.0272	43.0903	57.8738	5.0	4.999
815	815	64.7760	35.2672	50.1941	4.0	3.996
816	816	62.0618	38.7124	62.0368	5.0	4.997
817	817	65.1564	35.9443	51.6081	4.0	3.996
818	818	54.5394	36.3288	62.0008	4.0	3.997
819	819	67.0391	32.5826	53.3121	4.0	3.999
820	820	52.6114	35.9256	54.9226	3.0	3.015
821	821	51.0851	27.4723	55.7470	5.0	4.998
822	822	53.5301	29.7126	58.2768	3.0	2.995
823	823	61.2827	37.8159	61.6029	4.0	3.996
824	824	55.4653	32.5222	62.4548	4.0	3.997
825	825	61.5882	36.7482	47.9366	5.0	4.998
826	826	54.5525	28.2163	51.0906	4.0	3.996
827	827	60.7363	26.4215	58.1272	4.0	3.997
828	828	54.4414	34.2950	63.0877	5.0	4.997
829	829	58.6979	36.9301	62.4521	4.0	3.998
830	830	57.2069	25.9120	59.4496	5.0	4.997
831	831	66.2656	31.5039	56.0710	3.0	2.996
832	832	50.3427	33.5379	58.9225	5.0	4.996
833	833	61.5000	30.0456	62.4983	5.0	4.997
834	834	61.2255	34.9374	49.3367	3.0	2.999
835	835	60.5346	35.2737	63.8399	5.0	5.003
836	836	54.6085	37.4818	61.7837	4.0	3.997
837	837	57.0463	24.9989	56.6173	5.0	5.000
838	838	55.4793	25.5565	54.0591	5.0	4.997
839	839	60.1956	39.2785	52.9869	3.0	2.995
840	840	64.5349	34.8147	51.3227	3.0	2.999
841	841	50.6585	37.5994	58.1183	5.0	4.999
842	842	53.5894	30.9933	49.4573	4.0	3.997
843	843	65.0542	26.0654	55.4998	5.0	4.996
844	844	63.5893	36.1349	48.6541	5.0	4.999
845	845	57.6937	28.3362	61.8970	5.0	4.998
846	846	53.7128	27.1655	56.8796	4.0	3.998
847	847	63.9489	37.8035	57.9497	3.0	2.995
848	848	51.4885	34.0111	53.3258	3.0	2.999
849	849	54.4403	27.2152	53.2122	4.0	3.996
850	850	65.0000	30.4522	59.8979	4.0	3.998
851	851	49.3064	32.6181	52.6811	5.0	4.998
852	852	64.7976	36.1256	61.6718	5.0	5.000
853	853	53.5098	33.9586	60.9799	4.0	3.996
854	854	54.4356	29.6717	60.8110	4.0	3.996
855	855	65.2146	27.6624	50.3128	5.0	4.998
856	856	51.2382	28.5547	51.6616	5.0	4.996
857	857	50.7302	31.4927	50.1840	5.0	4.997
858	858	64.7042	32.1433	47.6553	5.0	4.997
859	859	51.2401	30.6956	56.0585	3.0	2.997
860	860	62.5751	37.6870	53.4532	3.0	2.994
861	861	58.2525	41.5982	60.9734	5.0	4.997
862	862	48.8682	32.4158	54.4175	5.0	4.997
863	863	52.6360	38.1430	54.2725	4.0	3.996
864	864	61.5998	28.1445	61.3838	5.0	4.997
865	865	52.2248	26.8145	53.8734	5.0	4.999
866	866	65.4897	34.3225	55.6038	3.0	2.997
867	867	56.3787	37.9123	48.2027	5.0	4.999
868	868	55.5542	28.0101	49.6311	5.0	4.999
869	869	56.2038	28.0324	60.4023	4.0	3.997
870	870	59.0535	39.3585	52.8119	3.0	2.995
871	871	52.9666	35.0636	59.1917	3.0	2.994
872	872	55.5928	39.4407	52.6026	4.0	3.997
873	873	52.8248	27.0448	58.2858	5.0	4.997
874	874	59.2246	40.4584	51.1466	5.0	4.996
875	875	58.8542	37.7854	63.2551	5.0	4.998
876	876	55.1296	37.1988	48.1144	5.0	4.996
877	877	64.7231	34.0887	49.3070	4.0	3.996
878	878	67.5399	34.5594	54.0871	5.0	4.998
879	879	55.9808	36.2040	63.4686	5.0	5.006
880	880	60.2586	25.3222	58.3804	5.0	4.998
881	881	63.3147	38.3918	50.6058	5.0	4.998
882	882	61.1625	25.6817	58.7503	5.0	4.998
883	883	50.6335	28.6785	57.6715	5.0	4.996
884	884	52.3359	38.0956	51.9978	5.0	4.996
885	885	60.8293	41.1726	52.1004	5.0	4.998
886	886	65.8020	29.6082	50.8947	4.0	3.997
887	887	56.3415	38.7410	53.2400	3.0	3.057
888	888	57.6190	28.3843	51.0304	4.0	3.997
889	889	58.4696	28.3026	52.7661	3.0	2.997
890	890	58.9630	28.3084	50.2916	4.0	3.997
891	891	57.6445	38.0902	49.5176	4.0	3.996
892	892	52.1442	34.2191	57.3730	3.0	2.993
893	893	60.0466	34.6263	48.9884	3.0	2.999
894	894	56.3413	33.9227	49.0603	3.0	2.995
895	895	55.3212	37.2706	61.0177	3.0	2.996
896	896	50.5671	29.6103	54.5139	4.0	3.997
897	897	53.6617	38.9096	50.8316	5.0	4.997
898	898	62.3936	31.1848	46.9574	5.0	4.997
899	899	58.8809	42.2451	52.9480	5.0	4.997
900	900	55.9140	41.3425	55.3312	4.0	3.996
901	901	52.7375	36.8104	51.9674	4.0	3.995
902	902	62.2826	34.1582	49.3994	3.0	2.995
903	903	50.9930	31.1038	54.7943	3.0	2.997
904	904	51.4099	38.5985	54.6808	5.0	4.996
905	905	62.9957	32.5946	48.0529	4.0	3.998
906	906	58.7449	42.0303	54.7712	4.0	3.997
907	907	65.0886	37.0698	50.9071	5.0	4.998
908	908	61.5767	39.5456	58.9044	3.0	2.995
909	909	65.8651	32.0449	60.6815	5.0	4.995
910	910	67.0864	32.8810	56.5673	4.0	3.998
911	911	56.5463	38.2595	63.0577	5.0	4.997
912	912	67.7328	30.4603	52.1526	5.0	4.998
913	913	55.5919	41.8243	53.9211	5.0	4.999
914	914	62.8163	29.1737	59.1946	3.0	2.995
915	915	65.8152	30.6108	53.6923	3.0	3.021
916	916	56.9128	41.2693	52.2151	5.0	4.996
917	917	55.6698	26.3543	54.7674	4.0	3.996
918	918	55.2828	32.1491	60.9015	3.0	2.995
919	919	56.1272	40.4059	55.9985	3.0	2.999
920	920	54.6640	38.8050	54.3615	3.0	2.997
921	921	63.2425	38.4352	53.1419	4.0	3.995
922	922	57.2618	36.3212	48.3918	4.0	3.996
923	923	59.0832	25.9112	59.7387	5.0	4.997
924	924	58.4039	39.3803	51.5803	4.0	4.009
925	925	52.3920	38.4821	60.9772	5.0	4.996
926	926	66.2053	32.2723	48.8027	5.0	4.998
927	927	50.8039	35.2340	54.7603	4.0	3.999
928	928	49.4493	33.6926	52.6550	5.0	4.998
929	929	66.8311	28.6521	51.7515	5.0	4.998
930	930	61.0106	31.2610	47.9268	4.0	3.997
931	931	67.1627	30.7279	54.7753	4.0	3.999
932	932	50.7562	29.3018	58.5222	5.0	4.997
933	933	66.4280	30.4539	51.3981	4.0	3.997
934	934	58.6831	24.9688	56.5141	5.0	4.997
935	935	50.1206	28.7659	53.4922	5.0	4.997
936	936	54.0087	37.3024	60.2177	3.0	2.999
937	937	57.5236	27.4740	54.2401	3.0	2.997
938	938	55.5419	25.4348	58.0510	5.0	4.998
939	939	63.2996	38.5331	60.1832	4.0	3.999
940	940	64.2152	26.0416	53.4156	5.0	4.997
941	941	64.1380	25.6575	56.1692	5.0	4.997
942	942	64.5546	29.2075	49.7522	4.0	3.998
943	943	64.7715	30.1903	50.8459	3.0	2.996
944	944	60.5781	38.8311	62.5221	5.0	4.999
945	945	58.7247	37.5195	49.2901	4.0	3.995
946	946	53.2312	37.7428	52.5216	4.0	3.995
947	947	54.0684	37.1313	52.4248	3.0	2.997
948	948	52.9130	40.1784	59.8921	5.0	4.997
949	949	65.9338	31.1999	52.8374	3.0	2.995
950	950	60.3238	38.3592	48.8035	5.0	4.999
951	951	66.5056	30.3369	59.8624	5.0	4.997
952	952	64.8667	34.9543	57.6530	3.0	2.996
953	953	52.4788	36.6622	56.1648	3.0	2.996
954	954	63.9615	34.6712	61.4018	4.0	3.998
955	955	52.4040	38.3631	59.1125	4.0	3.995
956	956	65.4786	27.1363	51.8414	5.0	4.999
957	957	63.4044	34.0233	49.7100	3.0	2.998
958	958	61.9170	37.6095	60.3334	3.0	2.996
959	959	50.1006	35.2929	52.2839	5.0	4.997
960	960	62.5796	34.4375	61.2030	3.0	2.994
961	961	55.6289	27.3114	57.1444	3.0	2.995
962	962	52.6483	40.7342	58.0186	5.0	4.995
963	963	57.9093	25.6406	53.4474	5.0	4.998
964	964	63.8408	27.5804	51.1936	4.0	3.997
965	965	50.7867	36.1990	59.3993	5.0	4.997
966	966	52.3623	31.2903	51.4947	3.0	2.997
967	967	57.2752	35.7518	62.8925	4.0	3.997
968	968	59.2648	34.6805	46.9782	5.0	4.997
969	969	58.2415	27.0816	56.3867	3.0	2.998
970	970	65.9003	33.2574	53.6242	3.0	2.997
971	971	59.0035	26.7232	50.6990	5.0	4.996
972	972	56.0357	26.9814	53.2118	4.0	4.033
973	973	58.3130	32.3499	62.1832	3.0	2.995
974	974	55.2529	26.4492	51.8661	5.0	4.998
975	975	52.3983	31.7553	60.8900	5.0	4.996
976	976	52.9063	27.4699	55.3863	4.0	3.998
977	977	62.9480	26.3149	55.7817	4.0	3.997
978	978	60.1673	41.7726	54.5062	4.0	3.997
979	979	62.9196	29.2776	48.8212	4.0	3.997
980	980	52.8403	34.3550	58.4860	3.0	2.997
981	981	54.5876	33.4416	61.9417	4.0	3.997
982	982	50.0459	32.4580	53.5745	4.0	3.997
983	983	62.5727	25.7237	58.0386	5.0	4.997
984	984	56.2051	40.1326	58.3449	3.0	3.012
985	985	61.9560	39.7124	54.9391	3.0	2.995
986	986	64.7281	26.1759	57.3491	5.0	4.996
987	987	62.6071	32.8065	61.0199	3.0	2.996
988	988	51.7333	29.2043	52.3346	4.0	3.997
989	989	65.8582	26.9551	57.3668	5.0	4.996
990	990	58.9853	38.9262	49.2391	5.0	4.995
991	991	61.8775	27.8145	51.9893	3.0	2.996
992	992	55.4134	37.0127	62.2108	4.0	3.997
993	993	62.6567	40.2552	58.6079	4.0	3.996
994	994	67.2763	30.4176	58.8336	5.0	4.998
995	995	55.9528	26.7363	58.7047	4.0	3.997
996	996	57.7848	36.2342	61.6160	3.0	3.027
997	997	52.0370	37.2937	54.7114	4.0	3.997
998	998	59.5387	26.5195	58.7992	4.0	3.997
999	999	49.8709	29.2402	56.8181	5.0	4.998
1000	1000	58.7821	27.7376	58.8088	3.0	2.997
1001	1001	59.4548	36.9772	50.2146	3.0	2.996
1002	1002	56.6291	39.8756	52.5421	4.0	3.994
1003	1003	65.4772	37.6652	53.2393	5.0	4.998
1004	1004	52.1173	37.1095	61.3185	5.0	4.996
1005	1005	65.0695	37.8443	55.7081	4.0	3.998
1006	1006	64.8304	31.9652	60.2114	4.0	4.000
1007	1007	51.6132	31.2560	57.3381	3.0	2.996
1008	1008	52.4640	31.4167	48.7605	5.0	4.997
1009	1009	50.4655	34.5232	55.9387	4.0	3.996
1010	1010	54.7775	37.1616	49.5964	4.0	3.997
1011	1011	59.6354	41.2532	56.3364	3.0	2.997
1012	1012	54.4873	28.8958	58.7821	3.0	2.995
1013	1013	64.3139	37.4414	57.0132	3.0	2.994
1014	1014	68.1689	32.0878	56.7997	5.0	4.998
1015	1015	54.8789	26.6222	59.8568	5.0	4.997
1016	1016	50.2902	36.0263	56.5562	5.0	5.047
1017	1017	53.6922	25.9069	56.0393	5.0	4.999
1018	1018	55.8426	33.1179	48.2631	4.0	3.999
1019	1019	59.2601	41.3636	61.2253	5.0	4.995
1020	1020	52.9406	30.0654	48.9500	5.0	4.997
1021	1021	54.7037	39.5940	55.6655	3.0	2.996
1022	1022	59.2132	35.4911	63.0153	4.0	3.997
1023	1023	53.4642	32.6537	49.2702	4.0	3.997
1024	1024	64.6941	32.2948	50.1280	3.0	2.994
1025	1025	64.7093	38.5474	56.4295	4.0	3.996
1026	1026	60.9127	40.3271	54.5547	3.0	2.998
1027	1027	51.4892	36.8637	57.8877	4.0	3.996
1028	1028	57.0913	40.9573	56.0153	3.0	2.998
1029	1029	52.1346	38.7139	56.7411	4.0	3.995
1030	1030	62.2816	32.2303	62.1562	4.0	3.997
1031	1031	56.3868	27.5884	54.1141	3.0	2.995
1032	1032	62.0257	36.7496	50.9972	3.0	2.995
1033	1033	51.8747	29.4986	49.9756	5.0	4.998
1034	1034	56.5615	30.8927	47.9762	5.0	5.002
1035	1035	58.4645	28.9274	48.5660	5.0	4.998
1036	1036	53.7549	30.6533	60.6784	4.0	3.997
1037	1037	61.1532	36.6316	61.1987	3.0	2.995
1038	1038	67.9796	30.0354	54.3978	5.0	4.996
1039	1039	68.1841	30.8947	56.4731	5.0	4.997
1040	1040	65.7633	31.2640	57.6637	3.0	2.996
1041	1041	49.9108	35.1059	57.0152	5.0	4.996
1042	1042	61.7001	31.7794	48.8524	3.0	2.995
1043	1043	61.0497	40.9648	53.6226	4.0	3.997
1044	1044	56.7679	26.0454	55.4344	4.0	3.998
1045	1045	60.9559	33.6069	61.7647	3.0	2.997
1046	1046	53.8292	40.9047	59.8107	5.0	4.997
1047	1047	61.5228	33.3811	46.9598	5.0	4.999
1048	1048	62.3456	35.8226	62.2507	4.0	3.998
1049	1049	66.4393	34.5834	52.7956	4.0	3.997
1050	1050	66.0667	35.3117	53.8945	4.0	3.998
1051	1051	66.8638	28.9931	58.5978	5.0	4.996
1052	1052	62.1973	42.0568	58.5062	5.0	4.996
1053	1053	53.1402	39.9417	57.0528	4.0	3.997
1054	1054	63.8866	30.5932	47.4640	5.0	4.997
1055	1055	51.5989	31.7366	49.2900	5.0	4.997
1056	1056	65.2134	31.9982	58.5310	3.0	2.995
1057	1057	63.1373	28.2315	49.7666	4.0	3.996
1058	1058	56.5404	40.0250	50.4637	5.0	4.997
1059	1059	61.0468	33.9109	49.1314	3.0	3.001
1060	1060	64.7896	36.2888	56.8497	3.0	2.995
1061	1061	58.6767	26.1172	52.3695	5.0	5.000
1062	1062	62.8962	27.3568	50.8947	4.0	3.997
1063	1063	55.3598	30.6954	60.4585	3.0	2.996
1064	1064	58.6862	29.8657	49.1991	4.0	3.996
1065	1065	53.3268	41.2200	55.8768	5.0	4.997
1066	1066	55.1444	29.5689	62.2535	5.0	4.997
1067	1067	52.0570	30.0924	50.9337	4.0	3.997
1068	1068	57.0931	25.0196	55.5842	5.0	4.997
1069	1069	55.8965	42.5412	55.4766	5.0	4.997
1070	1070	58.6255	37.4859	61.2558	3.0	2.995
1071	1071	56.9213	31.2830	48.8751	4.0	4.001
1072	1072	62.8785	34.0335	47.2715	5.0	4.998
1073	1073	61.6755	39.6357	61.7107	5.0	4.997
1074	1074	61.1253	33.0604	62.6622	4.0	4.001
1075	1075	52.0085	40.1988	57.4668	5.0	4.997
1076	1076	56.4303	37.6851	49.2704	4.0	3.998
1077	1077	62.0271	36.4435	49.2184	4.0	3.996
1078	1078	66.3629	30.4146	49.3061	5.0	4.998
1079	1079	55.4647	33.5641	49.3942	3.0	2.996
1080	1080	63.1815	26.5163	54.2838	4.0	3.996
1081	1081	62.3183	26.2468	54.9269	4.0	3.996
1082	1082	64.6806	29.1616	51.9931	3.0	2.994
1083	1083	50.1073	32.6733	56.6707	4.0	3.996
1084	1084	61.5418	40.5296	61.1885	5.0	4.997
1085	1085	62.6161	38.2318	60.8891	4.0	3.997
1086	1086	57.5523	32.6221	49.3039	3.0	2.995
1087	1087	54.5815	39.4979	50.7367	5.0	4.996
1088	1088	59.4428	38.1794	52.0523	3.0	2.998
1089	1089	62.9483	36.5335	52.1752	3.0	2.994
1090	1090	56.2852	39.3900	61.2025	4.0	3.996
1091	1091	59.0521	42.9704	58.7192	5.0	4.998
1092	1092	62.2984	41.2448	59.8645	5.0	4.997
1093	1093	53.8631	39.6165	52.2577	5.0	4.995
1094	1094	49.8507	32.3752	55.3890	4.0	3.997
1095	1095	61.2232	33.5353	63.7612	5.0	4.999
1096	1096	58.9931	37.8330	51.2273	3.0	3.011
1097	1097	58.7245	33.7539	64.3796	5.0	4.998
1098	1098	51.5704	37.1323	55.9941	4.0	3.997
1099	1099	60.4282	26.9858	51.6321	4.0	3.996
1100	1100	49.8490	28.8184	55.1645	5.0	4.997
1101	1101	60.7113	38.3985	60.3576	3.0	2.995
1102	1102	50.8013	35.8055	51.4366	5.0	4.997
1103	1103	54.3015	26.8259	55.1722	4.0	3.998
1104	1104	55.0541	35.1705	47.4138	5.0	4.997
1105	1105	49.6475	33.0368	51.8235	5.0	4.998
1106	1106	65.0443	28.6131	50.9080	4.0	3.998
1107	1107	56.9884	30.7825	61.0617	3.0	2.999
1108	1108	56.5889	32.1621	63.9698	5.0	4.997
1109	1109	57.4825	29.0490	49.0285	5.0	5.018
1110	1110	56.6799	42.0416	53.3144	5.0	4.998
1111	1111	54.4635	41.6511	58.7856	5.0	4.997
1112	1112	55.5330	33.1116	61.3933	3.0	2.999
1113	1113	65.8612	36.4782	60.3084	5.0	4.996
1114	1114	59.2865	32.6982	62.1664	3.0	2.994
1115	1115	55.5535	40.9513	58.6722	4.0	3.998
1116	1116	62.9285	40.2050	52.7084	5.0	4.997
1117	1117	50.4868	28.2037	56.4040	5.0	4.996
1118	1118	62.2072	39.4751	53.0206	4.0	3.998
1119	1119	52.0819	35.2716	53.8067	3.0	2.995
1120	1120	62.5491	31.1894	48.0081	4.0	3.996
1121	1121	60.5814	27.1241	56.0985	3.0	2.996
1122	1122	63.2564	25.6148	53.7409	5.0	4.997
1123	1123	67.0045	35.3631	51.9305	5.0	4.997
1124	1124	58.6806	30.9695	48.7378	4.0	4.027
1125	1125	48.9876	31.8345	56.3828	5.0	4.997
1126	1126	65.7914	36.2928	56.3541	4.0	3.999
1127	1127	54.9946	27.2243	58.9487	4.0	3.996
1128	1128	60.2633	28.5094	49.3703	4.0	3.997
1129	1129	57.9411	39.3679	60.2060	3.0	2.999
1130	1130	50.2009	34.3725	58.3135	5.0	4.997
1131	1131	53.8412	28.2408	55.9229	3.0	3.016
1132	1132	64.2986	37.8165	59.8426	4.0	3.996
1133	1133	57.9196	41.1867	57.3032	3.0	2.997
1134	1134	63.4218	27.5367	54.9496	3.0	2.995
1135	1135	55.2480	31.5720	61.9474	4.0	4.001
1136	1136	56.5959	29.9883	48.4109	5.0	4.999
1137	1137	49.2429	30.2896	56.1680	5.0	4.996
1138	1138	54.0600	37.4743	48.8940	5.0	4.997
1139	1139	64.3934	36.8840	60.3641	4.0	3.994
1140	1140	53.5551	27.1278	59.4417	5.0	4.996
1141	1141	55.8572	25.8551	59.1760	5.0	4.997
1142	1142	62.3037	38.5977	54.1773	3.0	2.996
1143	1143	52.4577	34.0514	61.4872	5.0	4.998
1144	1144	54.8704	34.9045	49.7223	3.0	2.998
1145	1145	57.1712	29.2929	50.0378	4.0	3.997
1146	1146	58.1656	25.4603	58.6072	5.0	4.997
1147	1147	53.1572	37.6345	58.9229	3.0	2.998
1148	1148	62.9156	37.9590	62.1953	5.0	4.997
1149	1149	50.4279	33.6565	52.9152	4.0	3.997
1150	1150	60.5223	25.4363	53.7712	5.0	4.997
1151	1151	56.3427	37.5209	61.1744	3.0	2.995
1152	1152	50.0465	33.3813	54.1249	4.0	3.997
1153	1153	57.1942	34.0968	46.9598	5.0	4.997
1154	1154	55.9606	38.3085	51.9514	3.0	2.994
1155	1155	55.1311	27.4202	60.9018	5.0	4.997
1156	1156	55.4726	33.6563	62.6086	4.0	3.998
1157	1157	63.4874	26.8186	59.5471	5.0	4.997
1158	1158	64.9478	35.0806	56.2289	3.0	3.016
1159	1159	63.1325	41.4165	58.3092	5.0	4.996
1160	1160	53.0980	39.1018	59.4298	4.0	3.997
1161	1161	53.4883	36.6095	48.7870	5.0	4.997
1162	1162	54.1615	40.4337	60.7879	5.0	4.997
1163	1163	58.8326	30.4364	63.4937	5.0	5.000
1164	1164	57.2728	39.4834	51.5734	4.0	3.997
1165	1165	54.5315	35.7210	50.2692	3.0	2.995
1166	1166	57.3915	26.6228	58.6530	4.0	3.997
1167	1167	61.7492	41.5007	56.1044	4.0	3.997
1168	1168	59.8519	39.5952	51.8719	4.0	3.995
1169	1169	65.5867	37.1839	52.2013	5.0	4.996
1170	1170	62.2134	35.7766	47.7638	5.0	4.997
1171	1171	50.6676	29.8239	51.1200	5.0	4.998
1172	1172	63.5740	31.6780	48.2413	4.0	3.998
1173	1173	60.0153	40.3956	52.4982	4.0	3.997
1174	1174	61.4619	38.7193	59.7068	3.0	2.994
1175	1175	51.0103	34.9679	52.5720	4.0	3.997
1176	1176	56.2237	37.4237	50.4590	3.0	2.993
1177	1177	52.6026	31.6576	49.8192	4.0	3.997
1178	1178	64.1497	30.9093	61.7985	5.0	4.996
1179	1179	65.7184	36.5790	57.6498	4.0	3.996
1180	1180	54.4948	34.1976	60.5008	3.0	2.998
1181	1181	63.1192	41.6088	55.3116	5.0	4.996
1182	1182	59.1898	27.9283	60.4956	4.0	3.997
1183	1183	54.4551	31.7167	62.7432	5.0	4.998
1184	1184	61.8245	29.1990	59.3808	3.0	3.001
1185	1185	52.3857	31.7308	58.3228	3.0	2.993
1186	1186	55.2454	28.3475	52.5677	3.0	2.997
1187	1187	59.7124	35.9508	48.3341	4.0	3.997
1188	1188	51.7256	26.9704	54.9223	5.0	4.996
1189	1189	55.5846	29.7268	60.1871	3.0	2.996
1190	1190	64.7427	35.7989	55.4435	3.0	2.998
1191	1191	60.2819	33.4869	63.0226	4.0	3.997
1192	1192	54.8135	40.6548	53.0710	5.0	5.000
1193	1193	60.1052	26.1666	51.0891	5.0	4.997
1194	1194	60.0031	36.8271	47.6543	5.0	4.997
1195	1195	50.8473	32.3915	55.2434	3.0	2.995
1196	1196	54.0139	32.3808	59.5754	3.0	2.996
1197	1197	57.0443	29.1055	60.0579	3.0	2.995
1198	1198	52.7126	35.3958	50.6271	4.0	4.001
1199	1199	66.3209	34.2020	51.5645	4.0	3.997
1200	1200	65.3359	29.4676	53.8716	3.0	2.996
1201	1201	50.3725	30.4895	56.6241	4.0	3.998
1202	1202	52.1844	36.4001	59.9220	4.0	3.999
1203	1203	51.7810	30.9917	60.2433	5.0	4.999
1204	1204	63.2286	39.0530	53.9392	4.0	4.010
1205	1205	64.1527	37.0610	49.9297	5.0	4.997
1206	1206	55.0736	35.5076	62.2253	4.0	3.997
1207	1207	52.6734	34.1898	60.2225	4.0	3.997
1208	1208	61.8133	27.2134	55.0371	3.0	2.997
1209	1209	61.9351	29.5573	49.6459	3.0	2.996
1210	1210	53.6743	34.1275	49.3336	4.0	3.997
1211	1211	65.4956	29.3302	48.9808	5.0	4.996
1212	1212	61.1359	41.6198	57.9975	4.0	3.995
1213	1213	52.6708	28.8199	49.8925	5.0	4.995
1214	1214	66.7017	36.4656	55.5190	5.0	4.997
1215	1215	54.5221	33.2695	63.1614	5.0	4.996
1216	1216	53.4652	27.6294	52.9367	4.0	3.997
1217	1217	58.6211	29.0927	61.1291	4.0	3.998
1218	1218	55.5584	42.4645	56.4913	5.0	4.997
1219	1219	55.6507	35.1815	61.3166	3.0	2.998
1220	1220	56.0807	38.3521	61.8658	4.0	3.996
1221	1221	61.8975	38.1747	50.8583	4.0	3.997
1222	1222	60.6922	27.7108	52.7357	3.0	2.999
1223	1223	53.8465	28.2264	54.4540	3.0	2.999
1224	1224	64.6801	39.4837	54.6279	5.0	4.996
1225	1225	64.0293	27.6997	49.2473	5.0	4.997
1226	1226	57.0449	29.0577	51.5941	3.0	2.996
1227	1227	58.9804	43.3007	55.9310	5.0	4.997
1228	1228	64.2304	33.4702	62.4207	5.0	5.004
1229	1229	66.5452	28.8235	50.7774	5.0	4.996
1230	1230	66.1958	32.6188	55.8654	3.0	2.997
1231	1231	58.3188	27.0212	52.8606	4.0	3.995
1232	1232	57.1347	34.7662	63.1591	4.0	3.996
1233	1233	51.7761	30.2943	56.9287	3.0	2.995
1234	1234	67.3956	30.2124	51.2031	5.0	4.998
1235	1235	66.4454	37.3929	55.7978	5.0	4.997
1236	1236	65.4024	28.4232	59.8821	5.0	4.998
1237	1237	62.4741	36.9900	61.6931	4.0	3.998
1238	1238	56.7580	26.3019	54.4300	4.0	3.997
1239	1239	53.5454	41.3883	57.9695	5.0	4.996
1240	1240	55.5905	34.6830	63.7177	5.0	4.998
1241	1241	63.4178	35.6648	51.1835	3.0	2.996
1242	1242	66.7920	27.6479	54.5647	5.0	4.997
1243	1243	58.8747	33.5276	46.9806	5.0	4.997
1244	1244	64.9430	31.3627	61.3318	5.0	5.017
1245	1245	58.4095	25.0759	55.4648	5.0	4.997
1246	1246	61.5953	42.1754	54.0245	5.0	4.997
1247	1247	54.2213	28.2855	53.4863	3.0	2.995
1248	1248	59.1746	42.2844	57.2422	4.0	3.998
1249	1249	58.2747	31.8179	63.0601	4.0	3.997
1250	1250	60.6568	29.0628	62.1375	5.0	4.997
1251	1251	54.7296	27.4924	50.3139	5.0	4.999
1252	1252	59.8023	27.2915	58.0446	3.0	2.995
1253	1253	63.5166	38.4001	57.1051	3.0	2.993
1254	1254	65.9056	35.6366	57.2451	4.0	3.997
1255	1255	64.5640	26.5516	51.7738	5.0	4.998
1256	1256	59.3811	29.1301	60.0923	3.0	2.995
1257	1257	54.1031	27.7041	60.5985	5.0	4.997
1258	1258	64.1464	33.4654	59.6400	3.0	2.997
1259	1259	56.5747	26.8853	51.0138	5.0	4.996
1260	1260	63.7947	28.2397	59.3743	4.0	3.996
1261	1261	66.5742	34.4694	55.6774	4.0	3.997
1262	1262	59.5855	28.2713	48.4603	5.0	4.997
1263	1263	60.6740	31.8448	48.9278	3.0	2.997
1264	1264	62.3275	33.8181	63.5048	5.0	4.997
1265	1265	68.0496	33.4992	55.5994	5.0	4.998
1266	1266	58.0412	27.6575	50.1255	5.0	4.996
1267	1267	61.7134	33.0363	61.4214	3.0	3.003
1268	1268	64.8572	28.3904	58.7198	4.0	3.998
1269	1269	60.8079	40.1637	60.4839	4.0	3.996
1270	1270	64.7030	34.1258	58.3719	3.0	2.997
1271	1271	64.7376	37.7099	51.8819	5.0	4.997
1272	1272	64.4693	34.1406	50.5817	3.0	2.996
1273	1273	65.0203	34.9910	52.7899	3.0	2.995
1274	1274	54.6044	26.5658	56.6830	4.0	3.997
1275	1275	62.9193	38.9453	61.5392	5.0	4.995
1276	1276	58.4921	27.3235	57.9455	3.0	2.995
1277	1277	49.4616	30.4873	52.9311	5.0	4.997
1278	1278	61.7277	25.1859	55.5556	5.0	4.997
1279	1279	61.6288	40.1564	57.8126	3.0	2.996
1280	1280	59.7913	38.1366	62.9487	5.0	4.997
1281	1281	64.7387	39.9927	57.1151	5.0	4.997
1282	1282	56.0939	28.5347	62.0043	5.0	4.998
1283	1283	56.7827	38.7427	48.7782	5.0	4.997
1284	1284	51.2125	28.7206	54.6342	4.0	3.996
1285	1285	68.0933	31.9476	53.9162	5.0	4.999
1286	1286	53.2634	28.7359	59.0172	4.0	3.996
1287	1287	51.4435	35.0592	57.8447	4.0	3.997
1288	1288	57.1404	40.7736	60.0386	4.0	3.995
1289	1289	62.5342	39.0519	58.0213	3.0	3.014
1290	1290	61.9512	35.2779	61.4378	3.0	2.996
1291	1291	61.2181	28.0646	49.6108	4.0	3.998
1292	1292	53.5849	26.5131	52.7573	5.0	4.997
1293	1293	57.8842	27.1632	55.4557	3.0	2.997
1294	1294	60.9036	28.8705	60.8553	4.0	3.998
1295	1295	57.5172	37.2039	61.3474	3.0	2.995
1296	1296	60.7052	30.3436	48.1924	4.0	3.997
1297	1297	49.9775	34.3465	51.6638	5.0	4.997
1298	1298	49.6695	35.3243	55.1282	5.0	4.997
1299	1299	54.4682	34.7786	48.7648	4.0	3.995
1300	1300	58.1430	40.4448	51.1513	5.0	5.020
1301	1301	56.6526	40.3056	61.7616	5.0	4.998
1302	1302	64.0519	34.2312	47.7274	5.0	4.996
1303	1303	51.8749	36.9743	51.2536	5.0	5.014
1304	1304	65.7654	35.7043	52.9130	4.0	3.996
1305	1305	51.2894	31.2588	53.3868	3.0	2.996
1306	1306	49.6074	34.6342	53.0214	5.0	4.999
1307	1307	57.4324	30.8172	50.2875	3.0	2.996
1308	1308	62.9513	36.5584	62.8719	5.0	4.997
1309	1309	57.3779	39.9343	59.5147	3.0	2.995
1310	1310	51.5240	31.1490	58.7875	4.0	3.995
1311	1311	58.9897	26.0501	55.3603	4.0	3.996
1312	1312	59.0872	41.2451	57.4319	3.0	2.997
1313	1313	65.1608	29.9735	58.0015	3.0	2.996
1314	1314	53.2246	33.3774	50.6140	3.0	2.997
1315	1315	62.6024	38.2251	49.6645	5.0	4.998
1316	1316	59.7213	27.8017	53.1406	3.0	2.997
1317	1317	67.3298	28.5506	56.8854	5.0	4.998
1318	1318	51.2937	34.0152	54.3771	3.0	2.997
1319	1319	58.2396	43.2135	57.7007	5.0	4.998
1320	1320	60.9825	36.4235	50.0056	3.0	2.998
1321	1321	64.6436	34.6645	60.6495	4.0	3.996
1322	1322	64.9762	34.9413	54.9674	3.0	2.997
1323	1323	53.6875	41.1575	54.9226	5.0	4.997
1324	1324	51.3018	35.0546	50.1749	5.0	4.996
1325	1325	58.7272	34.5806	49.0861	3.0	2.996
1326	1326	60.7089	31.9003	61.3080	3.0	3.012
1327	1327	62.6140	27.4396	54.3061	3.0	2.995
1328	1328	50.9660	37.4314	59.3490	5.0	4.997
1329	1329	59.5606	24.9771	55.6671	5.0	4.997
1330	1330	54.4894	32.2294	49.9815	3.0	2.997
1331	1331	64.0380	38.5602	54.4724	4.0	4.001
1332	1332	55.0666	40.4308	59.5162	4.0	3.995
1333	1333	57.9865	26.2146	55.0581	4.0	4.006
1334	1334	59.3830	29.0857	49.2739	4.0	3.995
1335	1335	52.1249	34.7704	52.5895	3.0	2.994
1336	1336	58.0705	40.8562	58.4588	3.0	2.996
1337	1337	55.3778	38.8225	49.2613	5.0	4.997
1338	1338	66.4389	37.6537	56.7752	5.0	4.997
1339	1339	61.1433	25.3434	57.7344	5.0	4.997
1340	1340	64.3232	33.2870	49.9974	3.0	2.996
1341	1341	55.8824	38.8681	60.2309	3.0	2.998
1342	1342	52.0368	28.7798	57.6130	4.0	3.995
1343	1343	58.5673	36.5038	48.6656	4.0	4.009
1344	1344	55.5974	40.1876	56.8396	3.0	2.996
1345	1345	62.3469	26.1401	50.8573	5.0	4.997
1346	1346	54.1192	28.4964	59.7702	4.0	3.995
1347	1347	64.5401	35.0564	58.7909	3.0	2.996
1348	1348	64.2620	35.8392	53.1833	3.0	2.997
1349	1349	51.0168	32.6868	56.1878	3.0	2.995
1350	1350	66.3844	36.2457	51.8482	5.0	4.997
1351	1351	52.7248	27.7766	56.5467	4.0	3.996
1352	1352	65.1076	30.0653	49.6708	4.0	3.998
1353	1353	53.2533	37.4078	49.5459	5.0	4.996
1354	1354	55.9951	30.1203	49.3940	4.0	3.998
1355	1355	60.9721	38.5577	52.9242	3.0	2.997
1356	1356	57.6375	40.9928	53.1678	4.0	3.997
1357	1357	66.4403	34.4919	54.5357	4.0	4.000
1358	1358	61.0496	26.1679	59.7114	5.0	4.996
1359	1359	51.8331	34.3733	50.7915	4.0	3.996
1360	1360	57.5185	34.7805	47.9968	4.0	3.996
1361	1361	64.2011	29.2441	51.0876	3.0	2.997
1362	1362	66.5322	27.9335	52.9781	5.0	4.997
1363	1363	63.8293	31.6825	47.2653	5.0	4.997
1364	1364	55.9766	26.1517	52.5655	5.0	5.000
1365	1365	49.5896	29.6592	53.5336	5.0	4.997
1366	1366	66.1837	35.0073	49.8192	5.0	4.996
1367	1367	65.9203	38.4394	55.8665	5.0	5.001
1368	1368	63.1706	27.0158	51.9918	4.0	3.996
1369	1369	50.5933	37.7094	56.9050	5.0	4.998
1370	1370	62.9743	27.3912	58.8138	4.0	3.997
1371	1371	59.5251	31.2231	63.7778	5.0	4.997
1372	1372	64.1557	36.0476	50.4588	4.0	3.995
1373	1373	50.9552	37.2121	54.5396	5.0	5.006
1374	1374	65.5376	34.7270	61.1223	5.0	4.998
1375	1375	65.5767	36.6254	55.3820	4.0	3.997
1376	1376	56.9512	41.7835	60.3667	5.0	4.997
1377	1377	66.7458	29.2915	55.6748	4.0	3.997
1378	1378	54.1004	39.1815	53.5509	4.0	3.996
1379	1379	57.1126	38.6755	61.7518	4.0	4.007
1380	1380	53.2516	26.2503	56.8880	5.0	4.998
1381	1381	50.0030	31.6815	56.2764	4.0	3.998
1382	1382	62.5824	28.0410	58.1074	3.0	2.997
1383	1383	64.4044	25.8290	54.4864	5.0	4.997
1384	1384	56.9342	33.4871	64.2426	5.0	4.997
1385	1385	63.5149	39.6112	57.8455	4.0	4.019
1386	1386	58.8664	36.6095	47.5978	5.0	4.998
1387	1387	59.9869	34.9202	48.0205	4.0	3.999
1388	1388	59.5591	34.8728	64.1632	5.0	4.997
1389	1389	65.5365	29.4105	56.5740	3.0	2.995
1390	1390	52.7836	40.9509	56.9902	5.0	4.998
1391	1391	62.3260	27.7137	60.7516	5.0	5.011
1392	1392	66.2438	26.9592	55.8224	5.0	4.996
1393	1393	62.1128	26.2335	59.1383	5.0	5.003
1394	1394	56.1112	28.8110	50.2451	4.0	3.997
1395	1395	50.1191	31.0123	53.8303	4.0	3.998
1396	1396	60.7085	27.8708	58.6796	3.0	2.996
1397	1397	55.0635	34.1419	47.3375	5.0	4.996
1398	1398	59.7542	41.9171	60.5294	5.0	4.999
1399	1399	66.0548	32.2391	53.2226	3.0	2.998
1400	1400	66.3370	28.7878	56.6509	4.0	3.997
1401	1401	54.5067	35.8810	49.0204	4.0	3.995
1402	1402	53.3401	39.1778	54.3465	4.0	3.995
1403	1403	55.3265	27.9844	58.3872	3.0	2.996
1404	1404	54.2077	33.2007	50.1075	3.0	2.995
1405	1405	51.9092	38.1946	57.8145	4.0	3.999
1406	1406	65.7511	33.9633	58.7452	4.0	3.998
1407	1407	62.5079	33.7454	48.1733	4.0	3.998
1408	1408	57.7896	25.1517	57.3593	5.0	5.000
1409	1409	57.7727	27.3737	61.1515	5.0	5.001
1410	1410	59.2070	39.5999	60.1124	3.0	2.994
1411	1411	58.2741	41.2859	56.1947	3.0	2.996
1412	1412	61.3140	35.5683	62.6518	4.0	3.997
1413	1413	61.2473	42.8102	57.4353	5.0	4.998
1414	1414	66.8770	31.4318	52.1207	4.0	3.998
1415	1415	58.7292	42.3154	56.1290	4.0	3.996
1416	1416	62.8174	37.1646	60.1629	3.0	2.995
1417	1417	57.4101	39.6488	49.7605	5.0	4.997
1418	1418	63.1727	32.1471	60.4445	3.0	2.994
1419	1419	57.2349	31.5339	61.6883	3.0	2.996
1420	1420	59.7815	27.3326	59.9299	4.0	3.998
1421	1421	53.0137	36.8985	54.8531	3.0	2.995
1422	1422	54.7334	41.9581	56.1363	5.0	5.001
1423	1423	61.0427	42.9464	56.2594	5.0	4.997
1424	1424	63.2892	41.0741	54.3220	5.0	4.996
1425	1425	52.6611	32.2335	50.9573	3.0	2.997
1426	1426	51.1741	32.8807	49.6058	5.0	4.996
1427	1427	57.2125	28.9748	61.1580	4.0	3.996
1428	1428	66.9759	32.2516	57.3727	4.0	3.997
1429	1429	66.4671	35.8204	59.3292	5.0	4.999
1430	1430	49.9906	30.4423	58.2417	5.0	4.997
1431	1431	61.0021	25.5885	52.8229	5.0	4.997
1432	1432	59.2245	30.5736	47.4581	5.0	4.996
1433	1433	55.0586	28.8994	50.2377	4.0	3.997
1434	1434	67.4642	31.6725	58.7857	5.0	4.997
1435	1435	62.9047	33.0364	62.0286	4.0	3.996
1436	1436	51.9586	29.5876	53.9060	3.0	2.998
1437	1437	53.7925	35.1015	61.5462	4.0	3.996
1438	1438	54.1586	32.6872	61.4270	4.0	3.996
1439	1439	65.3696	30.4583	51.6146	3.0	2.996
1440	1440	57.8731	35.7960	49.3140	3.0	2.997
1441	1441	53.2006	40.9088	58.9150	5.0	4.997
1442	1442	63.2270	36.0908	61.6643	4.0	3.997
1443	1443	55.0583	39.3751	60.8598	4.0	3.996
1444	1444	57.4161	43.0736	55.3930	5.0	4.998
1445	1445	60.9612	26.1990	55.8894	4.0	4.007
1446	1446	57.0992	43.0591	57.3449	5.0	4.997
1447	1447	62.5650	40.8023	55.5751	4.0	3.994
