# unrolled difference potential, 10 frames
# frames: 02450 04085 09025 09900 10775 11630 12485 14155 17505 19185
# angles about the centroid of the innermost shell
idx	shell	theta_deg	phi_deg	dv_mean	dv_sd
0	4.0	148.93	143.68	0.1890	0.2729
1	4.0	27.08	-138.06	-2.9017	0.4820
2	4.0	26.25	-77.10	-2.6183	0.4873
3	3.0	122.67	132.59	0.1755	0.2307
4	5.0	63.52	88.19	-0.1974	0.3120
5	4.0	49.56	-126.33	-1.8039	0.4223
6	4.0	90.93	-34.56	1.8360	0.4491
7	3.0	89.17	143.01	-0.0154	0.7683
8	5.0	34.79	-122.93	-2.0269	0.3782
9	3.0	59.37	112.65	-0.3316	0.8473
10	4.0	72.20	121.47	-0.0338	0.6617
11	3.0	132.62	133.60	0.1767	0.2103
12	3.0	149.33	123.66	0.3973	0.3143
13	4.0	89.00	-15.21	1.3833	0.4781
14	4.0	33.24	7.09	-1.4051	0.3261
15	5.0	142.52	-178.36	-0.0946	0.2904
16	5.0	101.07	-170.06	-0.3746	0.2030
17	5.0	76.93	-121.61	-0.5180	0.3296
18	5.0	44.32	164.45	-1.4721	0.4171
19	4.0	66.46	69.83	-0.3062	0.4167
20	5.0	73.09	-167.50	-0.8121	0.2780
21	4.0	51.78	143.09	-1.0645	0.5964
22	5.0	10.36	147.26	-1.9068	0.3006
23	5.0	79.28	-37.34	0.9412	0.3438
24	5.0	72.52	-47.26	0.6710	0.3725
25	5.0	143.99	51.05	0.7968	0.3759
26	4.0	122.51	-2.11	1.8280	0.5243
27	5.0	82.27	-2.37	0.6343	0.4204
28	5.0	54.78	-148.81	-1.3982	0.3364
29	4.0	57.90	-93.83	-0.9878	0.4698
30	5.0	140.96	170.00	-0.0674	0.2568
31	4.0	41.98	-157.57	-2.6536	0.4846
32	5.0	94.96	-146.68	-0.4471	0.2601
33	5.0	101.44	-28.59	1.6811	0.3343
34	5.0	55.13	-24.29	-0.2443	0.3184
35	3.0	94.22	-151.19	-0.6652	0.3964
36	4.0	111.43	134.55	0.1394	0.3405
37	4.0	139.14	50.92	0.9231	0.4955
38	3.0	98.73	85.14	0.7854	0.4813
39	4.0	174.44	-81.38	0.8723	0.5988
40	4.0	78.73	151.47	-0.4293	0.6023
41	4.0	94.21	-50.38	2.1234	0.5353
42	4.0	73.09	137.13	-0.2672	0.6496
43	5.0	132.68	22.67	1.1162	0.4696
44	4.0	119.78	54.53	0.8039	0.5628
45	3.0	129.21	-155.73	-0.6844	0.4826
46	4.0	125.97	-138.76	-0.3145	0.3611
47	5.0	64.84	-161.62	-1.0688	0.3083
48	4.0	76.32	80.50	0.0913	0.4068
49	5.0	158.88	-59.35	1.0792	0.4775
50	4.0	164.23	167.78	0.3648	0.4213
51	4.0	45.48	149.51	-1.4739	0.5658
52	5.0	81.06	59.03	-0.0496	0.3712
53	5.0	86.62	156.32	-0.3667	0.4208
54	5.0	56.78	-102.48	-0.9359	0.3644
55	5.0	75.14	25.61	-0.0847	0.4378
56	5.0	22.45	-175.85	-2.0720	0.3464
57	5.0	42.33	152.13	-1.3111	0.4110
58	5.0	121.07	-72.29	1.4600	0.3656
59	4.0	96.95	-72.40	1.9961	0.6389
60	5.0	134.30	167.07	-0.1314	0.2382
61	5.0	160.40	-113.28	0.6457	0.4815
62	4.0	74.07	-117.10	-0.6212	0.4114
63	5.0	90.81	82.97	0.2640	0.3090
64	4.0	146.77	56.27	0.8702	0.4491
65	5.0	90.12	-129.90	-0.4153	0.3329
66	5.0	47.43	-174.64	-1.8388	0.4173
67	4.0	33.62	80.62	-1.3427	0.2906
68	5.0	74.91	-104.05	-0.2790	0.3459
69	4.0	126.16	-65.24	1.9032	0.4809
70	4.0	136.30	-33.81	1.9043	0.5354
71	5.0	165.67	-26.53	1.0252	0.4841
72	3.0	139.35	-114.97	0.5551	0.6704
73	3.0	33.07	77.35	-1.6599	0.4369
74	5.0	91.61	163.39	-0.3889	0.3583
75	3.0	91.43	-83.38	1.6729	0.7509
76	3.0	51.89	-16.34	-1.0696	0.5237
77	4.0	143.00	-62.94	1.6038	0.5720
78	4.0	123.58	-165.43	-0.4077	0.2998
79	5.0	33.89	139.52	-1.4332	0.3657
80	3.0	87.29	-121.62	-0.4607	0.5879
81	5.0	45.87	125.88	-0.8669	0.3956
82	4.0	74.04	-137.06	-0.9079	0.4265
83	5.0	40.93	-12.95	-0.8895	0.2832
84	4.0	34.72	-119.32	-2.7599	0.5009
85	5.0	19.76	101.51	-1.6013	0.2590
86	5.0	61.78	96.20	-0.2276	0.3427
87	5.0	134.84	-41.49	1.5103	0.3888
88	5.0	132.93	-76.46	1.2690	0.3935
89	4.0	15.21	-137.70	-2.8176	0.4623
90	5.0	37.01	-174.36	-2.0212	0.3895
91	4.0	62.89	-62.84	0.0682	0.5607
92	5.0	56.90	-82.02	-0.5724	0.3780
93	5.0	143.67	18.47	1.1391	0.4569
94	3.0	86.51	-38.25	2.3087	0.6710
95	5.0	141.77	-3.61	1.3257	0.4349
96	5.0	106.58	-140.85	-0.3442	0.2729
97	5.0	65.13	107.66	-0.1677	0.4326
98	5.0	80.43	118.44	0.0735	0.4868
99	5.0	119.57	53.55	0.6761	0.4413
100	4.0	123.19	31.65	1.1355	0.7241
101	5.0	53.22	-72.32	-0.6158	0.3825
102	4.0	93.27	161.47	-0.4036	0.4633
103	3.0	77.72	132.11	0.0824	0.9166
104	5.0	48.51	135.34	-0.8778	0.4250
105	4.0	58.81	-157.49	-1.7000	0.4253
106	3.0	64.84	-154.09	-1.7126	0.5101
107	4.0	153.88	164.94	0.1396	0.3582
108	4.0	45.69	126.86	-1.0816	0.5337
109	3.0	147.95	-95.89	1.3508	0.8544
110	3.0	116.63	101.39	0.8712	0.4152
111	5.0	150.37	-148.92	0.1121	0.3730
112	4.0	145.40	0.18	1.5766	0.6063
113	3.0	119.06	55.63	0.9847	0.7472
114	5.0	36.85	165.47	-1.7461	0.4015
115	5.0	90.55	-166.81	-0.4815	0.2196
116	4.0	111.23	68.69	0.6145	0.3953
117	5.0	134.69	-170.37	-0.1949	0.2637
118	4.0	92.43	71.35	0.3045	0.3981
119	3.0	73.45	151.26	-0.5656	0.8641
120	5.0	71.19	75.08	-0.1095	0.3127
121	5.0	113.20	137.53	0.0551	0.2651
122	3.0	50.97	11.10	-1.2382	0.5073
123	5.0	21.69	61.07	-1.4024	0.2424
124	4.0	33.15	107.72	-1.5306	0.3628
125	4.0	104.24	149.05	-0.1536	0.4157
126	5.0	42.89	6.48	-0.8390	0.2942
127	5.0	82.49	-111.11	-0.2241	0.3315
128	3.0	157.44	-127.58	0.5820	0.7888
129	3.0	107.07	125.21	0.5037	0.5238
130	3.0	18.90	177.73	-3.8397	0.6591
131	5.0	103.52	97.58	0.4174	0.3096
132	5.0	91.70	67.75	0.1980	0.3299
133	3.0	102.53	4.61	1.9060	0.9518
134	3.0	58.57	136.75	-0.7790	0.8927
135	3.0	71.68	102.62	0.3575	0.7903
136	4.0	74.69	-162.05	-0.9219	0.3233
137	5.0	69.06	-144.70	-0.9139	0.3175
138	4.0	28.21	-58.83	-2.4332	0.4701
139	5.0	33.59	60.23	-1.0774	0.2559
140	4.0	101.72	-23.56	2.1854	0.4530
141	3.0	119.37	-115.74	0.1549	0.4848
142	5.0	133.94	60.28	0.7045	0.3488
143	3.0	124.50	-135.87	-0.5834	0.4924
144	3.0	112.37	-105.57	0.7214	0.4926
145	5.0	47.35	-154.50	-1.7251	0.3567
146	4.0	74.97	177.47	-0.9122	0.4229
147	5.0	83.89	69.84	0.0809	0.3261
148	5.0	27.65	-70.69	-1.8396	0.3626
149	5.0	38.87	-145.33	-1.9854	0.3665
150	5.0	65.21	-30.97	0.2775	0.3283
151	3.0	80.80	-48.19	1.9955	0.7763
152	3.0	73.49	-130.04	-0.9738	0.5561
153	5.0	95.47	102.58	0.3486	0.3658
154	5.0	27.32	24.30	-1.2093	0.2538
155	4.0	46.40	25.98	-1.0358	0.3940
156	3.0	165.71	132.39	0.5417	0.5178
157	3.0	77.05	5.86	0.2699	0.8481
158	3.0	122.61	-179.02	-0.5601	0.3952
159	5.0	127.33	-3.27	1.4239	0.4003
160	5.0	75.98	-174.55	-0.7368	0.2850
161	3.0	37.30	-100.37	-3.8253	0.7243
162	5.0	162.71	144.15	0.3532	0.2939
163	4.0	75.15	-40.31	1.0185	0.4706
164	3.0	86.28	-166.16	-0.6801	0.3091
165	5.0	91.85	76.24	0.2448	0.3073
166	4.0	42.44	-28.62	-1.2042	0.3749
167	4.0	110.49	-174.45	-0.3798	0.2446
168	3.0	129.44	-55.89	2.5311	0.6866
169	5.0	50.23	116.30	-0.6536	0.3943
170	4.0	102.35	-147.90	-0.4979	0.3170
171	3.0	140.50	108.06	0.5360	0.2614
172	3.0	154.12	-71.66	1.6349	0.8943
173	5.0	134.37	-108.77	0.5396	0.3822
174	4.0	58.71	126.71	-0.5403	0.6184
175	3.0	79.61	-23.51	1.3468	0.6111
176	5.0	96.08	94.38	0.3563	0.3274
177	5.0	34.52	23.01	-1.0337	0.2695
178	5.0	118.52	170.87	-0.2423	0.2134
179	4.0	167.92	-10.97	1.1374	0.6358
180	3.0	32.80	-47.53	-2.9050	0.5719
181	4.0	66.76	89.10	-0.0714	0.4210
182	4.0	39.72	-135.60	-2.5056	0.4610
183	5.0	151.52	80.89	0.5999	0.2855
184	5.0	147.44	-134.87	0.1853	0.3824
185	5.0	63.44	75.73	-0.2650	0.3003
186	3.0	123.13	-73.00	2.4408	0.6599
187	4.0	48.62	163.14	-1.6851	0.5694
188	4.0	75.36	-85.60	0.2771	0.5050
189	5.0	97.70	86.75	0.3585	0.3009
190	3.0	95.61	-12.64	2.2165	0.7067
191	5.0	140.42	128.44	0.2234	0.1645
192	3.0	27.29	132.77	-3.0530	0.6880
193	5.0	92.71	130.63	0.0668	0.4362
194	3.0	34.55	-72.20	-3.5080	0.7083
195	4.0	55.12	-173.03	-2.0767	0.5196
196	5.0	42.04	-42.71	-0.9871	0.3346
197	5.0	64.08	-4.65	-0.0396	0.3740
198	3.0	150.00	-161.86	-0.1681	0.6631
199	5.0	52.54	159.91	-1.1281	0.4381
200	5.0	123.34	-99.95	0.7969	0.3739
201	5.0	102.80	-22.82	1.6515	0.3438
202	5.0	166.62	12.62	0.9280	0.4560
203	4.0	115.96	13.35	1.4564	0.6472
204	4.0	96.25	32.57	0.4591	0.7062
205	4.0	116.38	-64.07	2.1368	0.4724
206	5.0	121.74	14.78	1.1844	0.4658
207	5.0	164.66	-66.18	0.9644	0.4919
208	5.0	75.28	-6.45	0.4334	0.3880
209	3.0	151.34	96.71	0.6674	0.3849
210	3.0	130.88	166.15	-0.4334	0.4306
211	4.0	91.23	51.85	0.1115	0.5528
212	5.0	144.09	151.51	0.0851	0.2134
213	5.0	135.21	-28.87	1.5085	0.3938
214	4.0	60.82	-107.44	-1.0386	0.4336
215	3.0	93.77	92.62	0.8275	0.5767
216	5.0	121.84	-26.08	1.6412	0.3436
217	4.0	144.98	-48.76	1.6735	0.5826
218	4.0	49.96	-54.34	-0.8951	0.4893
219	3.0	62.99	-34.75	0.1655	0.5865
220	3.0	82.01	53.39	-0.3591	0.7282
221	3.0	114.73	-174.00	-0.4935	0.3326
222	3.0	49.15	-66.29	-1.6075	0.6503
223	5.0	84.01	83.86	0.1725	0.3183
224	3.0	55.55	177.58	-2.5862	0.7690
225	5.0	53.41	-92.99	-0.9480	0.3746
226	5.0	125.05	-56.79	1.5753	0.3551
227	3.0	22.18	-150.22	-4.0969	0.6725
228	3.0	88.91	75.95	0.4447	0.5155
229	3.0	153.28	-13.87	1.9149	0.9084
230	5.0	108.83	-155.67	-0.3577	0.2272
231	5.0	81.50	-82.02	0.5525	0.4161
232	3.0	119.62	-49.90	2.9631	0.6100
233	4.0	129.57	110.19	0.4417	0.1975
234	3.0	133.95	73.92	0.9409	0.4615
235	5.0	171.58	-96.89	0.7463	0.4709
236	5.0	62.47	117.09	-0.3042	0.4571
237	3.0	94.48	-4.96	1.8510	0.8047
238	4.0	70.29	-150.30	-1.0774	0.3756
239	5.0	69.80	81.07	-0.0955	0.3098
240	5.0	152.35	-65.97	1.1380	0.4608
241	5.0	51.82	-33.40	-0.3873	0.3208
242	4.0	99.52	-90.45	1.1241	0.4984
243	5.0	117.52	62.26	0.6038	0.3758
244	4.0	84.90	-39.54	1.5779	0.4724
245	5.0	108.69	-56.86	1.7767	0.3680
246	5.0	152.18	-11.78	1.2350	0.4581
247	4.0	40.39	-0.06	-1.2069	0.3456
248	5.0	140.10	99.14	0.4550	0.1909
249	5.0	53.43	76.31	-0.4961	0.2750
250	3.0	52.52	-137.82	-2.3005	0.5260
251	5.0	124.24	36.79	0.9044	0.5219
252	5.0	46.38	-141.43	-1.6365	0.3433
253	3.0	68.74	161.50	-1.0811	0.8273
254	4.0	77.65	-55.80	1.2112	0.5709
255	3.0	75.32	-60.56	1.4744	0.8830
256	5.0	114.15	-104.14	0.5311	0.3369
257	3.0	129.35	-21.45	2.6733	0.7129
258	5.0	92.17	-77.49	1.1457	0.4554
259	5.0	67.32	94.04	-0.0973	0.3453
260	5.0	122.32	-18.02	1.5851	0.3565
261	5.0	152.39	99.65	0.4804	0.2435
262	5.0	114.82	121.08	0.2840	0.2675
263	5.0	111.61	83.59	0.4824	0.2646
264	5.0	42.63	-91.63	-1.4869	0.3859
265	5.0	142.67	-154.62	-0.0629	0.3189
266	4.0	130.93	43.97	0.9837	0.5876
267	3.0	115.21	-137.79	-0.6963	0.4931
268	4.0	55.07	136.06	-0.8113	0.6101
269	4.0	65.14	-178.53	-1.3641	0.4673
270	5.0	57.05	58.11	-0.5619	0.3437
271	3.0	131.67	-31.64	2.6410	0.7238
272	3.0	100.36	39.08	0.5561	0.9314
273	5.0	94.24	-106.90	0.1168	0.3334
274	5.0	54.96	30.26	-0.6026	0.3432
275	4.0	109.11	91.27	0.6324	0.3391
276	3.0	158.86	58.51	0.9235	0.5851
277	3.0	107.57	91.28	0.9072	0.4496
278	4.0	66.29	100.02	-0.0471	0.5061
279	5.0	52.94	-1.17	-0.5185	0.3405
280	4.0	32.43	-104.96	-2.7497	0.5113
281	3.0	100.32	101.63	0.9289	0.6052
282	5.0	78.98	-143.17	-0.6645	0.2991
283	5.0	84.72	102.21	0.2262	0.3974
284	5.0	46.53	-77.45	-1.0544	0.3745
285	3.0	84.62	-109.93	-0.1871	0.5400
286	5.0	105.06	-105.57	0.3508	0.3342
287	4.0	165.11	-44.72	1.2261	0.6605
288	5.0	95.41	-27.62	1.4709	0.3314
289	4.0	103.07	0.89	1.5992	0.6042
290	4.0	104.24	23.72	0.9586	0.8293
291	4.0	118.79	-103.84	0.7386	0.4186
292	5.0	132.14	131.26	0.1651	0.1563
293	4.0	122.60	-90.87	1.4281	0.4930
294	5.0	46.96	81.25	-0.6524	0.2507
295	5.0	88.21	-176.11	-0.4991	0.2410
296	4.0	104.25	38.34	0.6160	0.7109
297	5.0	102.94	150.85	-0.1657	0.3451
298	4.0	43.62	84.84	-0.9104	0.3032
299	4.0	84.70	-23.02	1.3162	0.4443
300	5.0	142.74	-57.44	1.3276	0.4231
301	3.0	50.53	-96.52	-2.2060	0.6278
302	4.0	54.41	-34.94	-0.3904	0.4181
303	5.0	94.47	-43.34	1.5496	0.3552
304	4.0	107.95	-70.78	2.1745	0.5505
305	3.0	132.12	56.30	1.0307	0.6401
306	4.0	98.78	120.64	0.4254	0.5411
307	4.0	73.93	-15.32	0.5954	0.4616
308	3.0	85.17	41.01	-0.2031	0.7708
309	4.0	120.66	-143.98	-0.4102	0.3388
310	3.0	80.76	-179.11	-0.8435	0.4289
311	5.0	123.06	-10.23	1.5118	0.3746
312	4.0	65.49	127.35	-0.3181	0.6476
313	4.0	131.20	-21.06	1.9645	0.5130
314	5.0	57.15	47.57	-0.5918	0.3514
315	4.0	107.40	-53.43	2.4657	0.4979
316	4.0	68.29	-30.78	0.5048	0.4312
317	5.0	138.95	-92.19	0.9782	0.4309
318	4.0	103.90	-43.26	2.4975	0.4752
319	4.0	113.71	-123.67	-0.1598	0.3873
320	5.0	142.41	-116.92	0.4094	0.4020
321	3.0	72.55	-10.04	0.4263	0.6709
322	4.0	115.70	-158.08	-0.4408	0.2872
323	3.0	42.60	30.33	-1.4798	0.4968
324	3.0	133.08	-166.04	-0.6433	0.5050
325	3.0	74.37	76.32	0.0575	0.5543
326	4.0	141.89	79.98	0.7081	0.3277
327	3.0	68.24	24.22	-0.6726	0.6356
328	4.0	88.55	138.56	-0.0244	0.5835
329	4.0	55.83	15.58	-0.7472	0.4413
330	5.0	85.31	94.39	0.2292	0.3529
331	3.0	54.27	-81.04	-1.3291	0.6243
332	3.0	106.18	-54.30	3.6175	0.7714
333	5.0	101.15	-128.28	-0.2765	0.3213
334	4.0	132.24	-176.76	-0.3402	0.3325
335	5.0	163.68	66.76	0.6858	0.3568
336	3.0	74.56	-146.68	-1.1226	0.5054
337	4.0	111.75	-83.05	1.7457	0.5118
338	4.0	73.96	65.63	-0.1830	0.4413
339	4.0	50.49	104.26	-0.6765	0.4599
340	5.0	72.84	166.79	-0.7506	0.4326
341	5.0	93.70	-63.25	1.4596	0.4337
342	5.0	60.85	-138.74	-1.1161	0.3295
343	5.0	10.73	-24.51	-1.8036	0.2974
344	5.0	101.09	137.69	0.0216	0.3744
345	3.0	31.17	-28.24	-2.4669	0.4555
346	4.0	96.63	-129.04	-0.4346	0.4395
347	3.0	19.21	-68.97	-3.7356	0.6619
348	3.0	102.20	-123.14	-0.3928	0.6314
349	4.0	136.60	161.33	-0.1283	0.2904
350	5.0	122.49	-115.84	0.2110	0.3141
351	3.0	95.73	167.79	-0.4626	0.4751
352	5.0	39.43	-161.13	-2.0286	0.3782
353	3.0	89.90	133.58	0.2635	0.7981
354	4.0	130.60	133.55	0.1541	0.1825
355	5.0	160.87	109.79	0.4687	0.2838
356	4.0	169.61	85.08	0.7085	0.4657
357	5.0	102.84	-2.57	1.3089	0.4272
358	5.0	99.83	-16.50	1.4884	0.3637
359	5.0	108.41	-82.57	1.3172	0.4030
360	4.0	49.84	-25.51	-0.7542	0.3991
361	5.0	45.06	98.21	-0.7338	0.2866
362	5.0	82.89	16.67	0.3000	0.5210
363	5.0	153.10	-170.72	0.1020	0.3305
364	5.0	64.77	33.66	-0.4049	0.3779
365	4.0	96.58	-11.85	1.6944	0.5077
366	3.0	65.73	-4.20	-0.2316	0.6767
367	5.0	32.71	-87.89	-1.8791	0.3882
368	5.0	106.87	72.52	0.4301	0.3000
369	4.0	152.75	73.00	0.7397	0.3860
370	3.0	44.02	110.53	-1.3067	0.6250
371	3.0	104.60	-41.66	3.6022	0.6700
372	4.0	157.88	-149.13	0.2794	0.5133
373	4.0	81.49	74.95	0.1330	0.4051
374	4.0	97.77	-138.47	-0.5141	0.3814
375	3.0	66.78	73.87	-0.2700	0.5612
376	5.0	136.74	-69.80	1.3053	0.4035
377	5.0	62.82	9.15	-0.2829	0.4051
378	5.0	57.11	-168.34	-1.4186	0.3631
379	5.0	109.45	-167.74	-0.3383	0.2061
380	5.0	39.65	120.89	-1.0415	0.3494
381	5.0	160.79	41.22	0.8342	0.4026
382	4.0	122.14	117.21	0.3846	0.2338
383	5.0	75.58	108.94	0.0621	0.4554
384	3.0	74.27	-101.97	-0.3701	0.5638
385	5.0	126.96	177.32	-0.2275	0.2269
386	4.0	74.08	38.47	-0.3756	0.5186
387	3.0	104.92	63.73	0.6222	0.5594
388	5.0	88.29	41.48	0.1001	0.4684
389	4.0	83.50	-50.31	1.5698	0.5416
390	3.0	69.65	131.95	-0.1759	0.9341
391	3.0	146.56	33.07	1.3170	0.7913
392	3.0	107.31	107.04	0.8912	0.5448
393	4.0	72.46	-174.20	-1.0059	0.3681
394	4.0	56.96	-123.71	-1.3947	0.4130
395	4.0	67.58	-129.28	-1.0089	0.4133
396	4.0	14.97	-175.59	-2.7261	0.4478
397	5.0	58.95	-61.23	-0.1434	0.4031
398	3.0	64.74	-108.84	-1.0914	0.5372
399	5.0	126.51	155.92	-0.1052	0.2055
400	4.0	153.92	-75.71	1.2819	0.6338
401	5.0	136.72	-19.12	1.4634	0.4059
402	4.0	134.72	-57.44	1.8170	0.5212
403	3.0	102.48	139.34	0.1045	0.5592
404	5.0	89.18	-32.97	1.2987	0.3334
405	4.0	105.41	81.99	0.5754	0.3439
406	5.0	89.74	177.31	-0.4653	0.2634
407	3.0	58.19	30.59	-1.1146	0.5556
408	4.0	116.99	-166.22	-0.4117	0.2713
409	4.0	117.17	173.79	-0.3412	0.2658
410	4.0	94.45	-80.82	1.4803	0.5832
411	4.0	125.92	-117.01	0.2044	0.3979
412	5.0	24.17	-156.83	-2.1307	0.3521
413	4.0	41.96	-14.48	-1.1579	0.3490
414	5.0	132.76	-179.48	-0.1976	0.2475
415	4.0	55.53	-141.67	-1.6523	0.4123
416	4.0	64.01	48.69	-0.6675	0.4847
417	4.0	83.61	-81.18	0.9085	0.5560
418	5.0	92.98	117.36	0.2583	0.4507
419	5.0	115.07	-38.64	1.7471	0.3223
420	3.0	60.63	94.20	-0.1774	0.5929
421	4.0	103.84	-15.38	2.0479	0.4784
422	4.0	119.48	-13.78	2.0285	0.4703
423	4.0	89.76	-1.48	1.1092	0.5872
424	4.0	137.92	-20.73	1.8498	0.5533
425	3.0	86.34	163.85	-0.6319	0.6922
426	5.0	113.61	-6.02	1.4618	0.3812
427	5.0	54.34	110.31	-0.4904	0.3999
428	5.0	70.87	147.02	-0.4707	0.4736
429	4.0	64.53	-17.36	0.1064	0.4360
430	4.0	148.19	-173.08	-0.0834	0.4239
431	3.0	137.96	31.67	1.4038	0.8894
432	3.0	89.26	-29.64	2.2968	0.6178
433	5.0	88.48	7.43	0.6865	0.4976
434	4.0	84.61	104.63	0.4066	0.5571
435	5.0	67.84	23.23	-0.2580	0.4035
436	4.0	108.95	-22.99	2.2182	0.4322
437	4.0	67.12	36.16	-0.5522	0.4828
438	4.0	77.89	6.59	0.3282	0.6161
439	5.0	136.19	69.73	0.6524	0.3007
440	4.0	85.47	-94.07	0.4326	0.4838
441	5.0	119.60	-53.65	1.6670	0.3410
442	3.0	167.46	-88.95	1.1078	0.8711
443	5.0	37.72	104.38	-1.0201	0.2806
444	5.0	18.52	-121.63	-2.1038	0.3489
445	3.0	62.29	-25.35	-0.0310	0.5662
446	4.0	106.37	115.23	0.5296	0.4496
447	3.0	43.72	85.52	-1.1180	0.4005
448	4.0	96.51	-168.82	-0.4578	0.2380
449	4.0	122.38	144.29	-0.0233	0.2261
450	5.0	151.25	-80.03	1.0389	0.4645
451	5.0	113.30	-67.90	1.6100	0.3727
452	4.0	6.57	-123.37	-2.6540	0.4395
453	3.0	136.10	-78.92	1.9368	0.7444
454	4.0	130.92	-76.78	1.6309	0.5097
455	5.0	86.78	147.32	-0.2337	0.4377
456	5.0	10.89	-89.25	-1.9900	0.3268
457	5.0	113.94	-15.14	1.5833	0.3493
458	5.0	103.54	22.28	0.8189	0.5839
459	4.0	113.77	38.23	0.8791	0.7691
460	4.0	107.41	-168.15	-0.4055	0.2414
461	5.0	53.00	-111.62	-1.1648	0.3485
462	5.0	31.18	-30.37	-1.3246	0.2886
463	4.0	100.37	-35.98	2.3027	0.4486
464	3.0	91.86	-44.75	2.8648	0.7470
465	5.0	105.98	-46.42	1.8352	0.3508
466	4.0	132.82	169.92	-0.2691	0.3197
467	3.0	46.24	-176.36	-3.5010	0.7330
468	3.0	137.39	-142.29	-0.4470	0.5774
469	3.0	125.93	109.11	0.5892	0.2750
470	4.0	58.96	55.86	-0.7532	0.4787
471	5.0	42.61	111.37	-0.8811	0.3339
472	4.0	132.74	-12.59	1.8804	0.5338
473	3.0	61.60	-61.84	-0.1048	0.7770
474	5.0	74.14	43.07	-0.2442	0.4079
475	5.0	103.73	39.76	0.5087	0.5290
476	5.0	60.00	152.37	-0.7947	0.4602
477	4.0	57.47	79.83	-0.4320	0.3667
478	3.0	103.75	-71.76	3.0331	0.8547
479	5.0	28.14	-138.73	-2.1407	0.3638
480	3.0	93.35	-110.28	0.0398	0.5463
481	4.0	88.96	128.55	0.1759	0.6052
482	3.0	47.79	165.59	-2.4593	0.7912
483	3.0	149.98	150.08	0.1532	0.3891
484	4.0	115.66	88.00	0.6708	0.3081
485	4.0	115.31	-139.57	-0.4208	0.3502
486	4.0	123.90	-23.15	2.0839	0.4681
487	5.0	31.70	-111.53	-2.0396	0.3813
488	3.0	56.60	155.47	-1.4337	0.8490
489	4.0	80.45	94.46	0.3027	0.4739
490	5.0	102.78	66.11	0.3674	0.3332
491	5.0	106.34	-12.61	1.5224	0.3655
492	4.0	83.12	164.91	-0.6138	0.5316
493	5.0	105.93	163.20	-0.2624	0.2601
494	5.0	161.95	-179.79	0.2867	0.3353
495	3.0	73.83	-170.08	-1.1656	0.4162
496	3.0	49.51	-28.44	-1.2295	0.5271
497	4.0	37.23	-73.03	-2.1418	0.4978
498	4.0	174.88	139.81	0.6579	0.5054
499	3.0	73.79	123.68	0.1580	0.9489
500	4.0	57.00	-52.29	-0.2605	0.4905
501	4.0	66.58	12.80	-0.3324	0.5309
502	5.0	135.50	-129.51	0.0692	0.3273
503	4.0	72.08	-4.11	0.2785	0.5166
504	3.0	77.61	61.29	-0.2940	0.6489
505	4.0	97.43	61.68	0.3246	0.4551
506	4.0	91.86	-43.50	1.9805	0.4921
507	5.0	92.85	137.45	-0.0304	0.4258
508	5.0	124.88	-133.38	-0.1186	0.2872
509	3.0	51.15	-153.25	-2.7633	0.5631
510	4.0	155.52	45.92	0.9440	0.4972
511	5.0	82.62	-72.42	0.9134	0.4648
512	4.0	93.52	14.37	0.8696	0.7898
513	4.0	47.24	-37.44	-0.9536	0.4191
514	5.0	98.54	-122.73	-0.2132	0.3394
515	5.0	54.29	175.44	-1.4021	0.4251
516	5.0	52.86	-49.42	-0.3810	0.3568
517	5.0	76.11	143.11	-0.3200	0.4741
518	4.0	132.17	-3.47	1.7871	0.5495
519	4.0	60.01	24.64	-0.6656	0.4524
520	3.0	86.59	-61.43	2.5209	0.9488
521	5.0	21.90	-54.79	-1.8196	0.3321
522	5.0	118.62	-144.89	-0.2785	0.2592
523	3.0	50.04	22.96	-1.3151	0.5121
524	5.0	162.59	-153.05	0.3601	0.3880
525	3.0	98.89	111.81	0.8866	0.7132
526	5.0	152.70	131.76	0.2847	0.2230
527	3.0	123.42	151.99	-0.2136	0.3006
528	3.0	143.15	-28.80	2.2993	0.8338
529	5.0	101.29	-70.78	1.5599	0.4378
530	5.0	118.27	179.04	-0.2716	0.2107
531	5.0	95.10	33.03	0.3765	0.5275
532	5.0	99.84	-140.41	-0.3883	0.2789
533	4.0	28.66	121.03	-1.9241	0.4215
534	3.0	102.94	-171.19	-0.4071	0.2663
535	4.0	143.68	25.69	1.2954	0.6274
536	3.0	82.02	-143.52	-0.8842	0.5166
537	3.0	5.83	33.83	-3.1147	0.5852
538	4.0	157.41	139.20	0.3264	0.3242
539	5.0	129.07	-40.22	1.5893	0.3639
540	4.0	90.00	-161.82	-0.5656	0.2630
541	4.0	110.82	-43.54	2.3996	0.4332
542	3.0	56.18	126.39	-0.7112	0.8617
543	5.0	87.10	-22.44	1.1092	0.3384
544	5.0	111.68	65.24	0.5021	0.3419
545	5.0	110.30	-133.26	-0.2556	0.2899
546	5.0	77.78	-14.55	0.6473	0.3583
547	4.0	109.54	154.81	-0.2311	0.3285
548	5.0	129.80	93.05	0.5178	0.2087
549	5.0	61.56	-152.87	-1.1915	0.3266
550	4.0	101.70	-65.28	2.2917	0.5988
551	5.0	69.33	-116.83	-0.6413	0.3299
552	3.0	76.76	142.41	-0.2114	0.8866
553	5.0	169.12	-161.79	0.4710	0.3917
554	5.0	145.55	-165.29	-0.0483	0.3208
555	5.0	80.71	-60.37	0.9921	0.4304
556	4.0	26.51	14.36	-1.5875	0.3229
557	4.0	123.34	-174.15	-0.3832	0.2885
558	3.0	143.84	-11.17	2.2026	0.8556
559	5.0	105.74	-119.61	-0.0657	0.3254
560	4.0	54.16	88.70	-0.4871	0.3640
561	3.0	96.65	-26.27	2.7580	0.6172
562	4.0	45.43	74.89	-0.8804	0.3335
563	5.0	127.81	-157.34	-0.2472	0.2547
564	5.0	64.31	-172.54	-1.1002	0.3365
565	4.0	88.57	146.76	-0.1876	0.5625
566	5.0	33.43	6.95	-1.0863	0.2649
567	3.0	111.11	-30.19	3.2033	0.5757
568	5.0	62.94	176.47	-1.1616	0.4187
569	5.0	92.86	-116.87	-0.1570	0.3319
570	3.0	167.02	-32.54	1.3902	0.9165
571	3.0	77.64	166.05	-0.9238	0.7619
572	4.0	47.49	-168.37	-2.4860	0.5127
573	5.0	103.96	-88.32	1.0408	0.3959
574	3.0	13.55	76.95	-2.7243	0.5402
575	4.0	18.78	15.52	-1.8920	0.3443
576	3.0	64.96	124.78	-0.2302	0.9235
577	4.0	63.67	164.30	-1.1219	0.5889
578	4.0	92.30	98.20	0.5095	0.4689
579	5.0	74.44	3.37	0.2429	0.4357
580	5.0	111.36	158.95	-0.2069	0.2468
581	5.0	117.75	-131.68	-0.1683	0.2856
582	3.0	68.82	83.44	0.0342	0.5542
583	4.0	25.32	137.92	-2.3231	0.4668
584	3.0	59.94	-165.45	-2.2599	0.5643
585	5.0	53.56	167.74	-1.2541	0.4319
586	4.0	68.75	-91.06	-0.2647	0.4761
587	3.0	111.09	-147.92	-0.7120	0.4410
588	3.0	40.27	147.31	-2.2774	0.7702
589	5.0	128.00	119.68	0.2710	0.1649
590	5.0	108.23	-26.02	1.7053	0.3267
591	3.0	121.68	170.76	-0.4989	0.3844
592	3.0	125.04	-125.35	-0.2508	0.4980
593	5.0	105.51	48.14	0.4758	0.4879
594	5.0	99.02	-163.97	-0.4012	0.2081
595	3.0	146.23	-52.19	2.0759	0.8438
596	3.0	69.64	-45.90	0.9128	0.6969
597	4.0	99.07	-120.40	-0.2134	0.4424
598	5.0	106.48	-147.31	-0.3648	0.2509
599	4.0	22.55	-112.89	-2.8442	0.4846
600	3.0	107.02	154.63	-0.3402	0.4354
601	3.0	121.80	-146.33	-0.7120	0.4610
602	5.0	133.69	78.97	0.6076	0.2631
603	4.0	143.14	-143.63	-0.0856	0.4518
604	5.0	72.57	32.60	-0.2188	0.4116
605	4.0	137.54	-134.07	-0.0655	0.4284
606	3.0	135.52	-95.43	1.5555	0.7347
607	4.0	82.32	56.56	-0.1062	0.5010
608	4.0	47.56	-102.85	-1.8300	0.4749
609	4.0	99.82	104.18	0.5785	0.4627
610	4.0	149.27	-118.24	0.5331	0.5879
611	5.0	10.21	18.03	-1.7124	0.2782
612	4.0	131.96	72.36	0.7681	0.3672
613	3.0	29.78	-87.68	-3.9219	0.7180
614	5.0	103.77	79.44	0.4038	0.2850
615	4.0	150.04	-153.96	-0.0004	0.4906
616	5.0	50.36	43.14	-0.7177	0.3277
617	3.0	104.09	-89.33	1.7480	0.6416
618	4.0	105.60	-159.43	-0.4466	0.2604
619	5.0	99.64	164.53	-0.3136	0.2911
620	4.0	75.90	-103.87	-0.2905	0.4323
621	5.0	82.25	-134.46	-0.5708	0.3271
622	5.0	41.56	-53.85	-1.1415	0.3662
623	5.0	112.61	4.18	1.2941	0.4330
624	5.0	84.36	135.25	-0.0890	0.4655
625	4.0	125.97	6.74	1.6572	0.5736
626	4.0	24.38	160.02	-2.5846	0.4756
627	4.0	5.50	151.84	-2.5193	0.4160
628	5.0	24.35	-105.35	-2.0616	0.3643
629	3.0	120.28	21.22	1.5763	1.0294
630	5.0	95.68	-84.00	1.0023	0.4201
631	5.0	136.85	-59.78	1.3930	0.3995
632	3.0	112.13	2.33	2.2544	0.8003
633	4.0	137.69	92.43	0.6129	0.2571
634	3.0	42.26	-46.64	-2.1571	0.5914
635	4.0	100.77	174.30	-0.3812	0.2863
636	3.0	55.65	72.06	-0.7424	0.5458
637	5.0	77.74	161.00	-0.5646	0.4373
638	4.0	16.75	-45.92	-2.4569	0.4264
639	5.0	62.40	139.22	-0.5433	0.4738
640	3.0	107.85	33.13	0.9434	1.1269
641	4.0	82.23	28.58	0.0165	0.6050
642	5.0	125.19	143.96	0.0099	0.1848
643	3.0	57.52	41.06	-1.1960	0.5850
644	5.0	35.43	88.05	-1.0356	0.2257
645	3.0	176.25	-168.22	0.7815	0.7174
646	5.0	63.03	43.43	-0.4755	0.3699
647	4.0	120.04	164.29	-0.2875	0.2732
648	5.0	118.75	110.86	0.3935	0.2369
649	4.0	112.19	24.35	1.1177	0.7687
650	3.0	127.14	-45.65	2.7179	0.6661
651	4.0	123.01	68.57	0.7857	0.4190
652	4.0	144.33	13.25	1.4507	0.6171
653	5.0	7.34	-136.92	-2.0073	0.3191
654	5.0	96.72	51.92	0.2593	0.4340
655	3.0	76.13	-76.89	0.9201	0.7677
656	5.0	91.88	-158.71	-0.4772	0.2265
657	4.0	58.63	-2.11	-0.4820	0.4728
658	4.0	102.24	93.99	0.5935	0.3885
659	4.0	142.80	-157.06	-0.1970	0.4269
660	5.0	71.79	-38.64	0.6203	0.3448
661	5.0	56.64	38.96	-0.5911	0.3481
662	5.0	158.68	13.40	1.0491	0.4686
663	4.0	65.71	150.59	-0.7253	0.6261
664	3.0	115.64	157.95	-0.3786	0.3597
665	5.0	133.18	112.48	0.3392	0.1582
666	5.0	79.12	34.76	-0.0759	0.4392
667	3.0	26.53	168.52	-3.7679	0.6917
668	4.0	60.06	171.27	-1.4537	0.5691
669	5.0	79.65	-159.39	-0.6623	0.2535
670	3.0	145.42	-141.33	-0.1639	0.6819
671	3.0	42.75	-2.91	-1.5519	0.4284
672	3.0	64.96	-176.78	-1.8367	0.6002
673	3.0	117.17	-16.11	2.8353	0.6279
674	5.0	84.52	51.43	-0.0166	0.4203
675	5.0	96.83	17.81	0.7532	0.5905
676	3.0	21.45	42.16	-2.0912	0.4688
677	3.0	55.61	-123.78	-1.8876	0.5223
678	4.0	77.03	-26.76	0.9635	0.4371
679	3.0	75.63	-36.08	1.3359	0.6343
680	5.0	114.25	96.17	0.4807	0.2570
681	5.0	159.61	-27.12	1.1351	0.4740
682	4.0	82.97	-142.96	-0.7106	0.3768
683	5.0	77.35	-26.81	0.7750	0.3327
684	4.0	20.94	57.40	-1.7559	0.3334
685	4.0	62.14	109.42	-0.2209	0.5953
686	4.0	90.68	-178.89	-0.5078	0.2855
687	3.0	95.64	-74.47	2.7807	0.9620
688	3.0	142.77	-66.66	1.9904	0.8072
689	4.0	8.80	42.63	-2.2171	0.3795
690	5.0	126.40	61.31	0.6745	0.3637
691	4.0	116.19	-111.95	0.2980	0.3929
692	4.0	105.74	162.03	-0.3088	0.3264
693	5.0	53.81	102.54	-0.4659	0.3522
694	4.0	65.10	-169.57	-1.3425	0.3999
695	4.0	85.14	115.69	0.3684	0.6548
696	5.0	100.30	121.04	0.2643	0.4029
697	4.0	68.75	81.59	-0.0835	0.4001
698	5.0	22.66	-19.27	-1.5558	0.2843
699	5.0	73.30	13.25	0.0244	0.4627
700	5.0	61.74	-12.03	-0.0446	0.3454
701	4.0	140.14	-10.55	1.7517	0.5745
702	5.0	132.77	1.47	1.3520	0.4211
703	5.0	130.65	-65.37	1.4266	0.3784
704	4.0	69.01	-48.16	0.6524	0.5020
705	3.0	103.52	14.93	1.4336	1.1454
706	3.0	77.64	-85.63	0.5769	0.6686
707	5.0	78.32	65.11	-0.0559	0.3421
708	5.0	115.50	-123.15	-0.0430	0.3004
709	5.0	113.03	45.31	0.6531	0.5180
710	5.0	78.92	9.59	0.2976	0.4853
711	5.0	74.26	-87.82	0.0915	0.3878
712	5.0	62.81	168.99	-1.0249	0.4359
713	4.0	82.29	-67.42	1.3802	0.6406
714	4.0	110.71	-31.56	2.3213	0.4184
715	3.0	20.98	-103.17	-4.0270	0.6937
716	5.0	71.48	-54.25	0.6019	0.3983
717	5.0	147.55	-42.79	1.3196	0.4404
718	5.0	122.85	71.33	0.6234	0.3145
719	5.0	90.91	-10.76	1.0879	0.3831
720	5.0	40.81	134.61	-1.1239	0.3874
721	4.0	82.36	-151.49	-0.7263	0.3278
722	5.0	141.35	40.78	0.9027	0.4247
723	5.0	65.71	-45.77	0.3394	0.3600
724	5.0	18.10	133.24	-1.8042	0.3023
725	4.0	79.46	48.13	-0.2649	0.5440
726	5.0	59.75	-48.12	0.0202	0.3600
727	5.0	104.50	10.12	1.0826	0.5024
728	4.0	159.20	-8.16	1.3599	0.6428
729	4.0	130.55	121.69	0.3000	0.1774
730	5.0	121.81	2.73	1.3584	0.4139
731	3.0	64.09	46.46	-1.0543	0.6427
732	3.0	138.75	171.69	-0.3770	0.4917
733	5.0	30.20	153.40	-1.7700	0.3761
734	5.0	151.57	-101.81	0.7859	0.4900
735	5.0	103.11	128.18	0.1736	0.3730
736	3.0	87.20	173.06	-0.6259	0.4849
737	4.0	51.64	-70.97	-0.9501	0.4903
738	5.0	95.50	-3.96	1.1416	0.4282
739	4.0	78.35	107.98	0.2792	0.6090
740	4.0	4.61	-41.13	-2.4828	0.4173
741	3.0	161.74	85.88	0.7474	0.5171
742	3.0	106.63	-155.00	-0.6021	0.3658
743	3.0	129.52	-66.03	2.3700	0.6899
744	5.0	167.07	100.31	0.5630	0.3414
745	3.0	100.15	-140.55	-0.7111	0.5193
746	5.0	46.19	-108.49	-1.4413	0.3625
747	5.0	43.64	36.38	-0.8504	0.3060
748	5.0	52.72	-138.84	-1.3783	0.3328
749	4.0	107.91	-101.51	0.6959	0.4183
750	4.0	54.92	115.46	-0.5643	0.5637
751	5.0	36.66	-22.99	-1.0706	0.2811
752	5.0	75.44	52.60	-0.2158	0.4009
753	5.0	18.73	20.33	-1.4735	0.2588
754	5.0	134.05	10.68	1.2510	0.4419
755	4.0	59.20	94.23	-0.2917	0.4225
756	5.0	31.37	46.53	-1.1071	0.2580
757	5.0	12.77	94.43	-1.7003	0.2646
758	3.0	95.69	30.82	0.5382	0.9865
759	5.0	46.27	-3.54	-0.7233	0.3046
760	5.0	29.13	-13.97	-1.3002	0.2697
761	4.0	166.12	-160.34	0.4513	0.4992
762	4.0	134.46	33.19	1.1852	0.6469
763	4.0	104.84	-138.14	-0.4738	0.3736
764	5.0	46.67	-125.07	-1.5038	0.3431
765	5.0	64.38	53.45	-0.4467	0.3759
766	5.0	28.04	115.34	-1.4572	0.2934
767	4.0	89.12	-147.32	-0.6140	0.3365
768	3.0	59.23	81.47	-0.3905	0.5115
769	3.0	15.98	133.74	-3.2975	0.6088
770	4.0	40.47	95.97	-1.0846	0.3225
771	3.0	8.13	-169.17	-3.6948	0.6456
772	5.0	106.78	-62.67	1.7428	0.3968
773	5.0	124.24	-36.04	1.6483	0.3454
774	3.0	118.90	-4.93	2.5497	0.6991
775	5.0	78.09	178.55	-0.6809	0.3114
776	5.0	99.93	-41.39	1.7171	0.3460
777	4.0	113.43	-5.53	1.8885	0.5025
778	4.0	62.77	-149.99	-1.4326	0.4112
779	5.0	99.68	178.56	-0.3616	0.2248
780	3.0	57.69	53.83	-1.1870	0.6650
781	5.0	120.40	-173.92	-0.2813	0.2163
782	5.0	148.84	167.84	0.0618	0.2673
783	4.0	28.50	60.13	-1.4710	0.3254
784	5.0	135.87	-139.74	-0.0582	0.3094
785	5.0	52.99	129.22	-0.6769	0.4371
786	3.0	22.19	74.94	-2.2306	0.5000
787	4.0	103.31	-76.47	1.9628	0.5817
788	3.0	157.32	138.25	0.3681	0.4193
789	4.0	83.21	179.37	-0.6602	0.3409
790	4.0	120.62	133.61	0.1376	0.2292
791	4.0	104.66	138.67	0.0645	0.4280
792	3.0	139.10	-40.24	2.3881	0.7901
793	4.0	79.05	120.30	0.1577	0.6628
794	4.0	132.30	147.94	-0.0152	0.2232
795	4.0	84.31	-110.61	-0.1986	0.4166
796	5.0	114.70	-164.65	-0.3216	0.2152
797	4.0	27.31	-39.07	-2.1123	0.3993
798	5.0	52.36	17.84	-0.6291	0.3393
799	4.0	74.62	98.22	0.1861	0.5070
800	3.0	127.68	-85.44	1.9966	0.6772
801	4.0	51.15	63.04	-0.8391	0.4193
802	4.0	37.46	-47.39	-1.7380	0.4311
803	3.0	113.52	-157.57	-0.6236	0.3764
804	4.0	47.61	40.52	-1.0113	0.4099
805	3.0	83.53	67.12	0.0798	0.5802
806	4.0	85.06	80.82	0.2765	0.4008
807	4.0	165.45	-109.77	0.8012	0.6289
808	4.0	72.99	-62.96	0.8329	0.5977
809	5.0	69.91	137.36	-0.3541	0.4837
810	4.0	156.60	23.62	1.1755	0.5986
811	5.0	73.01	97.72	0.0270	0.3749
812	4.0	127.77	-147.98	-0.3714	0.3498
813	5.0	83.88	-46.65	1.1669	0.3742
814	5.0	76.06	82.58	0.0332	0.3171
815	4.0	130.49	15.57	1.4880	0.6167
816	5.0	42.87	57.40	-0.8718	0.2986
817	4.0	119.84	20.22	1.3278	0.6802
818	4.0	37.85	147.31	-1.8091	0.5274
819	4.0	104.74	-7.03	1.8481	0.5245
820	3.0	94.99	159.38	-0.4372	0.6012
821	5.0	88.56	-141.51	-0.5059	0.2886
822	3.0	66.99	-143.54	-1.4764	0.5458
823	4.0	38.74	59.42	-1.1963	0.3783
824	4.0	26.69	-162.05	-2.8593	0.4743
825	5.0	150.89	48.39	0.8145	0.3800
826	4.0	122.76	-128.22	-0.1757	0.3739
827	4.0	70.54	-74.84	0.3473	0.5520
828	5.0	30.14	170.92	-1.9794	0.3788
829	4.0	25.60	91.61	-1.7646	0.3172
830	5.0	63.28	-101.65	-0.6471	0.3598
831	3.0	85.79	-15.66	1.5755	0.6633
832	5.0	67.94	-179.58	-0.9723	0.3557
833	5.0	32.56	-52.69	-1.5323	0.3444
834	3.0	155.74	28.79	1.2746	0.7738
835	5.0	16.16	43.84	-1.5471	0.2589
836	4.0	42.24	137.14	-1.3909	0.5360
837	5.0	82.74	-101.47	0.0058	0.3509
838	5.0	99.40	-112.38	0.0473	0.3296
839	3.0	113.24	76.11	0.8642	0.4297
840	3.0	125.43	11.94	1.9872	0.8763
841	5.0	73.88	153.81	-0.5190	0.4595
842	4.0	136.08	-153.39	-0.2985	0.3847
843	5.0	90.00	-50.27	1.4033	0.3862
844	5.0	141.59	27.85	1.0626	0.4642
845	5.0	40.04	-101.78	-1.7246	0.3875
846	4.0	80.44	-128.29	-0.6411	0.4328
847	3.0	69.78	39.18	-0.8329	0.6389
848	3.0	106.55	176.78	-0.3952	0.3212
849	4.0	106.49	-124.28	-0.2479	0.4154
850	4.0	57.71	-26.88	-0.2020	0.4117
851	5.0	106.46	-174.09	-0.3369	0.2032
852	5.0	46.55	22.81	-0.7778	0.3153
853	4.0	44.01	176.11	-2.3548	0.5537
854	4.0	47.84	-137.96	-2.0132	0.4255
855	5.0	120.66	-42.75	1.6898	0.3342
856	5.0	112.90	-146.26	-0.3262	0.2550
857	5.0	122.53	-165.35	-0.2846	0.2294
858	5.0	142.18	-13.84	1.3770	0.4289
859	3.0	86.04	-158.96	-0.7326	0.3427
860	3.0	110.17	47.21	0.8169	0.8934
861	5.0	55.67	93.86	-0.3897	0.3093
862	5.0	96.18	-173.20	-0.4082	0.2121
863	4.0	99.11	143.57	-0.0488	0.4795
864	5.0	46.20	-62.76	-0.9163	0.3743
865	5.0	99.77	-134.06	-0.3498	0.3029
866	3.0	89.11	6.16	1.0663	0.9569
867	5.0	145.89	119.23	0.3180	0.1839
868	5.0	132.25	-120.08	0.2105	0.3347
869	4.0	51.39	-114.93	-1.6246	0.4323
870	3.0	114.99	87.40	0.9150	0.3962
871	3.0	58.42	165.89	-1.7696	0.8132
872	4.0	113.51	118.71	0.4389	0.3465
873	5.0	72.55	-132.31	-0.7447	0.3321
874	5.0	122.35	86.39	0.5586	0.2441
875	5.0	28.36	89.14	-1.2835	0.2266
876	5.0	145.19	135.50	0.2006	0.1889
877	4.0	136.13	4.71	1.6397	0.5840
878	5.0	99.11	6.26	1.0624	0.5034
879	5.0	25.68	137.18	-1.7315	0.3406
880	5.0	71.08	-79.95	0.1553	0.4046
881	5.0	126.60	46.65	0.7868	0.4503
882	5.0	68.53	-73.33	0.1858	0.4199
883	5.0	77.15	-148.90	-0.7108	0.2839
884	5.0	113.99	145.15	-0.0474	0.2507
885	5.0	113.43	74.94	0.5066	0.2864
886	4.0	119.72	-29.66	2.1851	0.4389
887	3.0	111.64	115.48	0.7119	0.4759
888	4.0	129.89	-102.67	0.8966	0.4884
889	3.0	117.25	-93.48	1.7034	0.5766
890	4.0	134.53	-88.14	1.3569	0.5372
891	4.0	142.23	104.33	0.4885	0.2242
892	3.0	74.32	174.68	-1.1786	0.6248
893	3.0	166.02	39.28	1.0230	0.6880
894	3.0	159.00	172.49	0.2334	0.5416
895	3.0	42.47	133.39	-1.7316	0.7577
896	4.0	96.15	-154.12	-0.5206	0.2847
897	5.0	122.30	134.01	0.1115	0.1916
898	5.0	153.08	-33.84	1.2449	0.4584
899	5.0	106.44	89.41	0.4409	0.2790
900	4.0	91.16	110.39	0.4887	0.5758
901	4.0	117.26	152.06	-0.1662	0.2710
902	3.0	149.90	9.09	1.7677	0.9079
903	3.0	94.92	-162.25	-0.5412	0.2901
904	5.0	95.24	145.90	-0.1355	0.3992
905	4.0	149.86	-13.45	1.5857	0.6151
906	4.0	94.93	90.32	0.5091	0.4072
907	5.0	122.57	28.86	0.9833	0.5151
908	3.0	62.59	64.90	-0.7062	0.6263
909	5.0	54.41	-12.40	-0.3697	0.3324
910	4.0	82.69	-4.95	0.8372	0.5402
911	5.0	34.38	115.73	-1.2047	0.3093
912	5.0	109.45	-19.35	1.6297	0.3385
913	5.0	100.14	111.26	0.3545	0.3817
914	3.0	58.29	-47.72	-0.2822	0.6525
915	3.0	103.32	-23.05	3.1059	0.6315
916	5.0	112.58	103.76	0.4465	0.2777
917	4.0	95.30	-113.31	-0.0438	0.4203
918	3.0	35.10	-157.54	-4.0114	0.6583
919	3.0	86.09	111.38	0.7878	0.8920
920	3.0	99.72	128.41	0.4491	0.6586
921	4.0	109.73	47.37	0.6664	0.6532
922	4.0	156.29	119.34	0.4315	0.3058
923	5.0	61.14	-87.83	-0.4775	0.3760
924	4.0	124.07	93.84	0.6774	0.2780
925	5.0	55.76	142.66	-0.7590	0.4566
926	5.0	131.64	-10.15	1.4612	0.3978
927	4.0	95.18	168.44	-0.4197	0.3647
928	5.0	106.93	179.43	-0.3193	0.2105
929	5.0	111.65	-31.61	1.7416	0.3201
930	4.0	156.94	-46.51	1.4203	0.6376
931	4.0	94.67	-18.94	1.7498	0.4620
932	5.0	71.65	-151.86	-0.8462	0.2912
933	4.0	116.41	-22.39	2.1615	0.4381
934	5.0	83.29	-90.72	0.3474	0.3880
935	5.0	101.43	-150.86	-0.3981	0.2397
936	3.0	52.04	142.26	-1.2814	0.8497
937	3.0	101.38	-101.69	0.7263	0.5431
938	5.0	73.81	-111.70	-0.4458	0.3325
939	4.0	54.97	47.58	-0.8607	0.4473
940	5.0	102.62	-54.34	1.7810	0.3875
941	5.0	86.00	-56.05	1.2376	0.4132
942	4.0	128.42	-37.31	2.0526	0.4826
943	3.0	124.06	-29.69	2.8527	0.6491
944	5.0	38.21	71.14	-0.9468	0.2471
945	4.0	147.73	90.98	0.6178	0.3015
946	4.0	113.24	143.31	-0.0317	0.3018
947	3.0	117.53	143.21	-0.0530	0.2869
948	5.0	63.53	131.78	-0.4247	0.4758
949	3.0	109.46	-18.57	2.9658	0.6117
950	5.0	143.25	72.16	0.6442	0.2922
951	5.0	62.48	-22.93	0.0951	0.3264
952	3.0	70.91	12.57	-0.3247	0.7588
953	3.0	84.58	154.12	-0.4024	0.7723
954	4.0	41.81	11.71	-1.1341	0.3573
955	4.0	65.61	143.29	-0.5797	0.6399
956	5.0	111.47	-44.03	1.7875	0.3280
957	3.0	141.33	5.25	2.0252	0.8680
958	3.0	46.44	52.07	-1.3864	0.5933
959	5.0	109.96	168.98	-0.2701	0.2265
960	3.0	34.22	12.47	-1.7531	0.4147
961	3.0	76.84	-116.70	-0.6209	0.5334
962	5.0	75.02	130.73	-0.1719	0.4871
963	5.0	104.37	-96.33	0.7080	0.3622
964	4.0	118.72	-50.01	2.2170	0.4408
965	5.0	65.14	162.01	-0.8370	0.4492
966	3.0	120.38	-160.24	-0.6530	0.4049
967	4.0	19.60	125.17	-2.2753	0.4054
968	5.0	172.12	66.35	0.6902	0.3917
969	3.0	82.27	-94.82	0.3897	0.6188
970	3.0	104.76	-2.76	2.3331	0.7959
971	5.0	124.90	-88.24	1.1402	0.3837
972	4.0	107.69	-112.61	0.1671	0.4143
973	3.0	11.32	-110.95	-3.8572	0.6693
974	5.0	114.48	-116.33	0.1138	0.3111
975	5.0	50.99	-163.91	-1.6889	0.3759
976	4.0	90.76	-133.83	-0.5490	0.4228
977	4.0	88.07	-60.29	1.7907	0.6084
978	4.0	96.83	80.45	0.4616	0.3714
979	4.0	138.17	-46.32	1.8285	0.5431
980	3.0	63.53	172.77	-1.8102	0.7766
981	4.0	33.14	-177.85	-2.7403	0.5022
982	4.0	102.31	-172.56	-0.4018	0.2344
983	5.0	73.79	-64.36	0.6294	0.4384
984	3.0	67.95	111.60	0.1624	0.9361
985	3.0	94.65	62.63	0.3145	0.5888
986	5.0	78.99	-51.35	0.9610	0.3930
987	3.0	35.22	-11.75	-1.9705	0.4017
988	4.0	110.83	-148.09	-0.4770	0.3209
989	5.0	79.10	-43.24	0.9608	0.3614
990	5.0	139.59	87.92	0.5481	0.2300
991	3.0	118.16	-61.92	2.8751	0.6399
992	4.0	35.58	134.71	-1.6992	0.4911
993	4.0	68.00	59.85	-0.4410	0.4719
994	5.0	69.80	-20.56	0.3941	0.3361
995	4.0	66.65	-112.47	-0.8220	0.4155
996	3.0	24.75	110.92	-2.6868	0.5585
997	4.0	95.84	151.33	-0.2197	0.4933
998	4.0	65.13	-83.98	-0.2729	0.4894
999	5.0	82.43	-153.96	-0.6123	0.2569
1000	3.0	60.55	-90.09	-0.9871	0.6047
1001	3.0	146.92	78.89	0.8340	0.4400
1002	4.0	114.01	109.01	0.5814	0.3480
1003	5.0	106.11	31.30	0.6994	0.5828
1004	5.0	52.34	152.26	-0.9997	0.4436
1005	4.0	88.42	34.06	0.1496	0.6329
1006	4.0	53.01	-15.15	-0.6227	0.4131
1007	3.0	76.31	-161.92	-1.0446	0.3862
1008	5.0	135.19	-160.97	-0.1844	0.2763
1009	4.0	87.00	173.67	-0.5646	0.3699
1010	4.0	137.72	138.42	0.1334	0.2047
1011	3.0	83.79	83.71	0.4992	0.5514
1012	3.0	62.76	-132.46	-1.5179	0.5236
1013	3.0	77.31	34.82	-0.4672	0.7013
1014	5.0	82.20	-9.16	0.7404	0.3846
1015	5.0	61.42	-119.28	-0.9162	0.3332
1016	5.0	83.18	164.07	-0.5183	0.4100
1017	5.0	86.65	-123.54	-0.3727	0.3356
1018	4.0	157.56	-170.72	0.1850	0.4449
1019	5.0	53.64	86.55	-0.4518	0.2776
1020	5.0	133.77	-148.87	-0.1569	0.2867
1021	3.0	88.69	124.29	0.5164	0.8576
1022	4.0	14.46	77.43	-2.0687	0.3550
1023	4.0	139.02	-169.93	-0.2839	0.3831
1024	3.0	131.62	-12.47	2.5315	0.7517
1025	4.0	83.12	39.90	-0.1087	0.5717
1026	3.0	97.62	72.50	0.5607	0.4888
1027	4.0	73.37	155.92	-0.6392	0.6048
1028	3.0	86.09	103.01	0.7857	0.7650
1029	4.0	81.58	142.47	-0.1971	0.6149
1030	4.0	29.39	-21.43	-1.7686	0.3450
1031	3.0	102.07	-111.80	0.1486	0.5495
1032	3.0	134.92	44.24	1.1531	0.7666
1033	5.0	124.48	-149.34	-0.2515	0.2586
1034	5.0	155.00	-129.48	0.3917	0.4372
1035	5.0	145.96	-94.00	0.9137	0.4604
1036	4.0	48.41	-149.67	-2.1357	0.4365
1037	3.0	33.99	52.08	-1.5731	0.4984
1038	5.0	96.38	-21.20	1.4309	0.3437
1039	5.0	84.31	-16.07	0.9205	0.3564
1040	3.0	73.59	-18.52	0.7359	0.6189
1041	5.0	80.45	170.37	-0.6103	0.3659
1042	3.0	152.70	-32.04	1.9757	0.8983
1043	4.0	103.69	72.95	0.5072	0.3706
1044	4.0	90.47	-105.00	0.1363	0.4241
1045	3.0	19.06	0.19	-2.6376	0.4841
1046	5.0	63.98	124.19	-0.3317	0.4719
1047	5.0	162.21	-4.58	1.0619	0.4757
1048	4.0	31.83	32.02	-1.3594	0.3365
1049	4.0	109.32	7.33	1.5295	0.6271
1050	4.0	102.12	13.24	1.1958	0.7403
1051	5.0	71.56	-29.71	0.5561	0.3314
1052	5.0	71.75	68.07	-0.1573	0.3283
1053	4.0	79.63	131.70	-0.0299	0.6445
1054	5.0	143.64	-30.55	1.3949	0.4274
1055	5.0	129.88	-165.48	-0.2379	0.2511
1056	3.0	65.39	-14.00	-0.0090	0.6134
1057	4.0	129.69	-51.01	1.9741	0.4898
1058	5.0	126.49	109.31	0.3773	0.1820
1059	3.0	160.33	7.85	1.4637	0.8887
1060	3.0	78.39	24.15	-0.1775	0.7720
1061	5.0	112.69	-90.88	1.0693	0.3802
1062	4.0	121.64	-56.68	2.1015	0.4567
1063	3.0	42.19	-139.76	-3.3292	0.5937
1064	4.0	149.33	-91.62	1.1387	0.6295
1065	5.0	87.69	125.65	0.0845	0.4647
1066	5.0	38.83	-132.14	-1.8865	0.3610
1067	4.0	121.02	-152.49	-0.4318	0.3170
1068	5.0	89.44	-101.20	0.1869	0.3494
1069	5.0	90.14	107.94	0.2841	0.4171
1070	3.0	34.05	92.45	-1.7140	0.3853
1071	4.0	155.80	-128.91	0.4494	0.5794
1072	5.0	153.46	6.06	1.1437	0.4627
1073	5.0	47.12	64.46	-0.7332	0.2920
1074	4.0	18.49	-13.01	-2.1499	0.3761
1075	5.0	78.25	135.79	-0.1835	0.4796
1076	4.0	142.85	120.03	0.3423	0.2047
1077	4.0	145.56	41.31	1.0340	0.5353
1078	5.0	127.01	-22.82	1.5800	0.3651
1079	3.0	151.41	-179.39	-0.0569	0.5589
1080	4.0	98.30	-58.21	2.2694	0.5771
1081	4.0	94.01	-64.38	2.0301	0.6219
1082	3.0	115.43	-37.00	3.1482	0.5800
1083	4.0	82.36	-173.91	-0.6893	0.3025
1084	5.0	52.65	68.35	-0.5683	0.2930
1085	4.0	48.10	50.45	-0.9969	0.4235
1086	3.0	165.71	-141.73	0.6122	0.7380
1087	5.0	123.31	125.52	0.2095	0.1867
1088	3.0	126.69	81.91	0.9775	0.4333
1089	3.0	123.16	35.21	1.2300	1.0643
1090	4.0	47.89	113.41	-0.8544	0.4959
1091	5.0	71.04	88.41	-0.0336	0.3273
1092	5.0	62.57	65.36	-0.3712	0.3256
1093	5.0	112.62	129.32	0.1742	0.2824
1094	4.0	90.70	-172.20	-0.5221	0.2577
1095	5.0	16.40	-1.52	-1.6323	0.2792
1096	3.0	135.23	87.27	0.8454	0.3767
1097	5.0	1.08	113.53	-1.8828	0.2958
1098	4.0	86.48	153.93	-0.3561	0.5559
1099	4.0	119.58	-76.10	1.8505	0.4856
1100	5.0	91.89	-151.87	-0.4814	0.2455
1101	3.0	46.77	68.20	-1.1682	0.5540
1102	5.0	116.11	164.57	-0.2221	0.2206
1103	4.0	92.30	-123.54	-0.3676	0.4454
1104	5.0	153.37	157.20	0.1717	0.2593
1105	5.0	111.86	-176.48	-0.3077	0.2047
1106	4.0	119.86	-38.57	2.2139	0.4350
1107	3.0	31.02	-122.62	-4.1264	0.6929
1108	5.0	17.25	-146.87	-2.1117	0.3412
1109	5.0	143.80	-106.05	0.6918	0.4584
1110	5.0	104.09	104.04	0.4070	0.3288
1111	5.0	70.22	118.26	-0.1258	0.4818
1112	3.0	29.21	-171.48	-3.9981	0.6733
1113	5.0	57.79	22.15	-0.5073	0.3583
1114	3.0	8.77	-61.24	-3.5572	0.6352
1115	4.0	68.45	113.77	-0.0394	0.6473
1116	5.0	109.70	57.94	0.4969	0.3997
1117	5.0	84.78	-146.99	-0.5705	0.2741
1118	4.0	110.04	59.83	0.6029	0.4886
1119	3.0	103.75	166.01	-0.4110	0.4041
1120	4.0	149.21	-32.68	1.6342	0.6074
1121	3.0	84.90	-74.55	1.8839	0.8928
1122	5.0	100.88	-60.79	1.6903	0.4131
1123	5.0	113.02	12.12	1.1606	0.4789
1124	4.0	158.73	-92.42	1.0393	0.6659
1125	5.0	84.93	-169.79	-0.5589	0.2371
1126	4.0	83.50	21.04	0.2235	0.6601
1127	4.0	65.07	-120.78	-0.9972	0.4101
1128	4.0	139.15	-73.87	1.5405	0.5528
1129	3.0	51.09	98.39	-0.7108	0.5476
1130	5.0	71.93	174.86	-0.8400	0.3770
1131	3.0	86.67	-132.73	-0.7295	0.6348
1132	4.0	57.94	37.44	-0.7840	0.4441
1133	3.0	76.71	96.56	0.5003	0.6978
1134	3.0	94.12	-52.63	3.1079	0.8478
1135	4.0	32.34	-150.22	-2.8747	0.4826
1136	5.0	149.19	-121.30	0.4170	0.4351
1137	5.0	86.21	-160.88	-0.5486	0.2340
1138	5.0	137.20	140.69	0.1066	0.1728
1139	4.0	53.16	30.38	-0.8736	0.4209
1140	5.0	64.66	-128.98	-0.9138	0.3301
1141	5.0	66.06	-110.75	-0.6644	0.3375
1142	3.0	102.21	54.90	0.5048	0.7138
1143	5.0	46.68	175.92	-1.6519	0.4190
1144	3.0	144.42	161.60	-0.0811	0.4220
1145	4.0	139.88	-110.62	0.6284	0.5310
1146	5.0	69.16	-94.40	-0.2770	0.3754
1147	3.0	63.71	144.39	-0.7229	0.9005
1148	5.0	41.86	46.59	-0.8908	0.2993
1149	4.0	107.17	179.61	-0.3654	0.2500
1150	5.0	101.70	-78.03	1.3847	0.4353
1151	3.0	39.17	121.99	-1.7877	0.6705
1152	4.0	98.93	-178.57	-0.4073	0.2538
1153	5.0	168.92	162.72	0.4367	0.3505
1154	3.0	122.85	121.02	0.3986	0.2535
1155	5.0	53.05	-120.64	-1.2247	0.3377
1156	4.0	25.03	179.02	-2.7490	0.4741
1157	5.0	63.86	-55.30	0.1998	0.3901
1158	3.0	83.42	13.53	0.4486	0.9777
1159	5.0	72.55	60.96	-0.2060	0.3561
1160	4.0	63.60	135.98	-0.5106	0.6425
1161	5.0	137.74	150.42	0.0322	0.1950
1162	5.0	57.35	124.12	-0.5038	0.4482
1163	5.0	21.59	-89.26	-1.9996	0.3546
1164	4.0	122.86	104.47	0.5604	0.2549
1165	3.0	137.70	153.53	-0.0866	0.3398
1166	4.0	66.10	-101.35	-0.6738	0.4490
1167	4.0	85.90	69.48	0.1525	0.4160
1168	4.0	120.78	79.97	0.7277	0.3287
1169	5.0	113.23	27.81	0.8927	0.5595
1170	5.0	152.33	32.46	0.9591	0.4343
1171	5.0	116.05	-155.07	-0.3212	0.2346
1172	4.0	144.62	-21.89	1.7243	0.5885
1173	4.0	113.49	79.79	0.6530	0.3286
1174	3.0	53.92	62.45	-1.0893	0.6376
1175	4.0	110.33	170.03	-0.3328	0.2730
1176	3.0	137.58	123.88	0.3313	0.2175
1177	4.0	131.21	-162.58	-0.3738	0.3430
1178	5.0	43.58	-26.66	-0.8158	0.3031
1179	4.0	74.08	23.27	-0.1930	0.5527
1180	3.0	40.94	172.08	-3.4130	0.7772
1181	5.0	91.18	61.62	0.1604	0.3597
1182	4.0	48.69	-85.98	-1.4447	0.4780
1183	5.0	33.13	-156.53	-2.1154	0.3687
1184	3.0	54.01	-55.43	-0.9225	0.6952
1185	3.0	67.06	-163.73	-1.5782	0.4686
1186	3.0	114.82	-124.03	-0.3327	0.5153
1187	4.0	160.59	68.61	0.7654	0.4321
1188	5.0	93.41	-136.83	-0.4293	0.3008
1189	3.0	47.01	-129.63	-2.6800	0.5512
1190	3.0	90.50	20.28	0.6224	1.0348
1191	4.0	11.24	-4.33	-2.2766	0.3916
1192	5.0	106.69	119.42	0.3187	0.3561
1193	5.0	120.29	-79.98	1.3406	0.3738
1194	5.0	156.28	69.42	0.6679	0.3267
1195	3.0	91.82	-171.35	-0.5190	0.2839
1196	3.0	50.42	-165.69	-3.2419	0.6512
1197	3.0	46.61	-111.25	-2.6599	0.5935
1198	4.0	127.55	163.54	-0.2549	0.2871
1199	4.0	117.51	4.57	1.6835	0.5660
1200	3.0	101.87	-32.27	3.3044	0.6245
1201	4.0	82.85	-159.72	-0.7026	0.2916
1202	4.0	58.35	157.03	-1.1172	0.6027
1203	5.0	57.61	-159.59	-1.3779	0.3435
1204	4.0	102.51	50.87	0.4495	0.5935
1205	5.0	131.11	32.85	0.9931	0.4892
1206	4.0	31.85	152.84	-2.2744	0.5156
1207	4.0	52.46	174.49	-1.8830	0.5601
1208	3.0	93.74	-64.68	2.9963	0.9702
1209	3.0	138.82	-52.13	2.2930	0.7791
1210	4.0	140.16	174.11	-0.2026	0.3596
1211	5.0	129.35	-32.49	1.5862	0.3674
1212	4.0	73.35	73.71	-0.0701	0.4101
1213	5.0	125.83	-142.01	-0.1973	0.2741
1214	5.0	89.86	19.92	0.4698	0.5523
1215	5.0	29.20	-175.58	-2.0668	0.3659
1216	4.0	107.76	-131.74	-0.3883	0.3928
1217	4.0	38.70	-92.17	-2.3891	0.5200
1218	5.0	84.00	110.04	0.2000	0.4512
1219	3.0	31.15	153.27	-3.3552	0.7563
1220	4.0	40.67	119.70	-1.2490	0.4692
1221	4.0	130.00	55.83	0.8546	0.4930
1222	3.0	114.06	-72.11	2.8344	0.7040
1223	3.0	98.14	-132.62	-0.6649	0.6162
1224	5.0	95.97	44.98	0.2713	0.4840
1225	5.0	128.39	-48.40	1.5769	0.3620
1226	3.0	128.74	-111.03	0.5920	0.5416
1227	5.0	87.45	88.89	0.2435	0.3276
1228	5.0	38.17	-1.36	-0.9779	0.2773
1229	5.0	117.41	-31.63	1.7044	0.3270
1230	3.0	87.19	-7.55	1.4079	0.7485
1231	4.0	111.80	-94.11	1.1843	0.4549
1232	4.0	14.82	144.86	-2.4909	0.4211
1233	3.0	79.55	-154.77	-0.9377	0.4075
1234	5.0	114.92	-21.49	1.6478	0.3348
1235	5.0	88.00	26.36	0.2798	0.5156
1236	5.0	62.43	-38.06	0.1718	0.3362
1237	4.0	38.94	42.63	-1.1938	0.3769
1238	4.0	98.03	-105.57	0.2956	0.4193
1239	5.0	75.26	123.96	-0.0849	0.4888
1240	5.0	22.35	161.30	-1.9523	0.3425
1241	3.0	130.43	24.05	1.5954	0.9622
1242	5.0	95.35	-36.65	1.5468	0.3367
1243	5.0	179.26	-40.98	0.7055	0.4305
1244	5.0	48.30	-19.98	-0.6101	0.3128
1245	5.0	90.23	-92.57	0.5129	0.3858
1246	5.0	99.28	71.90	0.3290	0.3089
1247	3.0	106.02	-130.70	-0.6168	0.5798
1248	4.0	78.66	87.47	0.2157	0.4287
1249	4.0	13.79	-106.18	-2.7568	0.4622
1250	5.0	36.46	-67.65	-1.5273	0.3758
1251	5.0	125.26	-123.63	0.0497	0.3053
1252	3.0	68.28	-80.90	0.0284	0.6687
1253	3.0	76.59	45.45	-0.6322	0.7038
1254	4.0	76.72	15.98	0.0446	0.6173
1255	5.0	112.24	-50.68	1.7700	0.3391
1256	3.0	44.47	-82.49	-2.4799	0.6460
1257	5.0	55.90	-128.49	-1.1832	0.3313
1258	3.0	52.29	-1.44	-1.1212	0.5211
1259	5.0	122.39	-108.27	0.4520	0.3337
1260	4.0	62.14	-46.97	0.1684	0.4772
1261	4.0	88.69	6.38	0.8598	0.6637
1262	5.0	142.57	-81.53	1.1067	0.4336
1263	3.0	158.61	-42.99	1.7260	0.9222
1264	5.0	23.87	3.53	-1.3700	0.2597
1265	5.0	89.38	-0.62	0.8658	0.4428
1266	5.0	131.90	-97.20	0.9084	0.4129
1267	3.0	26.68	-10.92	-2.4350	0.4319
1268	4.0	68.06	-40.66	0.5705	0.4610
1269	4.0	54.02	72.92	-0.6159	0.3733
1270	3.0	64.17	5.09	-0.5866	0.6965
1271	5.0	116.58	34.65	0.8480	0.5639
1272	3.0	130.77	5.44	2.1761	0.8210
1273	3.0	113.00	12.59	1.8038	0.9708
1274	4.0	81.77	-120.76	-0.4833	0.4218
1275	5.0	48.19	52.33	-0.7615	0.3207
1276	3.0	68.73	-92.73	-0.4028	0.6047
1277	5.0	104.63	-161.55	-0.3697	0.2107
1278	5.0	89.64	-70.76	1.2236	0.4608
1279	3.0	72.06	66.60	-0.3109	0.6096
1280	5.0	31.95	77.57	-1.1459	0.2273
1281	5.0	79.51	47.07	-0.1356	0.4238
1282	5.0	41.42	-118.04	-1.6959	0.3602
1283	5.0	140.60	111.34	0.3581	0.1681
1284	4.0	95.48	-147.23	-0.5440	0.3272
1285	5.0	99.51	-10.07	1.3819	0.3949
1286	4.0	64.46	-138.66	-1.2412	0.4147
1287	4.0	72.61	168.77	-0.9564	0.5613
1288	4.0	58.34	102.96	-0.3338	0.4992
1289	3.0	69.12	55.53	-0.8221	0.7079
1290	3.0	31.07	27.97	-1.7317	0.4374
1291	4.0	134.25	-66.33	1.7284	0.5212
1292	5.0	107.32	-126.31	-0.1846	0.3098
1293	3.0	90.38	-98.02	0.5900	0.5957
1294	4.0	44.04	-65.94	-1.4884	0.4809
1295	3.0	33.17	109.47	-2.0547	0.5256
1296	4.0	152.67	-59.56	1.4443	0.6216
1297	5.0	113.44	175.16	-0.2779	0.2109
1298	5.0	92.29	169.29	-0.4097	0.3028
1299	4.0	146.36	164.75	-0.0053	0.3297
1300	5.0	122.31	95.41	0.5181	0.2274
1301	5.0	48.34	107.69	-0.6710	0.3547
1302	5.0	145.72	6.84	1.2175	0.4512
1303	5.0	118.88	153.99	-0.1312	0.2214
1304	4.0	109.55	16.79	1.2614	0.7200
1305	3.0	105.04	-162.67	-0.4934	0.2984
1306	5.0	105.01	173.57	-0.3130	0.2276
1307	3.0	149.28	-116.03	0.7080	0.7929
1308	5.0	34.70	35.42	-1.0284	0.2717
1309	3.0	58.25	102.58	-0.3020	0.6960
1310	4.0	66.79	-161.36	-1.2398	0.3697
1311	4.0	91.05	-88.50	0.9148	0.5131
1312	3.0	75.82	87.79	0.3560	0.5924
1313	3.0	71.15	-29.65	0.8116	0.5947
1314	3.0	131.24	-177.71	-0.5961	0.4742
1315	5.0	134.23	50.51	0.7840	0.3989
1316	3.0	111.88	-80.89	2.4881	0.6961
1317	5.0	82.04	-30.60	1.0020	0.3331
1318	3.0	98.50	176.83	-0.4018	0.3417
1319	5.0	77.12	93.29	0.0969	0.3527
1320	3.0	146.95	52.19	1.0358	0.6167
1321	4.0	49.11	10.31	-0.9256	0.3971
1322	3.0	94.80	12.24	1.1845	1.1403
1323	5.0	93.62	124.03	0.1697	0.4401
1324	5.0	124.91	169.01	-0.2055	0.2186
1325	3.0	171.29	93.76	0.7600	0.6153
1326	3.0	23.80	-41.55	-3.3191	0.5818
1327	3.0	99.34	-58.18	3.4032	0.8885
1328	5.0	66.16	153.91	-0.6749	0.4636
1329	5.0	88.89	-84.90	0.7371	0.4117
1330	3.0	140.71	-162.33	-0.5244	0.5906
1331	4.0	98.09	43.40	0.3622	0.6446
1332	4.0	62.69	118.60	-0.2971	0.6258
1333	4.0	93.40	-96.22	0.6223	0.4706
1334	4.0	143.82	-82.54	1.3426	0.5861
1335	3.0	113.26	170.04	-0.4419	0.3519
1336	3.0	67.91	95.68	0.1668	0.6629
1337	5.0	134.99	123.17	0.2468	0.1519
1338	5.0	81.61	27.93	0.0670	0.4704
1339	5.0	75.40	-74.10	0.5149	0.4383
1340	3.0	134.80	-3.24	2.3175	0.8032
1341	3.0	51.82	118.91	-0.8669	0.7855
1342	4.0	75.71	-144.49	-0.8873	0.3856
1343	4.0	156.91	94.42	0.6083	0.3539
1344	3.0	79.62	115.87	0.5588	0.9707
1345	5.0	119.32	-64.52	1.5802	0.3556
1346	4.0	58.31	-132.48	-1.4194	0.4093
1347	3.0	60.96	14.22	-0.8709	0.6052
1348	3.0	111.39	22.26	1.3561	1.1739
1349	3.0	84.97	-173.30	-0.6905	0.3359
1350	5.0	114.42	19.21	1.0486	0.5121
1351	4.0	82.90	-136.17	-0.6869	0.4215
1352	4.0	128.84	-29.23	2.0375	0.4903
1353	5.0	131.53	145.49	0.0286	0.1777
1354	4.0	143.83	-128.79	0.1705	0.4960
1355	3.0	115.43	66.26	0.8956	0.5529
1356	4.0	107.30	98.87	0.6236	0.3764
1357	4.0	97.13	6.65	1.2512	0.7052
1358	5.0	61.53	-73.10	-0.1770	0.4001
1359	4.0	123.92	173.66	-0.3338	0.2841
1360	4.0	166.97	137.16	0.4899	0.4114
1361	3.0	122.42	-38.84	2.9103	0.6248
1362	5.0	104.72	-36.20	1.8010	0.3335
1363	5.0	146.79	-20.84	1.3370	0.4410
1364	5.0	110.22	-110.70	0.2431	0.3272
1365	5.0	101.11	-156.82	-0.3972	0.2216
1366	5.0	127.05	10.78	1.2569	0.4421
1367	5.0	87.56	34.17	0.1519	0.4865
1368	4.0	113.92	-56.37	2.2879	0.4608
1369	5.0	81.28	153.38	-0.3929	0.4450
1370	4.0	66.12	-56.03	0.4095	0.5372
1371	5.0	16.72	-72.85	-1.9454	0.3349
1372	4.0	130.52	24.53	1.3192	0.6530
1373	5.0	96.34	155.25	-0.2610	0.3772
1374	5.0	50.57	9.49	-0.6424	0.3306
1375	4.0	90.90	24.03	0.4558	0.7153
1376	5.0	59.87	102.67	-0.2890	0.3779
1377	4.0	88.89	-28.44	1.6345	0.4390
1378	4.0	104.96	130.05	0.2454	0.4437
1379	4.0	40.53	108.30	-1.1723	0.4070
1380	5.0	81.42	-127.01	-0.5069	0.3350
1381	4.0	85.06	-167.69	-0.6376	0.2733
1382	3.0	68.81	-55.71	0.8234	0.7882
1383	5.0	96.03	-54.16	1.5973	0.3957
1384	5.0	12.01	-176.53	-2.0202	0.3209
1385	4.0	72.94	51.84	-0.4377	0.5216
1386	5.0	159.14	88.58	0.5741	0.3057
1387	4.0	166.60	47.85	0.8733	0.5060
1388	5.0	9.74	58.91	-1.7004	0.2684
1389	3.0	82.29	-31.84	1.8001	0.6212
1390	5.0	81.07	129.26	-0.0533	0.4802
1391	5.0	52.58	-59.02	-0.5020	0.3866
1392	5.0	88.14	-41.70	1.3185	0.3543
1393	5.0	65.75	-65.73	0.1851	0.4289
1394	4.0	133.75	-119.24	0.2373	0.4375
1395	4.0	100.45	-163.39	-0.4488	0.2428
1396	3.0	62.23	-71.50	-0.2507	0.7084
1397	5.0	155.22	171.73	0.1595	0.2953
1398	5.0	59.00	83.40	-0.3229	0.2894
1399	3.0	107.12	-10.61	2.6972	0.6782
1400	4.0	82.67	-32.53	1.3657	0.4449
1401	4.0	143.16	151.97	0.0511	0.2691
1402	4.0	98.41	134.34	0.1383	0.5085
1403	3.0	66.36	-121.68	-1.1639	0.5198
1404	3.0	139.52	-175.02	-0.5234	0.5635
1405	4.0	74.37	146.27	-0.4119	0.6289
1406	4.0	65.02	2.99	-0.2474	0.5310
1407	4.0	153.08	2.24	1.4305	0.6291
1408	5.0	77.67	-96.76	-0.0212	0.3728
1409	5.0	48.14	-99.29	-1.3140	0.3795
1410	3.0	52.51	86.04	-0.6448	0.4656
1411	3.0	84.84	93.85	0.6888	0.6433
1412	4.0	24.10	37.97	-1.5975	0.3266
1413	5.0	78.52	75.07	0.0266	0.3164
1414	4.0	111.98	-15.01	2.0731	0.4554
1415	4.0	85.87	90.41	0.3788	0.4369
1416	3.0	49.06	41.52	-1.3620	0.5577
1417	5.0	132.76	102.86	0.4251	0.1752
1418	3.0	43.02	-18.34	-1.6028	0.4376
1419	3.0	22.68	-127.00	-4.1281	0.6867
1420	4.0	55.07	-81.02	-0.8746	0.4798
1421	3.0	95.54	150.28	-0.2092	0.6493
1422	5.0	86.08	115.90	0.1935	0.4773
1423	5.0	85.48	76.46	0.1517	0.3131
1424	5.0	97.68	58.96	0.2742	0.3784
1425	3.0	125.87	-167.44	-0.6447	0.4345
1426	5.0	127.60	-174.61	-0.2445	0.2345
1427	4.0	40.81	-108.85	-2.3104	0.4838
1428	4.0	77.27	-9.35	0.6553	0.4984
1429	5.0	64.39	16.14	-0.2914	0.3984
1430	5.0	73.65	-160.26	-0.7969	0.2722
1431	5.0	107.85	-74.57	1.5284	0.4084
1432	5.0	159.18	-81.86	0.9459	0.4889
1433	4.0	131.24	-128.46	-0.0621	0.4009
1434	5.0	69.70	-12.53	0.2959	0.3561
1435	4.0	32.45	-7.80	-1.5325	0.3273
1436	3.0	101.37	-149.58	-0.6501	0.4103
1437	4.0	40.80	163.28	-2.0710	0.5477
1438	4.0	38.54	-168.86	-2.7179	0.4991
1439	3.0	118.05	-25.53	2.9718	0.6061
1440	3.0	158.95	112.70	0.5634	0.4300
1441	5.0	69.63	127.41	-0.2374	0.4853
1442	4.0	39.53	29.32	-1.1822	0.3653
1443	4.0	52.06	122.88	-0.7563	0.5676
1444	5.0	90.63	98.26	0.3016	0.3609
1445	4.0	87.10	-73.66	1.4942	0.6462
1446	5.0	79.13	100.14	0.1405	0.3914
1447	4.0	89.46	62.35	0.1460	0.4543
