# substrate-environment LJ, kcal/mol, ORCA's rule (WP1), every pair, no cutoff; dLJ = TS - R
# lj_set	n_atoms	LJ_R	LJ_TS	dLJ
envR_all	55656	-15.084592	-7.825693	7.258899
envTS_all	55656	-9.230072	-9.851362	-0.621290
res_E78	15	3.213641	8.970215	5.756574
res_K60p	22	-1.240482	-1.028388	0.212094
res_R116	24	-0.749081	-0.723844	0.025238
res_R63p	24	2.488818	0.050349	-2.438469
res_R7	24	1.171617	-0.351301	-1.522918
res_R90	24	-0.309622	1.346161	1.655783
sph_G37	1	-0.657523	-0.623196	0.034326
sph_R7CZ	1	-0.705004	-0.669388	0.035616
sph_R90CZ	1	-0.990094	-0.989015	0.001079
