# run	point-charge file (pc/<name>.pc, copied to env.pc by the batch job)	geometry	n_point_charges	lj_set	batch
bare_R	-	R	0	-	a
bare_TS	-	TS	0	-	a
NC0_R	NC0	R	55656	envR_all	a
NC0_TS	NC0	TS	55656	envR_all	a
ENZ_R	ENZ	R	55656	envR_all	a
ENZ_TS	ENZ	TS	55656	envR_all	a
ENZTS_R	ENZTS	R	55656	envTS_all	a
ENZTS_TS	ENZTS	TS	55656	envTS_all	a
REV_R	REV	R	55656	envR_all	a
REV_TS	REV	TS	55656	envR_all	a
SUB_R90_R	SUB_R90	R	55657	envR_all	a
SUB_R90_TS	SUB_R90	TS	55657	envR_all	a
KO_R90_R	KO_R90	R	55656	envR_all	b
KO_R90_TS	KO_R90	TS	55656	envR_all	b
KO_R7_R	KO_R7	R	55656	envR_all	b
KO_R7_TS	KO_R7	TS	55656	envR_all	b
KO_E78_R	KO_E78	R	55656	envR_all	b
KO_E78_TS	KO_E78	TS	55656	envR_all	b
KO_R116_R	KO_R116	R	55656	envR_all	b
KO_R116_TS	KO_R116	TS	55656	envR_all	b
KO_R63p_R	KO_R63p	R	55656	envR_all	b
KO_R63p_TS	KO_R63p	TS	55656	envR_all	b
KO_K60p_R	KO_K60p	R	55656	envR_all	b
KO_K60p_TS	KO_K60p	TS	55656	envR_all	b
ALONE_R90_R	ALONE_R90	R	24	res_R90	c
ALONE_R90_TS	ALONE_R90	TS	24	res_R90	c
ALONE_R7_R	ALONE_R7	R	24	res_R7	c
ALONE_R7_TS	ALONE_R7	TS	24	res_R7	c
ALONE_E78_R	ALONE_E78	R	15	res_E78	c
ALONE_E78_TS	ALONE_E78	TS	15	res_E78	c
ALONE_R116_R	ALONE_R116	R	24	res_R116	c
ALONE_R116_TS	ALONE_R116	TS	24	res_R116	c
ALONE_R63p_R	ALONE_R63p	R	24	res_R63p	c
ALONE_R63p_TS	ALONE_R63p	TS	24	res_R63p	c
ALONE_K60p_R	ALONE_K60p	R	22	res_K60p	c
ALONE_K60p_TS	ALONE_K60p	TS	22	res_K60p	c
SPH_R90CZ_R	SPH_R90CZ	R	1	sph_R90CZ	c
SPH_R90CZ_TS	SPH_R90CZ	TS	1	sph_R90CZ	c
SPH_R7CZ_R	SPH_R7CZ	R	1	sph_R7CZ	c
SPH_R7CZ_TS	SPH_R7CZ	TS	1	sph_R7CZ	c
SPH_G37_R	SPH_G37	R	1	sph_G37	c
SPH_G37_TS	SPH_G37	TS	1	sph_G37	c
