# run	frame	step	start_image	Ew_start (Eh, written band)	step0_run
S2_20000	20000	S2	1	-1076.102698915817	no
S2_21634	21634	S2	3	-1076.367357200593	no
S0_23268	23268	S0	0	-1076.029326667849	yes
S2_23268	23268	S2	4	-1076.049735859044	no
S2_24883	24883	S2	1	-1076.138044512087	no
S2_26495	26495	S2	1	-1075.801899207696	no
S2_33320	33320	S2	0	-1075.722746337852	yes
S2_34991	34991	S2	2	-1077.094799455573	no
S2_36665	36665	S2	3	-1075.864396742760	no
S2_38344	38344	S2	1	-1076.509325951215	no
S2_40485	40485	S2	1	-1075.845750346439	no
S2_41786	41786	S2	0	-1075.680500703602	yes
S0_42436	42436	S0	0	-1075.970301487510	yes
S2_42436	42436	S2	4	-1075.989130036271	no
S2_43087	43087	S2	1	-1076.672002355505	no
S2_43738	43738	S2	2	-1076.201068102489	no
S0_44388	44388	S0	0	-1077.142343015905	yes
S2_44388	44388	S2	2	-1077.155738217969	no
S2_45688	45688	S2	3	-1076.572260071988	no
S2_46990	46990	S2	1	-1076.039042007160	no
S2_47641	47641	S2	3	-1075.181869079158	no
S2_48292	48292	S2	2	-1074.556472104392	no
S0_49592	49592	S0	0	-1075.318064670711	yes
S2_49592	49592	S2	3	-1075.329546784206	no
S2_50892	50892	S2	1	-1075.583126226848	no
S2_52192	52192	S2	2	-1074.650634214254	no
S2_53493	53493	S2	1	-1075.623865202848	no
S2_54144	54144	S2	1	-1076.127132267533	no
S0_54795	54795	S0	0	-1075.585252014146	yes
S2_54795	54795	S2	3	-1075.598613178164	no
S2_55446	55446	S2	1	-1074.717082051705	no
S2_56098	56098	S2	2	-1075.670973616282	no
S2_57397	57397	S2	3	-1075.805485999389	no
S2_58698	58698	S2	2	-1075.389431031677	no
S2_59999	59999	S2	3	-1076.285692483628	no
