# Simulation Time; Colvar 1 Position / Angstrom; Colvar 1 Ext. Force / Hartree Angstrom^-1; Colvar 2 Position / Angstrom; Colvar 2 Ext. Force / Hartree Angstrom^-1
0.00; 1.5377759984; -0.0645036085; 2.9779447744; 0.0192336694
0.00; 1.6048255862; -0.1137567587; 2.8616842682; 0.1011572252
0.00; 1.5708223380; -0.0928014544; 2.9206430016; 0.0604965475
0.00; 1.5747746637; -0.0934288077; 2.9113065443; 0.0503799618
0.00; 1.5735002611; -0.0911535968; 2.9087285575; 0.0458175215
0.00; 1.5728391150; -0.0902400046; 2.9073921790; 0.0434586818
0.00; 1.5718898508; -0.0891466416; 2.9056071236; 0.0430931819
0.00; 1.5680964142; -0.0841520414; 2.8984690556; 0.0410365937
0.00; 1.5708307461; -0.0874629440; 2.9036149685; 0.0423705496
0.00; 1.5730069479; -0.0891744646; 2.9050151707; 0.0402491871
0.00; 1.5740376835; -0.0902397337; 2.9056787804; 0.0387965600
0.00; 1.5746266829; -0.0908464202; 2.9056749087; 0.0382020766
0.00; 1.5753122858; -0.0913703360; 2.9056705015; 0.0373919328
0.00; 1.5744565306; -0.0900778246; 2.9042956110; 0.0365717997
0.00; 1.5710355572; -0.0851596800; 2.8987962074; 0.0341859164
0.00; 1.5733225132; -0.0885173012; 2.9024731716; 0.0359014536
0.00; 1.5726587265; -0.0876634075; 2.9018139827; 0.0355437676
0.00; 1.5725242191; -0.0873661462; 2.9016804249; 0.0354183456
0.00; 1.5726902904; -0.0874787066; 2.9019321837; 0.0355963207
0.00; 1.5733547859; -0.0880033556; 2.9029397450; 0.0360693420
0.00; 1.5731142985; -0.0878243367; 2.9025750604; 0.0358293494
0.00; 1.5742296101; -0.0879245733; 2.9025179922; 0.0341170093
0.00; 1.5750741867; -0.0880772919; 2.9024758303; 0.0327496516
0.00; 1.5751686354; -0.0874253985; 2.9008304685; 0.0310453775
0.00; 1.5755474857; -0.0842946140; 2.8942672532; 0.0238395554
0.00; 1.5752187489; -0.0868347800; 2.8999589396; 0.0298619660
0.00; 1.5744968022; -0.0865084293; 2.8995216284; 0.0303854056
0.00; 1.5742597636; -0.0864347087; 2.8993781360; 0.0305570827
0.00; 1.5735239434; -0.0860865828; 2.8993000765; 0.0310613993
0.00; 1.5705821134; -0.0848020305; 2.8989932151; 0.0330297358
0.00; 1.5731036085; -0.0857175697; 2.8992557197; 0.0313633163
0.00; 1.5737160173; -0.0864684276; 2.8993601348; 0.0306693585
