row	idx	x	y	z
0	0	41.308776	26.630541	52.620380
1	1	42.136504	26.675734	50.624779
2	2	41.447075	27.240987	51.510072
3	3	41.794831	26.491493	53.888327
4	4	41.421178	27.300716	53.367337
5	5	41.685121	25.961047	51.711755
6	6	41.515213	28.545661	51.834677
7	7	42.024712	28.567581	53.973213
8	8	41.419360	28.361754	52.928788
9	9	42.246143	29.580910	52.117618
10	10	42.162132	28.781019	50.907313
11	11	42.074942	29.337951	53.115969
12	12	41.899550	25.434097	52.771649
13	13	42.541058	25.048718	51.635688
14	14	42.653127	25.624084	54.243236
15	15	42.754758	24.834845	53.160384
16	16	43.596914	29.623904	50.777402
17	17	43.859723	28.795334	50.033668
18	18	43.790362	27.706584	49.748958
19	19	42.868987	28.552452	50.183439
20	20	42.248040	27.763736	50.410646
21	21	43.477057	30.024866	51.704779
22	22	42.935697	27.065350	50.010426
23	23	43.490807	24.904222	53.869397
24	24	43.111889	25.113425	50.795704
25	25	44.278374	26.187592	49.814920
26	26	42.995161	25.940400	50.220592
27	27	44.007685	25.273272	50.303502
28	28	44.803005	24.555158	51.178221
29	29	43.949476	24.265572	52.686357
30	30	43.702564	24.491608	51.396189
31	31	45.394146	25.328496	50.558634
32	32	41.870798	27.327589	56.778999
33	33	42.503101	28.517096	58.378702
34	34	42.037991	28.375595	57.491935
35	35	42.268673	26.977223	55.642627
36	36	42.049780	28.326585	56.287718
37	37	43.790314	25.061988	55.687577
38	38	42.893075	25.509205	55.796247
39	39	42.099297	26.140329	57.390884
40	40	42.199295	26.150691	56.274112
41	41	42.683403	25.264339	57.270554
42	42	43.583186	27.041123	59.539830
43	43	42.810985	26.333901	58.935169
44	44	42.072111	27.313914	58.010530
45	45	42.662233	27.408662	58.934365
46	46	43.155321	25.289478	58.418289
47	47	44.763406	25.267184	58.936699
48	48	44.106317	26.054708	59.461850
49	49	44.394269	24.725513	58.159666
50	50	43.854442	24.603724	57.123201
51	51	45.294225	26.353919	59.446773
52	52	42.591801	29.397608	57.629974
53	53	46.061874	26.444785	50.417424
54	54	45.010928	27.049095	49.865897
55	55	42.539349	29.212233	55.818704
56	56	42.810226	29.840763	56.598388
57	57	42.011748	27.378604	54.486989
58	58	42.223303	28.320989	55.135920
59	59	45.481923	24.880239	58.079650
60	60	44.862879	24.527841	57.087928
61	61	46.224511	25.649836	58.429854
62	62	42.262298	29.977747	55.123862
63	63	42.329868	30.832203	54.230975
64	64	42.503853	30.538060	53.143264
65	65	42.117319	29.711861	54.076483
66	66	43.086706	31.783513	54.392895
67	67	44.365160	24.784076	54.727947
68	68	45.062072	30.023565	51.145127
69	69	44.099310	31.532757	56.143102
70	70	43.125583	31.222023	55.804670
71	71	43.301685	31.036558	52.325668
72	72	43.414983	31.812620	52.998612
73	73	45.418875	29.314297	50.376952
74	74	46.145201	29.679669	51.228028
75	75	45.021581	31.618124	52.018285
76	76	45.011827	32.467756	53.209537
77	77	43.856877	32.350869	53.913326
78	78	45.741048	30.691730	51.709758
79	79	45.862031	28.310426	50.017714
80	80	46.746437	28.453430	50.691818
81	81	46.289157	27.422454	50.194222
82	82	44.764554	32.600918	54.266149
83	83	44.600479	32.279512	55.419675
84	84	45.218855	31.609613	56.244702
85	85	47.023196	27.176222	50.991912
86	86	43.082321	29.240280	59.030896
87	87	43.091348	30.085003	58.339421
88	88	43.743994	30.748593	58.756721
89	89	43.920134	28.228054	59.905667
90	90	44.319430	29.428342	60.216974
91	91	44.402589	30.431123	59.766787
92	92	43.846692	31.184985	57.261800
93	93	46.720557	26.788412	59.098144
94	94	45.416798	27.310559	60.114734
95	95	46.601278	27.484096	60.008235
96	96	45.115138	28.909184	60.608813
97	97	46.122491	28.703197	60.606761
98	98	45.547968	29.874793	60.458841
99	99	44.993175	31.207076	59.261741
100	100	45.175692	31.841608	58.266977
101	101	44.730330	31.752020	57.283768
102	102	45.977184	31.629668	58.917053
103	103	46.781654	31.740451	58.267136
104	104	46.365536	31.895577	56.925869
105	105	47.380080	29.343071	60.291655
106	106	46.753144	30.984605	59.762849
107	107	47.731177	30.673912	59.448074
108	108	45.240661	24.295276	55.115081
109	109	44.708104	24.029714	54.023520
110	110	45.699669	23.422725	53.802421
111	111	45.069827	23.698173	53.026458
112	112	45.974758	24.584874	51.128511
113	113	45.493596	23.991170	51.827359
114	114	46.984954	25.608584	50.832536
115	115	46.427255	23.775399	54.918904
116	116	47.936077	23.770060	53.494605
117	117	47.480705	24.059653	54.923202
118	118	47.175099	23.487821	54.109451
119	119	46.827192	23.506621	52.325466
120	120	47.072405	24.487107	51.234440
121	121	47.925413	24.337835	51.865618
122	122	47.839281	25.215112	51.274782
123	123	46.826293	23.860679	56.281870
124	124	46.418706	24.344581	57.383247
125	125	45.409622	24.176113	56.282555
126	126	47.465203	25.115432	57.929026
127	127	48.623636	24.583693	56.026487
128	128	47.830997	24.247232	56.781543
129	129	45.892782	32.893820	55.080762
130	130	47.276215	32.289360	56.498357
131	131	46.839288	32.920131	55.695025
132	132	45.838367	32.405066	56.013129
133	133	47.698166	30.154098	51.485331
134	134	47.755947	33.072900	55.134047
135	135	48.427683	31.686606	56.443010
136	136	48.349167	32.511494	55.775687
137	137	46.665013	33.241329	54.315381
138	138	46.413899	32.644081	52.407759
139	139	47.440853	33.178386	53.003914
140	140	47.650199	31.513769	51.514298
141	141	46.027575	31.760108	51.955532
142	142	48.340976	33.108433	53.628346
143	143	48.068311	32.658662	52.352476
144	144	48.871125	30.782468	58.982865
145	145	48.186990	28.306763	51.227193
146	146	48.922640	29.748226	59.817953
147	147	47.905734	31.691196	57.700033
148	148	48.361148	25.901603	58.596355
149	149	47.325631	26.073315	58.623167
150	150	48.239853	28.464838	60.231861
151	151	47.543589	27.163938	59.707148
152	152	49.712625	30.137750	59.009780
153	153	49.470856	31.135334	58.077332
154	154	50.005979	31.031857	56.994897
155	155	49.300171	27.933812	59.932160
156	156	48.788918	26.777462	59.478218
157	157	50.489589	29.610791	58.430026
158	158	50.651836	28.111494	58.747483
159	159	50.357696	27.162680	58.613728
160	160	49.941765	29.071004	59.514268
161	161	50.916731	28.728950	57.810440
162	162	50.824805	29.817464	57.310204
163	163	50.293591	30.507953	57.831725
164	164	48.499017	27.162342	50.902254
165	165	49.202640	27.838400	51.146400
166	166	49.755244	24.449817	53.916956
167	167	50.554684	25.063612	53.969558
168	168	48.516502	24.282125	54.268708
169	169	49.014752	24.304970	52.847801
170	170	49.352331	24.655630	54.970382
171	171	50.454552	25.446669	55.039935
172	172	51.036620	26.104587	52.586940
173	173	49.855345	25.886503	51.297426
174	174	50.672403	25.209459	52.976849
175	175	49.271680	25.076966	51.592559
176	176	49.753672	26.888846	51.074647
177	177	50.583944	26.728553	51.660098
178	178	48.487214	25.940687	51.017310
179	179	50.178847	25.222068	52.006639
180	180	51.112342	27.480664	57.725697
181	181	49.608333	26.235861	58.679101
182	182	50.689269	26.241289	57.937320
183	183	48.447441	24.885747	57.274161
184	184	49.827022	25.257615	57.740083
185	185	50.668990	25.316364	56.520462
186	186	51.404051	26.786293	56.819902
187	187	51.286129	26.282056	55.930383
188	188	49.642196	24.738583	56.380383
189	189	49.679694	33.148027	54.083726
190	190	49.590494	32.424314	55.967468
191	191	50.417740	32.820426	55.040868
192	192	49.684801	28.733209	51.072016
193	193	49.362233	32.609855	51.671838
194	194	49.373369	33.138889	52.995325
195	195	50.468266	32.777226	52.206090
196	196	51.354366	32.389541	52.770064
197	197	51.279136	30.657949	56.197646
198	198	50.652510	32.136474	55.889828
199	199	50.652759	32.957813	53.524186
200	200	49.338170	31.716968	50.858407
201	201	52.086773	30.427092	52.265037
202	202	49.948332	29.681427	50.647562
203	203	48.391670	29.444319	51.141432
204	204	51.034894	29.942238	50.959835
205	205	51.155625	31.811064	51.465257
206	206	49.741367	30.724467	50.514517
207	207	48.628669	30.687226	50.752253
208	208	51.594495	30.674282	51.384077
209	209	51.638078	32.092933	54.711847
210	210	51.566440	31.516523	55.560649
211	211	52.136918	31.153122	54.648318
212	212	52.119996	31.486643	53.404490
213	213	52.046572	26.624097	55.021536
214	214	52.419906	26.805083	53.985349
215	215	51.427235	26.065010	54.465174
216	216	51.909710	26.448767	53.140913
217	217	52.138029	27.372108	55.902146
218	218	52.226647	28.494493	56.330116
219	219	51.765243	29.386785	56.577201
220	220	52.182504	29.994944	55.786076
221	221	52.873495	27.704772	53.409947
222	222	51.532952	26.799507	51.989464
223	223	52.569532	30.157496	54.532361
224	224	52.905808	27.962086	54.567120
225	225	52.772960	28.793733	52.363134
226	226	51.488382	28.975099	51.155932
227	227	52.129402	27.927750	51.627036
228	228	50.574620	28.227094	50.952095
229	229	52.518042	27.445523	52.438152
230	230	52.773238	28.856373	55.497681
231	231	52.994387	29.201477	53.427937
232	232	52.341805	30.426111	53.416654
