00_admin/hpc_text_outputs_loose.tar.xz	1	736
00_admin/results_staging_1114/hpc_text_outputs.tar.xz	26	10417020
00_admin/results_staging/hpc_text_outputs.tar.xz	174	23957876
00_admin/sqm_pbs_test/hpc_text_outputs.tar.xz	4	1168
00_admin/sqm_test/hpc_text_outputs.tar.xz	2	940
03_amber/ligand_gaff/hpc_text_outputs.tar.xz	3	972
05_qmmm/12_frame_selection/hpc_text_outputs.tar.xz	6	1320
05_qmmm/13_bridge/hpc_text_outputs.tar.xz	1	355016
05_qmmm/13_smoketest/hpc_text_outputs.tar.xz	12	3415004
05_qmmm/14_dft_sp/hpc_text_outputs.tar.xz	9	2513368
05_qmmm/15_active_region/hpc_text_outputs.tar.xz	1	1496
05_qmmm/15_reactant_opt_lopth/hpc_text_outputs.tar.xz	18	2951832
05_qmmm/16b_restraint_test/hpc_text_outputs.tar.xz	19	2093104
05_qmmm/16_scan/hpc_text_outputs.tar.xz	291	13054408
05_qmmm/17_product_opt/hpc_text_outputs.tar.xz	17	2056536
05_qmmm/18b_ts_numfreq/hpc_text_outputs.tar.xz	15	1570468
05_qmmm/18c_reduced_region/hpc_text_outputs.tar.xz	15	2141828
05_qmmm/18d_irc/hpc_text_outputs.tar.xz	25	3950632
05_qmmm/18e_reactant_reduced/hpc_text_outputs.tar.xz	24	3594372
05_qmmm/18f_product_reduced/hpc_text_outputs.tar.xz	23	3611760
05_qmmm/18_nebts/hpc_text_outputs.tar.xz	30	7935828
05_qmmm/20_invacuo/hpc_text_outputs.tar.xz	264	305032
05_qmmm/21_spring_test/hpc_text_outputs_k1000.tar.xz	78	5762424
05_qmmm/21_spring_test/hpc_text_outputs_k2500.tar.xz	78	4513408
05_qmmm/21_spring_test/hpc_text_outputs_k400.tar.xz	78	4584352
05_qmmm/21_spring_test/hpc_text_outputs_k6000.tar.xz	78	4566812
05_qmmm/21_spring_test/hpc_text_outputs__top.tar.xz	62	3310028
05_qmmm/hpc_text_outputs_loose.tar.xz	44	52984
05_qmmm/nimg_test/hpc_text_outputs.tar.xz	22	2770040
05_qmmm/s10_benchmark/hpc_text_outputs.tar.xz	1472	1728072
phase1_system_dev/hpc_text_outputs_loose.tar.xz	3	8556
phase2.2/hpc_text_outputs_loose.tar.xz	5	79144
phase2.2/s13_lj_test2/hpc_text_outputs.tar.xz	6	2768
phase2.2/s13_lj_test/hpc_text_outputs.tar.xz	4	18064
phase2.2/s15b_density/hpc_text_outputs.tar.xz	1	1220
phase2.2/s15_dv/hpc_text_outputs.tar.xz	65	311380
phase2.2/wp4_s13_rerun/hpc_text_outputs.tar.xz	90	1618396
phase2.2/wp4_site_models/hpc_text_outputs.tar.xz	3	1700
phase2b_charge_design/02_singlepoints/hpc_text_outputs.tar.xz	71	89332
phase2b_charge_design/03_dvpot/hpc_text_outputs.tar.xz	34	212468
phase2b_charge_design/03_dvpot_v2/hpc_text_outputs.tar.xz	7	130136
phase2b_charge_design/04_grid/hpc_text_outputs.tar.xz	21	336048
phase2b_charge_design/05b_optimise_realism/hpc_text_outputs.tar.xz	143	726104
phase2b_charge_design/05c_cradle/hpc_text_outputs.tar.xz	28	220140
phase2b_charge_design/05d_shell_ladder/hpc_text_outputs_relax_part1.tar.xz	1038	13886216
phase2b_charge_design/05d_shell_ladder/hpc_text_outputs_relax_part2.tar.xz	1292	15974928
phase2b_charge_design/05d_shell_ladder/hpc_text_outputs_relax_part3.tar.xz	1393	13285700
phase2b_charge_design/05d_shell_ladder/hpc_text_outputs_relax_part4.tar.xz	99	864428
phase2b_charge_design/06b_inner_shell/hpc_text_outputs.tar.xz	232	251736
phase2b_charge_design/07_additivity/hpc_text_outputs.tar.xz	550	493868
phase2b_charge_design/07_stage0/hpc_text_outputs.tar.xz	539	6762160
phase2b_charge_design/08_frame_sensitivity/hpc_text_outputs.tar.xz	122	204988
phase2b_charge_design/09_ts_refinement_test/hpc_text_outputs.tar.xz	7	50500
phase2b_charge_design/hpc_text_outputs_loose.tar.xz	2	7488
phase2_charge_design/00_admin/hpc_text_outputs.tar.xz	8	2360
phase2_charge_design/01_substrate/hpc_text_outputs.tar.xz	2	904
phase2_charge_design/02_baseline/hpc_text_outputs.tar.xz	9	8688
phase2_charge_design/03_dvpot/hpc_text_outputs.tar.xz	30	1468808
phase2_charge_design/05_select/hpc_text_outputs.tar.xz	6	12872
phase2_charge_design/06_polarize/hpc_text_outputs.tar.xz	40	56060
phase2_charge_design/08_validate_relaxed/hpc_text_outputs.tar.xz	160	2516660
phase2_charge_design/09_mmtest/hpc_text_outputs.tar.xz	142	88516
phase2_charge_design/10_surrogate/hpc_text_outputs.tar.xz	42	15278272
phase2_charge_design/hpc_text_outputs_loose.tar.xz	1	2108
s10_cheap_method_benchmark.py/hpc_text_outputs_loose.tar.xz	1	5988
step11g_torsion_check.py/hpc_text_outputs_loose.tar.xz	1	4764
