# idx	frame	site	CHA_resid	rst7	qm_atoms_file	n_qm
1	820	CHA#2	383	frame_00820_CHA2.rst7	frame_00820_CHA2.qmatoms	24
2	2450	CHA#2	383	frame_02450_CHA2.rst7	frame_02450_CHA2.qmatoms	24
3	4085	CHA#2	383	frame_04085_CHA2.rst7	frame_04085_CHA2.qmatoms	24
4	5680	CHA#2	383	frame_05680_CHA2.rst7	frame_05680_CHA2.qmatoms	24
5	7310	CHA#2	383	frame_07310_CHA2.rst7	frame_07310_CHA2.qmatoms	24
6	9025	CHA#2	383	frame_09025_CHA2.rst7	frame_09025_CHA2.qmatoms	24
7	10775	CHA#2	383	frame_10775_CHA2.rst7	frame_10775_CHA2.qmatoms	24
8	12485	CHA#2	383	frame_12485_CHA2.rst7	frame_12485_CHA2.qmatoms	24
9	14155	CHA#2	383	frame_14155_CHA2.rst7	frame_14155_CHA2.qmatoms	24
10	15825	CHA#2	383	frame_15825_CHA2.rst7	frame_15825_CHA2.qmatoms	24
11	17505	CHA#2	383	frame_17505_CHA2.rst7	frame_17505_CHA2.qmatoms	24
12	19185	CHA#2	383	frame_19185_CHA2.rst7	frame_19185_CHA2.qmatoms	24
13	8170	CHA#2	383	frame_08170_CHA2.rst7	frame_08170_CHA2.qmatoms	24
14	9900	CHA#2	383	frame_09900_CHA2.rst7	frame_09900_CHA2.qmatoms	24
15	11630	CHA#2	383	frame_11630_CHA2.rst7	frame_11630_CHA2.qmatoms	24
16	20000	CHA#2	383	frame_20000_CHA2.rst7	frame_20000_CHA2.qmatoms	24
17	21634	CHA#2	383	frame_21634_CHA2.rst7	frame_21634_CHA2.qmatoms	24
18	23268	CHA#2	383	frame_23268_CHA2.rst7	frame_23268_CHA2.qmatoms	24
19	24883	CHA#2	383	frame_24883_CHA2.rst7	frame_24883_CHA2.qmatoms	24
20	26495	CHA#2	383	frame_26495_CHA2.rst7	frame_26495_CHA2.qmatoms	24
21	33320	CHA#2	383	frame_33320_CHA2.rst7	frame_33320_CHA2.qmatoms	24
22	34991	CHA#2	383	frame_34991_CHA2.rst7	frame_34991_CHA2.qmatoms	24
23	36665	CHA#2	383	frame_36665_CHA2.rst7	frame_36665_CHA2.qmatoms	24
24	38344	CHA#2	383	frame_38344_CHA2.rst7	frame_38344_CHA2.qmatoms	24
25	40485	CHA#2	383	frame_40485_CHA2.rst7	frame_40485_CHA2.qmatoms	24
26	41786	CHA#2	383	frame_41786_CHA2.rst7	frame_41786_CHA2.qmatoms	24
27	42436	CHA#2	383	frame_42436_CHA2.rst7	frame_42436_CHA2.qmatoms	24
28	43087	CHA#2	383	frame_43087_CHA2.rst7	frame_43087_CHA2.qmatoms	24
29	43738	CHA#2	383	frame_43738_CHA2.rst7	frame_43738_CHA2.qmatoms	24
30	44388	CHA#2	383	frame_44388_CHA2.rst7	frame_44388_CHA2.qmatoms	24
31	45688	CHA#2	383	frame_45688_CHA2.rst7	frame_45688_CHA2.qmatoms	24
32	46990	CHA#2	383	frame_46990_CHA2.rst7	frame_46990_CHA2.qmatoms	24
33	47641	CHA#2	383	frame_47641_CHA2.rst7	frame_47641_CHA2.qmatoms	24
34	48292	CHA#2	383	frame_48292_CHA2.rst7	frame_48292_CHA2.qmatoms	24
35	49592	CHA#2	383	frame_49592_CHA2.rst7	frame_49592_CHA2.qmatoms	24
36	50892	CHA#2	383	frame_50892_CHA2.rst7	frame_50892_CHA2.qmatoms	24
37	52192	CHA#2	383	frame_52192_CHA2.rst7	frame_52192_CHA2.qmatoms	24
38	53493	CHA#2	383	frame_53493_CHA2.rst7	frame_53493_CHA2.qmatoms	24
39	54144	CHA#2	383	frame_54144_CHA2.rst7	frame_54144_CHA2.qmatoms	24
40	54795	CHA#2	383	frame_54795_CHA2.rst7	frame_54795_CHA2.qmatoms	24
41	55446	CHA#2	383	frame_55446_CHA2.rst7	frame_55446_CHA2.qmatoms	24
42	56098	CHA#2	383	frame_56098_CHA2.rst7	frame_56098_CHA2.qmatoms	24
43	57397	CHA#2	383	frame_57397_CHA2.rst7	frame_57397_CHA2.qmatoms	24
44	58698	CHA#2	383	frame_58698_CHA2.rst7	frame_58698_CHA2.qmatoms	24
45	59999	CHA#2	383	frame_59999_CHA2.rst7	frame_59999_CHA2.qmatoms	24
