switching	pair	r_A	E_MM_Eh
default	NaOc	2.00	0.026372446258
default	NaOc	2.05	0.018989109326
default	NaOc	2.10	0.013695900156
default	NaOc	2.15	0.009881011634
default	NaOc	2.20	0.007118869712
default	NaOc	2.25	0.005111154595
default	NaOc	2.30	0.003647227950
default	NaOc	2.35	0.002577345230
default	NaOc	2.40	0.001794369509
default	NaOc	2.45	0.001221188576
default	NaOc	2.50	0.000801990400
default	NaOc	2.55	0.000496169918
default	NaOc	2.60	0.000274044123
default	NaOc	2.65	0.000113818991
default	NaOc	2.70	-0.000000570911
default	NaOc	2.75	-0.000081010367
default	NaOc	2.80	-0.000136318898
default	NaOc	2.85	-0.000173058764
default	NaOc	2.90	-0.000196123268
default	NaOc	2.95	-0.000209167156
default	NaOc	3.00	-0.000214922924
default	NaOc	3.05	-0.000215434261
default	NaOc	3.10	-0.000212229035
default	NaOc	3.15	-0.000206447954
default	NaOc	3.20	-0.000198940588
default	NaOc	3.25	-0.000190337264
default	NaOc	3.30	-0.000181103055
default	NaOc	3.35	-0.000171578428
default	NaOc	3.40	-0.000162009910
default	NaOc	3.45	-0.000152573286
default	NaOc	3.50	-0.000143391161
default	NaOc	3.55	-0.000134546282
default	NaOc	3.60	-0.000126091648
default	NaOc	3.65	-0.000118058188
default	NaOc	3.70	-0.000110460586
default	NaOc	3.75	-0.000103301707
default	NaOc	3.80	-0.000096575942
default	NaOc	3.85	-0.000090271746
default	NaOc	3.90	-0.000084373543
default	NaOc	3.95	-0.000078863153
default	NaOc	4.00	-0.000073720866
default	NaOc	4.05	-0.000068926223
default	NaOc	4.10	-0.000064458599
default	NaOc	4.15	-0.000060297609
default	NaOc	4.20	-0.000056423409
default	NaOc	4.25	-0.000052816888
default	NaOc	4.30	-0.000049459799
default	NaOc	4.35	-0.000046334840
default	NaOc	4.40	-0.000043425685
default	NaOc	4.45	-0.000040716999
default	NaOc	4.50	-0.000038194426
default	NaOc	4.55	-0.000035844561
default	NaOc	4.60	-0.000033654919
default	NaOc	4.65	-0.000031613889
default	NaOc	4.70	-0.000029710690
default	NaOc	4.75	-0.000027935325
default	NaOc	4.80	-0.000026278530
default	NaOc	4.85	-0.000024731726
default	NaOc	4.90	-0.000023286976
default	NaOc	4.95	-0.000021936937
default	NaOc	5.00	-0.000020674820
default	NaOc	5.05	-0.000019494346
default	NaOc	5.10	-0.000018389711
default	NaOc	5.15	-0.000017355548
default	NaOc	5.20	-0.000016386895
default	NaOc	5.25	-0.000015479165
default	NaOc	5.30	-0.000014628115
default	NaOc	5.35	-0.000013829818
default	NaOc	5.40	-0.000013080645
default	NaOc	5.45	-0.000012377232
default	NaOc	5.50	-0.000011716468
default	NaOc	5.55	-0.000011095470
default	NaOc	5.60	-0.000010511569
default	NaOc	5.65	-0.000009962289
default	NaOc	5.70	-0.000009445335
default	NaOc	5.75	-0.000008958579
default	NaOc	5.80	-0.000008500046
default	NaOc	5.85	-0.000008067902
default	NaOc	5.90	-0.000007660444
default	NaOc	5.95	-0.000007276090
default	NaOc	6.00	-0.000006913370
default	NOc	2.00	0.219233040949
default	NOc	2.05	0.161009866320
default	NOc	2.10	0.118883984367
default	NOc	2.15	0.088199718612
default	NOc	2.20	0.065709212487
default	NOc	2.25	0.049128314566
default	NOc	2.30	0.036838241881
default	NOc	2.35	0.027683361658
default	NOc	2.40	0.020832944825
default	NOc	2.45	0.015685878236
default	NOc	2.50	0.011804472133
default	NOc	2.55	0.008868134792
default	NOc	2.60	0.006640719462
default	NOc	2.65	0.004947350968
default	NOc	2.70	0.003657872242
default	NOc	2.75	0.002674945590
default	NOc	2.80	0.001925448512
default	NOc	2.85	0.001354216122
default	NOc	2.90	0.000919465150
default	NOc	2.95	0.000589429997
default	NOc	3.00	0.000339877332
default	NOc	3.05	0.000152260904
default	NOc	3.10	0.000012345320
default	NOc	3.15	-0.000090824943
default	NOc	3.20	-0.000165701170
default	NOc	3.25	-0.000218816283
default	NOc	3.30	-0.000255229102
default	NOc	3.35	-0.000278862450
default	NOc	3.40	-0.000292761380
default	NOc	3.45	-0.000299291043
default	NOc	3.50	-0.000300288786
default	NOc	3.55	-0.000297181417
default	NOc	3.60	-0.000291075867
default	NOc	3.65	-0.000282829467
default	NOc	3.70	-0.000273104562
default	NOc	3.75	-0.000262411037
default	NOc	3.80	-0.000251139516
default	NOc	3.85	-0.000239587316
default	NOc	3.90	-0.000227978776
default	NOc	3.95	-0.000216481201
default	NOc	4.00	-0.000205217385
default	NOc	4.05	-0.000194275460
default	NOc	4.10	-0.000183716634
default	NOc	4.15	-0.000173581290
default	NOc	4.20	-0.000163893785
default	NOc	4.25	-0.000154666224
default	NOc	4.30	-0.000145901429
default	NOc	4.35	-0.000137595272
default	NOc	4.40	-0.000129738504
default	NOc	4.45	-0.000122318186
default	NOc	4.50	-0.000115318805
default	NOc	4.55	-0.000108723138
default	NOc	4.60	-0.000102512927
default	NOc	4.65	-0.000096669387
default	NOc	4.70	-0.000091173600
default	NOc	4.75	-0.000086006807
default	NOc	4.80	-0.000081150622
default	NOc	4.85	-0.000076587196
default	NOc	4.90	-0.000072299319
default	NOc	4.95	-0.000068270496
default	NOc	5.00	-0.000064484993
default	NOc	5.05	-0.000060927860
default	NOc	5.10	-0.000057584933
default	NOc	5.15	-0.000054442832
default	NOc	5.20	-0.000051488946
default	NOc	5.25	-0.000048711406
default	NOc	5.30	-0.000046099062
default	NOc	5.35	-0.000043641451
default	NOc	5.40	-0.000041328765
default	NOc	5.45	-0.000039151821
default	NOc	5.50	-0.000037102021
default	NOc	5.55	-0.000035171323
default	NOc	5.60	-0.000033352212
default	NOc	5.65	-0.000031637659
default	NOc	5.70	-0.000030021100
default	NOc	5.75	-0.000028496402
default	NOc	5.80	-0.000027057834
default	NOc	5.85	-0.000025700046
default	NOc	5.90	-0.000024418040
default	NOc	5.95	-0.000023207146
default	NOc	6.00	-0.000022063003
default	NaOe	2.00	0.026154008158
default	NaOe	2.05	0.018863550606
default	NaOe	2.10	0.013633056178
default	NaOe	2.15	0.009860112655
default	NaOe	2.20	0.007125586956
default	NaOe	2.25	0.005135599229
default	NaOe	2.30	0.003682585923
default	NaOe	2.35	0.002618939834
default	NaOe	2.40	0.001839013857
default	NaOe	2.45	0.001266735972
default	NaOe	2.50	0.000847020683
default	NaOe	2.55	0.000539769797
default	NaOe	2.60	0.000315652849
default	NaOe	2.65	0.000153119672
default	NaOe	2.70	0.000036272038
default	NaOe	2.75	-0.000046661713
default	NaOe	2.80	-0.000104426102
default	NaOe	2.85	-0.000143535202
default	NaOe	2.90	-0.000168852903
default	NaOe	2.95	-0.000184017599
default	NaOe	3.00	-0.000191754422
default	NaOe	3.05	-0.000194105796
default	NaOe	3.10	-0.000192602366
default	NaOe	3.15	-0.000188390205
default	NaOe	3.20	-0.000182325815
default	NaOe	3.25	-0.000175047308
default	NaOe	3.30	-0.000167027901
default	NaOe	3.35	-0.000158616228
default	NaOe	3.40	-0.000150066790
default	NaOe	3.45	-0.000141563006
default	NaOe	3.50	-0.000133234695
default	NaOe	3.55	-0.000125171351
default	NaOe	3.60	-0.000117432236
default	NaOe	3.65	-0.000110054058
default	NaOe	3.70	-0.000103056816
default	NaOe	3.75	-0.000096448237
default	NaOe	3.80	-0.000090227160
default	NaOe	3.85	-0.000084386089
default	NaOe	3.90	-0.000078913135
default	NaOe	3.95	-0.000073793474
default	NaOe	4.00	-0.000069010440
default	NaOe	4.05	-0.000064546342
default	NaOe	4.10	-0.000060383065
default	NaOe	4.15	-0.000056502504
default	NaOe	4.20	-0.000052886882
default	NaOe	4.25	-0.000049518967
default	NaOe	4.30	-0.000046382219
default	NaOe	4.35	-0.000043460881
default	NaOe	4.40	-0.000040740036
default	NaOe	4.45	-0.000038205628
default	NaOe	4.50	-0.000035844465
default	NaOe	4.55	-0.000033644199
default	NaOe	4.60	-0.000031593310
default	NaOe	4.65	-0.000029681064
default	NaOe	4.70	-0.000027897481
default	NaOe	4.75	-0.000026233293
default	NaOe	4.80	-0.000024679904
default	NaOe	4.85	-0.000023229343
default	NaOe	4.90	-0.000021874229
default	NaOe	4.95	-0.000020607729
default	NaOe	5.00	-0.000019423519
default	NaOe	5.05	-0.000018315745
default	NaOe	5.10	-0.000017278996
default	NaOe	5.15	-0.000016308263
default	NaOe	5.20	-0.000015398914
default	NaOe	5.25	-0.000014546662
default	NaOe	5.30	-0.000013747543
default	NaOe	5.35	-0.000012997887
default	NaOe	5.40	-0.000012294297
default	NaOe	5.45	-0.000011633628
default	NaOe	5.50	-0.000011012967
default	NaOe	5.55	-0.000010429616
default	NaOe	5.60	-0.000009881076
default	NaOe	5.65	-0.000009365026
default	NaOe	5.70	-0.000008879318
default	NaOe	5.75	-0.000008421956
default	NaOe	5.80	-0.000007991090
default	NaOe	5.85	-0.000007585001
default	NaOe	5.90	-0.000007202092
default	NaOe	5.95	-0.000006840879
default	NaOe	6.00	-0.000006499982
default	OcOc	2.00	0.133730933055
default	OcOc	2.05	0.097766380299
default	OcOc	2.10	0.071802883617
default	OcOc	2.15	0.052939295493
default	OcOc	2.20	0.039153194845
default	OcOc	2.25	0.029023410459
default	OcOc	2.30	0.021543679580
default	OcOc	2.35	0.015996384159
default	OcOc	2.40	0.011866262860
default	OcOc	2.45	0.008780961045
default	OcOc	2.50	0.006469752552
default	OcOc	2.55	0.004734665855
default	OcOc	2.60	0.003430143740
default	OcOc	2.65	0.002448617375
default	OcOc	2.70	0.001710208787
default	OcOc	2.75	0.001155334812
default	OcOc	2.80	0.000739363559
default	OcOc	2.85	0.000428731979
default	OcOc	2.90	0.000198109780
default	OcOc	2.95	0.000028317000
default	OcOc	3.00	-0.000095212564
default	OcOc	3.05	-0.000183570490
default	OcOc	3.10	-0.000245222010
default	OcOc	3.15	-0.000286640389
default	OcOc	3.20	-0.000312783276
default	OcOc	3.25	-0.000327451758
default	OcOc	3.30	-0.000333562009
default	OcOc	3.35	-0.000333351492
default	OcOc	3.40	-0.000328536022
default	OcOc	3.45	-0.000320429736
default	OcOc	3.50	-0.000310037012
default	OcOc	3.55	-0.000298123068
default	OcOc	3.60	-0.000285268325
default	OcOc	3.65	-0.000271910358
default	OcOc	3.70	-0.000258376330
default	OcOc	3.75	-0.000244908114
default	OcOc	3.80	-0.000231681786
default	OcOc	3.85	-0.000218822752
default	OcOc	3.90	-0.000206417519
default	OcOc	3.95	-0.000194522843
default	OcOc	4.00	-0.000183172845
default	OcOc	4.05	-0.000172384551
default	OcOc	4.10	-0.000162162196
default	OcOc	4.15	-0.000152500563
default	OcOc	4.20	-0.000143387571
default	OcOc	4.25	-0.000134806283
default	OcOc	4.30	-0.000126736438
default	OcOc	4.35	-0.000119155642
default	OcOc	4.40	-0.000112040262
default	OcOc	4.45	-0.000105366109
default	OcOc	4.50	-0.000099108948
default	OcOc	4.55	-0.000093244873
default	OcOc	4.60	-0.000087750575
default	OcOc	4.65	-0.000082603538
default	OcOc	4.70	-0.000077782163
default	OcOc	4.75	-0.000073265851
default	OcOc	4.80	-0.000069035047
default	OcOc	4.85	-0.000065071257
default	OcOc	4.90	-0.000061357046
default	OcOc	4.95	-0.000057876012
default	OcOc	5.00	-0.000054612768
default	OcOc	5.05	-0.000051552895
default	OcOc	5.10	-0.000048682903
default	OcOc	5.15	-0.000045990189
default	OcOc	5.20	-0.000043462985
default	OcOc	5.25	-0.000041090313
default	OcOc	5.30	-0.000038861942
default	OcOc	5.35	-0.000036768333
default	OcOc	5.40	-0.000034800606
default	OcOc	5.45	-0.000032950488
default	OcOc	5.50	-0.000031210278
default	OcOc	5.55	-0.000029572807
default	OcOc	5.60	-0.000028031399
default	OcOc	5.65	-0.000026579842
default	OcOc	5.70	-0.000025212350
default	OcOc	5.75	-0.000023923538
default	OcOc	5.80	-0.000022708390
default	OcOc	5.85	-0.000021562234
default	OcOc	5.90	-0.000020480719
default	OcOc	5.95	-0.000019459789
default	OcOc	6.00	-0.000018495665
noswitch	NaOc	2.00	0.026372252812
noswitch	NaOc	2.05	0.018988915880
noswitch	NaOc	2.10	0.013695706710
noswitch	NaOc	2.15	0.009880818188
noswitch	NaOc	2.20	0.007118676266
noswitch	NaOc	2.25	0.005110961149
noswitch	NaOc	2.30	0.003647034504
noswitch	NaOc	2.35	0.002577151784
noswitch	NaOc	2.40	0.001794176063
noswitch	NaOc	2.45	0.001220995130
noswitch	NaOc	2.50	0.000801796954
noswitch	NaOc	2.55	0.000495976472
noswitch	NaOc	2.60	0.000273850677
noswitch	NaOc	2.65	0.000113625545
noswitch	NaOc	2.70	-0.000000764357
noswitch	NaOc	2.75	-0.000081203813
noswitch	NaOc	2.80	-0.000136512344
noswitch	NaOc	2.85	-0.000173252210
noswitch	NaOc	2.90	-0.000196316714
noswitch	NaOc	2.95	-0.000209360602
noswitch	NaOc	3.00	-0.000215116370
noswitch	NaOc	3.05	-0.000215627707
noswitch	NaOc	3.10	-0.000212422481
noswitch	NaOc	3.15	-0.000206641400
noswitch	NaOc	3.20	-0.000199134034
noswitch	NaOc	3.25	-0.000190530709
noswitch	NaOc	3.30	-0.000181296501
noswitch	NaOc	3.35	-0.000171771874
noswitch	NaOc	3.40	-0.000162203356
noswitch	NaOc	3.45	-0.000152766732
noswitch	NaOc	3.50	-0.000143584607
noswitch	NaOc	3.55	-0.000134739728
noswitch	NaOc	3.60	-0.000126285094
noswitch	NaOc	3.65	-0.000118251634
noswitch	NaOc	3.70	-0.000110654032
noswitch	NaOc	3.75	-0.000103495153
noswitch	NaOc	3.80	-0.000096769388
noswitch	NaOc	3.85	-0.000090465192
noswitch	NaOc	3.90	-0.000084566988
noswitch	NaOc	3.95	-0.000079056599
noswitch	NaOc	4.00	-0.000073914311
noswitch	NaOc	4.05	-0.000069119669
noswitch	NaOc	4.10	-0.000064652045
noswitch	NaOc	4.15	-0.000060491055
noswitch	NaOc	4.20	-0.000056616855
noswitch	NaOc	4.25	-0.000053010334
noswitch	NaOc	4.30	-0.000049653245
noswitch	NaOc	4.35	-0.000046528286
noswitch	NaOc	4.40	-0.000043619131
noswitch	NaOc	4.45	-0.000040910445
noswitch	NaOc	4.50	-0.000038387872
noswitch	NaOc	4.55	-0.000036038007
noswitch	NaOc	4.60	-0.000033848365
noswitch	NaOc	4.65	-0.000031807335
noswitch	NaOc	4.70	-0.000029904136
noswitch	NaOc	4.75	-0.000028128771
noswitch	NaOc	4.80	-0.000026471976
noswitch	NaOc	4.85	-0.000024925172
noswitch	NaOc	4.90	-0.000023480422
noswitch	NaOc	4.95	-0.000022130383
noswitch	NaOc	5.00	-0.000020868266
noswitch	NaOc	5.05	-0.000019687792
noswitch	NaOc	5.10	-0.000018583157
noswitch	NaOc	5.15	-0.000017548993
noswitch	NaOc	5.20	-0.000016580341
noswitch	NaOc	5.25	-0.000015672611
noswitch	NaOc	5.30	-0.000014821561
noswitch	NaOc	5.35	-0.000014023264
noswitch	NaOc	5.40	-0.000013274091
noswitch	NaOc	5.45	-0.000012570678
noswitch	NaOc	5.50	-0.000011909914
noswitch	NaOc	5.55	-0.000011288916
noswitch	NaOc	5.60	-0.000010705015
noswitch	NaOc	5.65	-0.000010155735
noswitch	NaOc	5.70	-0.000009638781
noswitch	NaOc	5.75	-0.000009152025
noswitch	NaOc	5.80	-0.000008693492
noswitch	NaOc	5.85	-0.000008261348
noswitch	NaOc	5.90	-0.000007853890
noswitch	NaOc	5.95	-0.000007469536
noswitch	NaOc	6.00	-0.000007106815
noswitch	NOc	2.00	0.219232416723
noswitch	NOc	2.05	0.161009242094
noswitch	NOc	2.10	0.118883360140
noswitch	NOc	2.15	0.088199094386
noswitch	NOc	2.20	0.065708588261
noswitch	NOc	2.25	0.049127690340
noswitch	NOc	2.30	0.036837617655
noswitch	NOc	2.35	0.027682737432
noswitch	NOc	2.40	0.020832320598
noswitch	NOc	2.45	0.015685254010
noswitch	NOc	2.50	0.011803847907
noswitch	NOc	2.55	0.008867510566
noswitch	NOc	2.60	0.006640095236
noswitch	NOc	2.65	0.004946726742
noswitch	NOc	2.70	0.003657248016
noswitch	NOc	2.75	0.002674321364
noswitch	NOc	2.80	0.001924824286
noswitch	NOc	2.85	0.001353591896
noswitch	NOc	2.90	0.000918840924
noswitch	NOc	2.95	0.000588805771
noswitch	NOc	3.00	0.000339253106
noswitch	NOc	3.05	0.000151636678
noswitch	NOc	3.10	0.000011721094
noswitch	NOc	3.15	-0.000091449170
noswitch	NOc	3.20	-0.000166325397
noswitch	NOc	3.25	-0.000219440510
noswitch	NOc	3.30	-0.000255853328
noswitch	NOc	3.35	-0.000279486676
noswitch	NOc	3.40	-0.000293385606
noswitch	NOc	3.45	-0.000299915269
noswitch	NOc	3.50	-0.000300913012
noswitch	NOc	3.55	-0.000297805643
noswitch	NOc	3.60	-0.000291700093
noswitch	NOc	3.65	-0.000283453694
noswitch	NOc	3.70	-0.000273728788
noswitch	NOc	3.75	-0.000263035263
noswitch	NOc	3.80	-0.000251763742
noswitch	NOc	3.85	-0.000240211543
noswitch	NOc	3.90	-0.000228603002
noswitch	NOc	3.95	-0.000217105427
noswitch	NOc	4.00	-0.000205841612
noswitch	NOc	4.05	-0.000194899686
noswitch	NOc	4.10	-0.000184340860
noswitch	NOc	4.15	-0.000174205516
noswitch	NOc	4.20	-0.000164518011
noswitch	NOc	4.25	-0.000155290450
noswitch	NOc	4.30	-0.000146525655
noswitch	NOc	4.35	-0.000138219498
noswitch	NOc	4.40	-0.000130362730
noswitch	NOc	4.45	-0.000122942412
noswitch	NOc	4.50	-0.000115943031
noswitch	NOc	4.55	-0.000109347364
noswitch	NOc	4.60	-0.000103137153
noswitch	NOc	4.65	-0.000097293613
noswitch	NOc	4.70	-0.000091797826
noswitch	NOc	4.75	-0.000086631033
noswitch	NOc	4.80	-0.000081774848
noswitch	NOc	4.85	-0.000077211422
noswitch	NOc	4.90	-0.000072923545
noswitch	NOc	4.95	-0.000068894722
noswitch	NOc	5.00	-0.000065109219
noswitch	NOc	5.05	-0.000061552086
noswitch	NOc	5.10	-0.000058209159
noswitch	NOc	5.15	-0.000055067058
noswitch	NOc	5.20	-0.000052113172
noswitch	NOc	5.25	-0.000049335632
noswitch	NOc	5.30	-0.000046723288
noswitch	NOc	5.35	-0.000044265677
noswitch	NOc	5.40	-0.000041952992
noswitch	NOc	5.45	-0.000039776047
noswitch	NOc	5.50	-0.000037726247
noswitch	NOc	5.55	-0.000035795550
noswitch	NOc	5.60	-0.000033976438
noswitch	NOc	5.65	-0.000032261885
noswitch	NOc	5.70	-0.000030645326
noswitch	NOc	5.75	-0.000029120628
noswitch	NOc	5.80	-0.000027682060
noswitch	NOc	5.85	-0.000026324273
noswitch	NOc	5.90	-0.000025042266
noswitch	NOc	5.95	-0.000023831372
noswitch	NOc	6.00	-0.000022687229
noswitch	NaOe	2.00	0.026153826210
noswitch	NaOe	2.05	0.018863368658
noswitch	NaOe	2.10	0.013632874230
noswitch	NaOe	2.15	0.009859930707
noswitch	NaOe	2.20	0.007125405008
noswitch	NaOe	2.25	0.005135417281
noswitch	NaOe	2.30	0.003682403975
noswitch	NaOe	2.35	0.002618757886
noswitch	NaOe	2.40	0.001838831909
noswitch	NaOe	2.45	0.001266554024
noswitch	NaOe	2.50	0.000846838735
noswitch	NaOe	2.55	0.000539587849
noswitch	NaOe	2.60	0.000315470901
noswitch	NaOe	2.65	0.000152937724
noswitch	NaOe	2.70	0.000036090090
noswitch	NaOe	2.75	-0.000046843661
noswitch	NaOe	2.80	-0.000104608050
noswitch	NaOe	2.85	-0.000143717150
noswitch	NaOe	2.90	-0.000169034850
noswitch	NaOe	2.95	-0.000184199547
noswitch	NaOe	3.00	-0.000191936370
noswitch	NaOe	3.05	-0.000194287743
noswitch	NaOe	3.10	-0.000192784313
noswitch	NaOe	3.15	-0.000188572153
noswitch	NaOe	3.20	-0.000182507762
noswitch	NaOe	3.25	-0.000175229255
noswitch	NaOe	3.30	-0.000167209849
noswitch	NaOe	3.35	-0.000158798176
noswitch	NaOe	3.40	-0.000150248738
noswitch	NaOe	3.45	-0.000141744954
noswitch	NaOe	3.50	-0.000133416643
noswitch	NaOe	3.55	-0.000125353299
noswitch	NaOe	3.60	-0.000117614184
noswitch	NaOe	3.65	-0.000110236006
noswitch	NaOe	3.70	-0.000103238764
noswitch	NaOe	3.75	-0.000096630185
noswitch	NaOe	3.80	-0.000090409108
noswitch	NaOe	3.85	-0.000084568037
noswitch	NaOe	3.90	-0.000079095083
noswitch	NaOe	3.95	-0.000073975422
noswitch	NaOe	4.00	-0.000069192388
noswitch	NaOe	4.05	-0.000064728290
noswitch	NaOe	4.10	-0.000060565013
noswitch	NaOe	4.15	-0.000056684452
noswitch	NaOe	4.20	-0.000053068830
noswitch	NaOe	4.25	-0.000049700915
noswitch	NaOe	4.30	-0.000046564167
noswitch	NaOe	4.35	-0.000043642829
noswitch	NaOe	4.40	-0.000040921984
noswitch	NaOe	4.45	-0.000038387576
noswitch	NaOe	4.50	-0.000036026412
noswitch	NaOe	4.55	-0.000033826147
noswitch	NaOe	4.60	-0.000031775258
noswitch	NaOe	4.65	-0.000029863011
noswitch	NaOe	4.70	-0.000028079429
noswitch	NaOe	4.75	-0.000026415241
noswitch	NaOe	4.80	-0.000024861852
noswitch	NaOe	4.85	-0.000023411291
noswitch	NaOe	4.90	-0.000022056177
noswitch	NaOe	4.95	-0.000020789677
noswitch	NaOe	5.00	-0.000019605467
noswitch	NaOe	5.05	-0.000018497693
noswitch	NaOe	5.10	-0.000017460944
noswitch	NaOe	5.15	-0.000016490211
noswitch	NaOe	5.20	-0.000015580861
noswitch	NaOe	5.25	-0.000014728610
noswitch	NaOe	5.30	-0.000013929491
noswitch	NaOe	5.35	-0.000013179835
noswitch	NaOe	5.40	-0.000012476245
noswitch	NaOe	5.45	-0.000011815576
noswitch	NaOe	5.50	-0.000011194915
noswitch	NaOe	5.55	-0.000010611564
noswitch	NaOe	5.60	-0.000010063023
noswitch	NaOe	5.65	-0.000009546974
noswitch	NaOe	5.70	-0.000009061265
noswitch	NaOe	5.75	-0.000008603904
noswitch	NaOe	5.80	-0.000008173038
noswitch	NaOe	5.85	-0.000007766949
noswitch	NaOe	5.90	-0.000007384040
noswitch	NaOe	5.95	-0.000007022826
noswitch	NaOe	6.00	-0.000006681930
noswitch	OcOc	2.00	0.133730412306
noswitch	OcOc	2.05	0.097765859550
noswitch	OcOc	2.10	0.071802362868
noswitch	OcOc	2.15	0.052938774744
noswitch	OcOc	2.20	0.039152674095
noswitch	OcOc	2.25	0.029022889710
noswitch	OcOc	2.30	0.021543158831
noswitch	OcOc	2.35	0.015995863410
noswitch	OcOc	2.40	0.011865742111
noswitch	OcOc	2.45	0.008780440296
noswitch	OcOc	2.50	0.006469231802
noswitch	OcOc	2.55	0.004734145105
noswitch	OcOc	2.60	0.003429622991
noswitch	OcOc	2.65	0.002448096625
noswitch	OcOc	2.70	0.001709688038
noswitch	OcOc	2.75	0.001154814062
noswitch	OcOc	2.80	0.000738842810
noswitch	OcOc	2.85	0.000428211230
noswitch	OcOc	2.90	0.000197589031
noswitch	OcOc	2.95	0.000027796251
noswitch	OcOc	3.00	-0.000095733313
noswitch	OcOc	3.05	-0.000184091239
noswitch	OcOc	3.10	-0.000245742759
noswitch	OcOc	3.15	-0.000287161139
noswitch	OcOc	3.20	-0.000313304025
noswitch	OcOc	3.25	-0.000327972508
noswitch	OcOc	3.30	-0.000334082758
noswitch	OcOc	3.35	-0.000333872241
noswitch	OcOc	3.40	-0.000329056771
noswitch	OcOc	3.45	-0.000320950485
noswitch	OcOc	3.50	-0.000310557761
noswitch	OcOc	3.55	-0.000298643817
noswitch	OcOc	3.60	-0.000285789074
noswitch	OcOc	3.65	-0.000272431108
noswitch	OcOc	3.70	-0.000258897079
noswitch	OcOc	3.75	-0.000245428864
noswitch	OcOc	3.80	-0.000232202535
noswitch	OcOc	3.85	-0.000219343501
noswitch	OcOc	3.90	-0.000206938269
noswitch	OcOc	3.95	-0.000195043592
noswitch	OcOc	4.00	-0.000183693594
noswitch	OcOc	4.05	-0.000172905300
noswitch	OcOc	4.10	-0.000162682945
noswitch	OcOc	4.15	-0.000153021312
noswitch	OcOc	4.20	-0.000143908321
noswitch	OcOc	4.25	-0.000135327032
noswitch	OcOc	4.30	-0.000127257187
noswitch	OcOc	4.35	-0.000119676391
noswitch	OcOc	4.40	-0.000112561011
noswitch	OcOc	4.45	-0.000105886858
noswitch	OcOc	4.50	-0.000099629698
noswitch	OcOc	4.55	-0.000093765622
noswitch	OcOc	4.60	-0.000088271325
noswitch	OcOc	4.65	-0.000083124287
noswitch	OcOc	4.70	-0.000078302912
noswitch	OcOc	4.75	-0.000073786600
noswitch	OcOc	4.80	-0.000069555796
noswitch	OcOc	4.85	-0.000065592007
noswitch	OcOc	4.90	-0.000061877795
noswitch	OcOc	4.95	-0.000058396762
noswitch	OcOc	5.00	-0.000055133518
noswitch	OcOc	5.05	-0.000052073644
noswitch	OcOc	5.10	-0.000049203653
noswitch	OcOc	5.15	-0.000046510938
noswitch	OcOc	5.20	-0.000043983734
noswitch	OcOc	5.25	-0.000041611063
noswitch	OcOc	5.30	-0.000039382691
noswitch	OcOc	5.35	-0.000037289082
noswitch	OcOc	5.40	-0.000035321355
noswitch	OcOc	5.45	-0.000033471237
noswitch	OcOc	5.50	-0.000031731028
noswitch	OcOc	5.55	-0.000030093556
noswitch	OcOc	5.60	-0.000028552149
noswitch	OcOc	5.65	-0.000027100591
noswitch	OcOc	5.70	-0.000025733100
noswitch	OcOc	5.75	-0.000024444287
noswitch	OcOc	5.80	-0.000023229139
noswitch	OcOc	5.85	-0.000022082983
noswitch	OcOc	5.90	-0.000021001468
noswitch	OcOc	5.95	-0.000019980538
noswitch	OcOc	6.00	-0.000019016415
