# arrangement	site (grid_v2 row)	q	a_41786 (kcal/mol per e)	nearest atom at R (A)	x	y	z
E1	117	+1.00	-9.914123	H3 2.596	47.48070500	24.05965300	54.92320200
E2	117	+0.50	-9.914123	H3 2.596	47.48070500	24.05965300	54.92320200
E3	232	-1.00	7.848604	O5 2.581	52.34180500	30.42611100	53.41665400
E4	189	+1.00	3.597182	O6 2.501	49.67969400	33.14802700	54.08372600
E5	117	+1.00	-9.914123	H3 2.596	47.48070500	24.05965300	54.92320200
E5	232	-1.00	7.848604	O5 2.581	52.34180500	30.42611100	53.41665400
E5	60	+1.00	-5.651324	O3 3.068	44.86287900	24.52784100	57.08792800
E6	117	+0.50	-9.914123	H3 2.596	47.48070500	24.05965300	54.92320200
E6	232	-0.50	7.848604	O5 2.581	52.34180500	30.42611100	53.41665400
E6	60	+0.50	-5.651324	O3 3.068	44.86287900	24.52784100	57.08792800
E6	88	-0.50	4.303736	O1 2.639	43.74399400	30.74859300	58.75672100
E6	228	-0.50	4.149048	O5 3.036	50.57462000	28.22709400	50.95209500
E7	117	-1.00	-9.914123	H3 2.596	47.48070500	24.05965300	54.92320200
E7	232	+1.00	7.848604	O5 2.581	52.34180500	30.42611100	53.41665400
E7	60	-1.00	-5.651324	O3 3.068	44.86287900	24.52784100	57.08792800
E8	117	+1.00	-9.914123	H3 2.596	47.48070500	24.05965300	54.92320200
E8	60	+1.00	-5.651324	O3 3.068	44.86287900	24.52784100	57.08792800
E8	16	+1.00	-4.075660	O4 2.880	43.59691400	29.62390400	50.77740200
# E1 first-order prediction sum(a q) = -9.9141 kcal/mol
# E2 first-order prediction sum(a q) = -4.9571 kcal/mol
# E3 first-order prediction sum(a q) = -7.8486 kcal/mol
# E4 first-order prediction sum(a q) = +3.5972 kcal/mol
# E5 first-order prediction sum(a q) = -23.4141 kcal/mol
# E6 first-order prediction sum(a q) = -15.9334 kcal/mol
# E7 first-order prediction sum(a q) = +23.4141 kcal/mol
# E8 first-order prediction sum(a q) = -19.6411 kcal/mol
