idx	x	y	z	shell	standoff	nx	ny	nz
0	55.2325	35.5273	49.6700	3.0	3.000	-0.4933	0.2641	-0.8288
1	65.0026	29.8273	58.1110	3.0	2.999	0.7387	-0.4066	0.5376
2	55.8325	37.0273	61.2552	3.0	3.000	-0.1887	0.2297	0.9548
3	54.9325	27.4969	56.3110	3.0	3.000	-0.4515	-0.8901	0.0627
4	62.1325	39.6133	55.1110	3.0	2.999	0.6809	0.6784	-0.2757
5	63.3325	31.6273	49.2311	3.0	3.000	0.4277	-0.1373	-0.8934
6	51.6325	34.4791	56.0110	3.0	2.998	-0.7947	0.5505	0.2558
7	58.5325	30.7273	61.2694	3.0	2.999	0.0850	-0.6368	0.7663
8	55.8325	40.0273	55.4654	3.0	2.999	-0.4054	0.8610	-0.3071
9	63.0325	35.8273	60.5967	3.0	2.999	0.6493	0.3394	0.6806
10	61.2325	27.4049	53.9110	3.0	3.000	0.0554	-0.9929	-0.1053
11	54.0325	30.0761	50.9110	3.0	2.999	-0.3302	-0.5801	-0.7446
12	65.7602	33.7273	53.3110	3.0	3.000	0.9190	0.3937	0.0219
13	61.2325	36.1273	49.8939	3.0	2.999	0.3364	0.5028	-0.7963
14	60.0325	40.0273	59.5169	3.0	2.999	0.2333	0.7369	0.6345
15	54.0325	32.2273	59.6373	3.0	3.000	-0.7233	0.1880	0.6644
16	58.5325	30.4894	50.3110	3.0	2.999	-0.1421	-0.6763	-0.7228
17	65.2517	29.5273	53.3110	3.0	2.999	0.8058	-0.5921	0.0110
18	59.7325	27.1880	57.8110	3.0	3.000	0.1263	-0.9203	0.3703
19	53.1325	38.1872	58.1110	3.0	2.999	-0.8431	0.4941	0.2123
20	51.5882	29.8273	54.8110	3.0	3.000	-0.8444	-0.5351	-0.0234
21	57.9325	38.6506	52.4110	3.0	3.000	0.0442	0.7400	-0.6711
22	53.6449	36.7273	53.6110	3.0	2.999	-0.7910	0.5479	-0.2722
23	59.1325	34.9273	62.1469	3.0	3.000	0.2136	0.3022	0.9290
24	52.2325	33.7273	51.6178	3.0	2.999	-0.7523	0.2347	-0.6155
25	62.4325	31.9273	60.8554	3.0	3.000	0.4632	-0.3161	0.8279
26	57.3325	28.0899	53.0110	3.0	2.999	-0.0797	-0.8284	-0.5544
27	65.0108	34.0273	57.8110	3.0	2.999	0.7552	0.5054	0.4175
28	56.1325	28.9273	59.8293	3.0	2.999	-0.2202	-0.6548	0.7230
29	59.4325	41.2273	55.8055	3.0	2.998	0.1568	0.9758	-0.1522
30	58.5325	34.0273	49.0791	3.0	3.000	-0.2431	-0.0066	-0.9700
31	55.8325	39.7273	59.0978	3.0	2.998	-0.1922	0.8906	0.4122
32	63.9325	35.0754	50.9110	3.0	2.998	0.5140	0.6706	-0.5349
33	63.0325	27.4914	56.6110	3.0	3.000	0.3085	-0.9296	0.2018
34	63.0325	38.5098	58.4110	3.0	3.000	0.5167	0.8057	0.2896
35	62.1325	28.8174	50.3110	3.0	2.999	0.1001	-0.7522	-0.6513
36	52.8325	29.8273	57.7807	3.0	2.999	-0.5502	-0.5875	0.5934
37	53.4325	35.2154	59.9110	3.0	3.000	-0.7849	-0.1063	0.6105
38	66.2685	31.3273	55.1110	3.0	3.000	0.9968	-0.0498	-0.0627
39	55.5325	32.5103	49.7110	3.0	3.000	-0.3641	-0.3775	-0.8514
40	64.6403	36.4273	55.7110	3.0	3.000	0.9510	0.2173	-0.2199
41	56.7090	32.8273	62.0110	3.0	2.999	-0.3745	-0.1582	0.9136
42	61.8325	29.1027	59.3110	3.0	2.998	0.0585	-0.5952	0.8014
43	63.0325	36.4273	52.1934	3.0	2.998	0.5833	0.7530	-0.3045
44	54.0325	28.3977	53.3110	3.0	3.000	-0.4003	-0.8722	-0.2811
45	65.4987	32.5273	51.2110	3.0	3.000	0.8949	0.0608	-0.4422
46	58.2325	37.9022	61.1110	3.0	2.999	-0.0020	0.4120	0.9112
47	60.0325	39.7273	53.2794	3.0	3.000	0.2236	0.6199	-0.7522
48	58.5325	36.7273	49.9392	3.0	2.999	0.2548	0.4754	-0.8421
49	61.5325	33.6635	49.1110	3.0	2.999	-0.0347	0.3233	-0.9456
50	57.9325	27.1072	56.0110	3.0	3.000	0.2001	-0.9764	-0.0811
51	51.0762	32.2273	53.6110	3.0	3.000	-0.9544	-0.0338	-0.2965
52	55.0811	37.6273	51.5110	3.0	2.998	-0.5578	0.7168	-0.4184
53	51.0578	31.6273	56.3110	3.0	3.000	-0.9317	-0.1709	0.3206
54	59.7325	28.3273	51.6624	3.0	2.998	-0.4356	-0.8174	-0.3770
55	61.2325	40.6067	57.2110	3.0	3.000	0.4823	0.8683	0.1158
56	61.2325	30.7273	49.0595	3.0	3.000	-0.0354	-0.2725	-0.9615
57	63.6325	27.7086	54.5110	3.0	3.000	0.4379	-0.8604	-0.2607
58	52.3253	35.5273	53.6110	3.0	2.999	-0.7491	0.6494	-0.1310
59	52.5325	33.1273	58.3491	3.0	2.999	-0.5760	0.2630	0.7740
60	64.7884	30.1273	50.9110	3.0	2.999	0.7019	-0.4122	-0.5808
61	61.2325	34.0273	61.7606	3.0	3.000	0.2065	-0.0443	0.9774
62	65.2679	28.9273	56.3110	3.0	2.999	0.7832	-0.5861	0.2075
63	51.9325	30.5397	52.7110	3.0	2.998	-0.8027	-0.4422	-0.4002
64	61.5325	37.9273	60.2113	3.0	3.000	0.1597	0.5993	0.7844
65	53.7325	39.0552	56.3110	3.0	2.999	-0.6811	0.7215	-0.1245
66	52.4695	36.4273	56.0110	3.0	3.000	-0.9626	0.0942	-0.2540
67	57.6325	41.1352	57.2110	3.0	3.000	-0.2959	0.9491	0.1080
68	58.5325	28.3273	59.4207	3.0	2.999	-0.1578	-0.6859	0.7104
69	64.2325	32.2273	59.3839	3.0	2.999	0.5657	0.0674	0.8219
70	54.0325	38.2529	59.6110	3.0	2.999	-0.6654	0.5026	0.5520
71	64.2325	36.5009	59.0110	3.0	2.998	0.8084	0.3097	0.5006
72	56.1325	30.7273	60.7030	3.0	3.000	-0.2255	-0.2017	0.9531
73	55.5325	34.6273	61.3199	3.0	2.999	-0.5434	0.2234	0.8092
74	53.4325	35.8273	51.9704	3.0	2.998	-0.8659	0.3742	-0.3321
75	55.3771	38.8273	53.9110	3.0	2.998	-0.3280	0.6965	-0.6383
76	60.6325	27.2499	55.4110	3.0	3.000	0.2702	-0.9411	-0.2033
77	57.0325	29.8273	50.8744	3.0	3.000	0.2072	-0.5394	-0.8162
78	60.6325	36.4265	61.4110	3.0	3.000	0.0779	0.4018	0.9124
79	53.4325	32.2273	50.4077	3.0	2.999	-0.4635	-0.0376	-0.8853
80	60.0325	31.9273	61.6569	3.0	3.000	0.3544	-0.4320	0.8294
81	61.8325	37.6696	52.4110	3.0	3.000	0.5367	0.8237	-0.1833
82	63.9325	33.7273	59.9322	3.0	3.000	0.7899	0.0343	0.6122
83	52.8325	28.7446	56.0110	3.0	2.999	-0.5536	-0.7960	0.2447
84	57.6325	40.3273	53.9878	3.0	2.999	-0.2992	0.8154	-0.4957
85	57.0325	27.4431	58.1110	3.0	3.000	-0.0136	-0.8706	0.4918
86	52.4029	35.5273	57.8110	3.0	3.000	-0.9841	-0.1041	0.1439
87	65.8704	31.6273	57.5110	3.0	3.000	0.8937	0.0023	0.4486
88	54.3325	28.3273	57.8385	3.0	2.999	-0.6504	-0.6386	0.4113
89	57.3325	35.5273	61.8933	3.0	2.999	-0.2525	0.3745	0.8922
90	57.6325	39.7273	59.8295	3.0	2.999	-0.2258	0.6754	0.7020
91	64.8325	35.2759	53.0110	3.0	2.999	0.7531	0.6540	-0.0711
92	54.1135	34.0273	50.3110	3.0	2.999	-0.6871	0.2482	-0.6829
93	65.6598	34.0273	56.0110	3.0	3.000	0.8389	0.5317	0.1165
94	56.1325	27.3050	54.8110	3.0	3.000	-0.2250	-0.9039	-0.3639
95	59.1325	37.6273	50.9922	3.0	2.999	0.1766	0.7720	-0.6106
96	66.0521	32.2273	53.6110	3.0	3.000	0.9959	-0.0065	0.0902
97	56.7325	35.2273	49.0973	3.0	3.000	-0.0754	0.2719	-0.9594
98	63.3325	30.7273	59.7352	3.0	3.000	0.3816	-0.1987	0.9027
99	63.6325	38.2976	56.9110	3.0	2.999	0.7001	0.7107	-0.0694
100	54.9325	28.6273	52.1462	3.0	2.999	-0.2084	-0.8425	-0.4967
101	63.9325	28.4352	57.8110	3.0	2.999	0.5105	-0.7217	0.4675
102	58.8325	27.5676	53.9110	3.0	3.000	0.0257	-0.9291	-0.3689
103	63.9325	28.3890	52.4110	3.0	2.999	0.5054	-0.8268	-0.2469
104	56.3644	37.6273	50.6110	3.0	2.998	-0.2450	0.7503	-0.6140
105	62.7325	36.1185	51.2110	3.0	3.000	0.4742	0.6121	-0.6328
106	60.0325	41.0691	57.5110	3.0	3.000	0.2353	0.9414	0.2417
107	56.7325	38.2899	60.8110	3.0	2.999	0.0093	0.5427	0.8398
108	60.9325	30.4273	60.3253	3.0	3.014	0.2129	-0.6323	0.7449
109	58.5325	32.5273	62.2340	3.0	3.000	0.0165	-0.2275	0.9736
110	57.6325	31.9273	49.6266	3.0	3.000	-0.1087	-0.4188	-0.9015
111	64.5325	35.8273	54.7350	3.0	2.998	0.9201	0.2511	-0.3005
112	61.3354	40.3273	55.1110	3.0	2.998	0.5421	0.7940	-0.2752
113	61.5325	39.4273	59.0884	3.0	2.999	0.6101	0.6076	0.5085
114	60.0325	31.9273	49.0957	3.0	3.000	-0.3006	-0.0065	-0.9537
115	60.3325	29.2273	50.0860	3.0	2.999	-0.3078	-0.6171	-0.7242
116	63.4958	37.6273	54.5110	3.0	2.999	0.6762	0.6709	-0.3044
117	60.0325	35.1347	49.1110	3.0	2.998	0.0435	0.2848	-0.9576
118	54.0325	36.7273	60.4407	3.0	2.999	-0.5763	0.2231	0.7862
119	54.9325	39.8672	57.8110	3.0	2.999	-0.4500	0.8687	0.2071
120	61.5325	28.1462	58.4110	3.0	3.000	0.4811	-0.7143	0.5083
121	53.1325	31.6273	58.8082	3.0	2.999	-0.5337	-0.0957	0.8402
122	63.8675	33.4273	49.7110	3.0	2.999	0.4926	0.2553	-0.8320
123	55.5325	30.7273	50.2012	3.0	3.000	-0.0565	-0.3689	-0.9278
124	54.9119	29.8273	59.9110	3.0	2.999	-0.5221	-0.3891	0.7590
125	62.1325	27.7255	52.4110	3.0	3.000	0.1633	-0.9566	-0.2411
126	52.6361	29.2273	53.3110	3.0	2.998	-0.5585	-0.7422	-0.3704
127	64.5325	32.2273	49.9671	3.0	2.999	0.7000	0.0614	-0.7115
128	63.3325	29.8273	49.8862	3.0	2.999	0.4182	-0.5214	-0.7438
129	60.0325	28.1739	59.3110	3.0	2.999	0.1913	-0.6818	0.7061
130	61.8325	27.1857	55.7110	3.0	3.000	-0.0228	-0.9973	0.0705
131	54.2224	34.0273	60.2110	3.0	2.998	-0.6512	-0.4142	0.6360
132	57.6325	30.3335	60.8110	3.0	2.999	-0.1137	-0.7373	0.6659
133	63.0226	37.3273	59.9110	3.0	3.000	0.5256	0.5370	0.6598
134	58.8325	36.4273	61.4966	3.0	3.000	0.1126	0.4590	0.8813
135	53.1325	36.7273	59.4389	3.0	2.998	-0.8203	0.2232	0.5266
136	65.7972	30.7273	52.7110	3.0	3.000	0.9356	-0.3363	-0.1075
137	61.8325	35.2273	49.7420	3.0	3.000	0.4673	0.4274	-0.7739
138	59.7325	40.7557	54.5110	3.0	2.999	0.2816	0.8676	-0.4098
139	64.8850	35.8273	57.2110	3.0	3.000	0.9927	0.0965	0.0722
140	50.8620	32.5273	55.4110	3.0	3.000	-0.9924	0.1092	0.0572
141	51.9325	32.0197	51.8110	3.0	2.998	-0.8442	-0.1037	-0.5259
142	62.3161	38.2273	53.9110	3.0	3.019	0.5895	0.6976	-0.4072
143	57.3325	33.4273	49.0379	3.0	3.000	-0.0030	-0.1597	-0.9872
144	64.5325	28.2765	56.6110	3.0	2.999	0.6427	-0.7170	0.2699
145	66.1420	32.8273	56.0110	3.0	3.000	0.9617	0.2683	0.0557
146	51.4968	34.0273	53.3110	3.0	3.000	-0.9342	0.2978	-0.1966
147	57.3325	40.9997	55.7110	3.0	3.000	-0.3588	0.9201	-0.1569
148	65.8851	30.7273	53.9110	3.0	3.000	0.9527	-0.2638	-0.1510
149	65.8845	30.1273	56.6110	3.0	3.000	0.9111	-0.3136	0.2676
150	65.5790	33.4273	51.8110	3.0	2.999	0.8718	0.3211	-0.3699
151	58.5325	39.6125	53.0110	3.0	2.999	-0.0479	0.6338	-0.7720
152	61.8325	31.9273	48.8457	3.0	3.000	0.0981	-0.0727	-0.9925
153	59.4325	38.5273	52.3871	3.0	3.000	0.0213	0.6005	-0.7993
154	51.4290	30.4273	56.3110	3.0	2.999	-0.8548	-0.4564	0.2470
155	54.0325	28.9273	52.1463	3.0	2.999	-0.3369	-0.8064	-0.4860
156	58.7939	29.2273	51.2110	3.0	2.999	-0.6453	-0.6155	-0.4524
157	58.2325	27.2365	57.5110	3.0	3.000	-0.2502	-0.9201	0.3014
158	59.1325	39.1273	60.4508	3.0	3.000	0.0370	0.4722	0.8807
159	57.6325	31.3273	61.6608	3.0	3.000	-0.1795	-0.5563	0.8113
160	64.3088	37.3273	57.8110	3.0	2.999	0.8344	0.5094	0.2104
161	57.6325	34.0273	62.3327	3.0	3.000	-0.1165	0.0386	0.9924
162	56.4325	27.0346	56.6110	3.0	3.000	-0.0850	-0.9875	0.1326
163	55.5325	27.7273	58.1288	3.0	3.000	-0.3650	-0.8347	0.4124
164	54.6325	39.3051	55.1110	3.0	2.999	-0.4569	0.7693	-0.4465
165	57.0325	39.1273	53.1260	3.0	2.999	-0.3776	0.4912	-0.7849
166	62.7325	34.3427	61.1110	3.0	3.000	0.5246	0.0195	0.8511
167	55.5325	32.1779	61.1110	3.0	2.999	-0.5409	-0.3262	0.7752
168	51.6325	31.9273	57.5483	3.0	2.999	-0.8436	-0.0299	0.5362
169	57.0325	30.7273	50.3735	3.0	3.000	0.2021	-0.4025	-0.8928
170	53.7325	28.2101	55.1110	3.0	3.000	-0.3469	-0.9372	0.0350
171	52.8874	37.9273	56.3110	3.0	3.000	-0.8616	0.4932	-0.1199
172	53.0695	34.0273	58.7110	3.0	3.000	-0.8596	-0.3743	0.3477
173	63.9325	27.7273	55.4110	3.0	3.000	0.5097	-0.8581	-0.0617
174	51.0325	30.9496	55.1110	3.0	2.998	-0.9685	-0.2486	-0.0142
175	59.7325	38.1037	60.8110	3.0	2.998	0.2386	0.2806	0.9297
176	62.5505	39.4273	56.9110	3.0	2.999	0.7960	0.6032	0.0503
177	61.2325	39.6450	53.9110	3.0	2.999	0.5367	0.5976	-0.5956
178	55.8325	34.6273	49.2006	3.0	3.000	-0.3622	0.1249	-0.9237
179	51.3325	33.1273	56.8466	3.0	2.998	-0.8783	0.2617	0.4002
180	64.0653	35.2273	59.6110	3.0	3.002	0.8245	0.0430	0.5642
181	61.5325	27.3109	56.6110	3.0	3.000	-0.0093	-0.9680	0.2509
182	64.8325	28.6273	54.2481	3.0	2.999	0.7119	-0.6523	-0.2602
183	52.1240	34.6273	52.4110	3.0	2.999	-0.7810	0.4893	-0.3881
184	53.2297	36.1273	53.0110	3.0	2.998	-0.6673	0.7045	-0.2415
185	57.9325	37.0273	61.4366	3.0	3.000	-0.0020	0.2221	0.9750
186	60.9325	28.0273	51.5040	3.0	3.000	-0.1657	-0.9134	-0.3719
187	52.7526	31.0273	51.2110	3.0	2.999	-0.6550	-0.3689	-0.6594
188	52.0352	35.2273	54.8110	3.0	2.999	-0.8145	0.5755	0.0731
189	56.2465	40.3273	57.8110	3.0	2.998	-0.5557	0.7973	0.2357
190	61.4716	37.3273	51.2110	3.0	2.999	0.3968	0.7514	-0.5272
191	51.1619	31.0273	53.9110	3.0	3.000	-0.9398	-0.2515	-0.2314
192	61.5325	35.2273	61.6099	3.0	3.000	0.2695	0.2103	0.9398
193	54.6325	39.2467	59.0110	3.0	2.999	-0.5199	0.7504	0.4082
194	59.4325	40.9033	58.4110	3.0	3.000	0.1734	0.9088	0.3795
195	57.3325	27.5976	53.9110	3.0	3.000	-0.0143	-0.9368	-0.3495
196	63.9325	29.1502	50.9110	3.0	2.999	0.5563	-0.6640	-0.4997
197	55.5325	38.7582	60.2110	3.0	2.999	-0.2552	0.6250	0.7377
198	54.6325	35.9689	50.3110	3.0	2.998	-0.5751	0.4061	-0.7102
199	59.4325	29.3550	60.2110	3.0	2.999	0.0318	-0.4431	0.8959
200	56.4325	38.4020	51.8110	3.0	3.000	-0.1815	0.9242	-0.3360
201	53.7325	29.8273	58.7581	3.0	2.999	-0.7784	-0.4440	0.4437
202	54.9325	31.4566	50.0110	3.0	2.998	-0.1913	-0.2374	-0.9524
203	58.2325	37.6273	50.5861	3.0	3.000	0.1828	0.7608	-0.6227
204	59.4325	27.9503	53.0110	3.0	3.000	-0.3946	-0.8460	-0.3587
205	54.1272	37.3273	53.0110	3.0	2.999	-0.7336	0.6783	-0.0420
206	55.8325	28.0216	53.3110	3.0	3.000	0.0044	-0.9591	-0.2831
207	59.7325	33.4273	48.9383	3.0	3.000	0.0428	-0.1499	-0.9878
208	61.5325	29.5273	49.6416	3.0	2.999	0.0307	-0.5868	-0.8092
209	56.4325	39.8428	54.2110	3.0	2.999	-0.4889	0.6748	-0.5529
210	57.3325	40.6757	58.4110	3.0	3.000	-0.2895	0.8535	0.4333
211	58.5325	28.6273	52.3412	3.0	2.999	-0.1912	-0.8150	-0.5470
212	65.8626	32.8273	57.2110	3.0	3.000	0.9095	0.2710	0.3153
213	54.3325	38.5273	54.3588	3.0	2.998	-0.5964	0.5644	-0.5707
214	52.5325	28.8852	54.5110	3.0	3.000	-0.5601	-0.8132	-0.1580
215	52.3307	34.3273	57.5110	3.0	2.999	-0.6366	0.4740	0.6083
216	62.1325	30.4273	59.9488	3.0	3.008	0.2471	-0.6422	0.7257
217	52.4104	36.7273	57.2110	3.0	3.000	-0.9838	0.1611	0.0783
218	53.8320	28.3273	56.3110	3.0	3.023	-0.5462	-0.8076	0.2222
219	56.4325	34.3273	61.9398	3.0	3.000	-0.3892	0.1070	0.9149
220	63.8744	36.1273	53.3110	3.0	2.999	0.5338	0.8453	-0.0224
221	59.4325	26.9587	56.9110	3.0	3.000	0.0532	-0.9949	0.0852
222	60.3325	34.9273	61.8734	3.0	3.000	0.0279	0.0839	0.9961
223	59.7325	36.1273	49.5483	3.0	2.999	-0.0292	0.4992	-0.8660
224	64.7468	33.7273	50.6110	3.0	2.999	0.7082	0.3999	-0.5818
225	61.5325	32.6879	61.4110	3.0	2.997	0.2583	-0.1479	0.9547
226	53.1780	37.3273	54.8110	3.0	3.000	-0.7786	0.3618	-0.5127
227	65.9568	32.8273	52.7110	3.0	3.000	0.9749	0.1938	-0.1098
228	57.0325	36.6669	49.7110	3.0	3.000	-0.0350	0.5440	-0.8384
229	60.0325	27.4273	54.5343	3.0	2.999	0.1249	-0.9012	-0.4151
230	52.8325	36.1273	54.5197	3.0	3.000	-0.8411	0.5355	0.0757
231	63.9325	29.6950	59.0110	3.0	2.998	0.5249	-0.4554	0.7191
232	60.6325	40.9273	55.9341	3.0	2.998	0.4053	0.9027	-0.1446
233	60.9325	38.7710	53.0110	3.0	2.999	0.4202	0.4177	-0.8056
234	54.6325	39.7273	56.2933	3.0	2.999	-0.3920	0.9116	-0.1235
235	57.2390	28.3273	59.3110	3.0	2.998	0.1292	-0.7365	0.6640
236	62.1325	36.7273	60.7529	3.0	3.004	0.3986	0.4670	0.7893
237	55.2325	29.2273	51.2949	3.0	3.000	-0.1165	-0.7339	-0.6691
238	62.6974	27.7273	57.5110	3.0	2.999	0.1937	-0.8694	0.4546
239	58.8325	41.3259	56.9110	3.0	3.000	0.0377	0.9985	0.0403
240	56.1325	35.5273	61.4623	3.0	3.000	-0.1895	-0.0378	0.9812
241	63.5787	32.5273	60.2110	3.0	2.999	0.6739	-0.2452	0.6970
242	53.4775	38.8273	57.5110	3.0	2.999	-0.7188	0.6911	0.0760
243	59.7325	31.0273	61.2272	3.0	2.999	0.2887	-0.5700	0.7692
244	59.7325	30.7273	49.4470	3.0	3.000	-0.4302	-0.3349	-0.8383
245	55.2325	27.9059	54.2110	3.0	2.999	-0.3790	-0.8102	-0.4471
246	52.5325	32.5273	51.0582	3.0	2.999	-0.7046	-0.0360	-0.7087
247	65.1325	32.9139	58.4110	3.0	2.998	0.7701	0.2639	0.5807
248	51.3325	34.1377	54.5110	3.0	2.998	-0.8753	0.4757	-0.0875
249	58.8325	27.1662	55.1110	3.0	3.000	-0.1638	-0.9475	-0.2748
250	54.9325	37.6273	60.7007	3.0	2.999	-0.4541	0.3586	0.8156
251	64.8882	35.5273	56.0110	3.0	3.000	0.9945	0.0724	-0.0751
252	55.2325	38.1816	52.7110	3.0	3.000	-0.5336	0.8250	-0.1864
253	54.6325	33.4273	49.9307	3.0	2.999	-0.5728	-0.2272	-0.7876
254	63.9425	35.8273	52.1110	3.0	3.000	0.5908	0.7574	-0.2781
255	60.6325	39.2674	59.9110	3.0	2.998	0.3805	0.5635	0.7332
256	61.3061	31.6273	61.1110	3.0	2.998	0.1830	-0.3916	0.9018
257	52.4835	29.2273	56.6110	3.0	2.999	-0.6304	-0.6720	0.3885
258	58.5325	27.7172	58.7110	3.0	3.000	-0.2302	-0.7781	0.5845
259	56.4325	28.5499	52.1110	3.0	2.999	0.0694	-0.8412	-0.5362
260	56.5794	31.9273	49.7110	3.0	2.997	-0.1456	-0.5157	-0.8443
261	59.7325	33.4273	62.1557	3.0	3.000	0.2826	-0.0280	0.9588
262	54.6901	31.3273	60.2110	3.0	2.999	-0.5835	-0.0223	0.8118
263	64.4793	33.4273	59.0110	3.0	3.000	0.9051	-0.0350	0.4238
264	56.7325	39.5428	59.6110	3.0	2.999	-0.0583	0.7801	0.6229
265	60.9325	34.6273	49.1609	3.0	3.000	0.2582	0.2086	-0.9433
266	55.9660	40.3273	56.6110	3.0	2.999	-0.5480	0.8364	-0.0049
267	55.5516	33.1273	61.4110	3.0	3.000	-0.6022	-0.1644	0.7812
268	64.8947	29.2273	52.4110	3.0	2.999	0.7723	-0.6094	-0.1793
269	65.1325	31.9273	58.6349	3.0	2.999	0.7647	0.0673	0.6409
270	60.9325	29.5273	60.0009	3.0	2.999	0.3189	-0.3779	0.8692
271	55.2325	37.0273	50.6464	3.0	2.999	-0.4723	0.6204	-0.6261
272	63.6018	37.6273	59.0110	3.0	2.999	0.6728	0.5353	0.5106
273	60.9325	40.1918	58.7110	3.0	2.999	0.4312	0.7442	0.5100
274	53.1325	33.4273	50.6841	3.0	2.999	-0.5392	0.1661	-0.8257
275	51.6325	30.5385	56.9110	3.0	2.998	-0.8345	-0.3865	0.3927
276	64.2325	31.0273	49.8868	3.0	2.999	0.5626	-0.2704	-0.7813
277	55.8325	29.8273	60.3258	3.0	2.999	-0.2290	-0.3842	0.8944
278	66.1247	31.0273	56.6110	3.0	3.000	0.9563	-0.1153	0.2686
279	62.7325	27.7466	53.3110	3.0	3.000	0.2701	-0.9609	-0.0608
280	65.8977	33.4273	54.8110	3.0	3.000	0.9174	0.3476	-0.1937
281	62.1295	38.5273	59.3110	3.0	3.000	0.3803	0.7680	0.5153
282	63.0362	34.3273	49.7110	3.0	3.000	0.3575	0.5275	-0.7707
283	57.9325	38.8643	60.5110	3.0	2.999	-0.1562	0.4604	0.8739
284	53.1325	29.8273	51.7401	3.0	2.999	-0.5358	-0.5840	-0.6098
285	56.7325	27.0645	55.4110	3.0	3.000	-0.0137	-0.9881	-0.1534
286	52.3487	35.5273	56.6110	3.0	3.000	-0.9918	-0.0379	-0.1218
287	54.4384	34.6273	50.0110	3.0	2.999	-0.6326	0.1236	-0.7645
288	52.5815	36.4273	58.4110	3.0	3.000	-0.9549	0.0960	0.2811
289	58.8325	40.9800	54.8110	3.0	3.000	0.0201	0.9076	-0.4195
290	58.8325	31.6273	61.8558	3.0	2.999	0.0845	-0.4289	0.8994
291	63.8529	36.4273	59.6110	3.0	2.999	0.7470	0.3187	0.5835
292	62.4325	30.7273	49.1418	3.0	3.000	0.2325	-0.2742	-0.9331
293	53.7325	31.3273	50.4262	3.0	2.999	-0.3934	-0.3067	-0.8667
294	58.8325	32.2273	49.3603	3.0	3.000	-0.1132	-0.2514	-0.9612
295	62.7335	39.1273	56.0110	3.0	3.000	0.8235	0.5482	-0.1458
296	64.9601	34.6273	51.8110	3.0	2.999	0.7636	0.5219	-0.3802
297	54.0325	31.0273	59.6589	3.0	2.999	-0.6595	-0.0967	0.7454
298	62.7325	28.1551	51.5110	3.0	2.999	0.2278	-0.8693	-0.4388
299	54.0325	35.5273	60.5373	3.0	3.000	-0.5880	-0.1049	0.8021
300	58.5325	29.8273	60.3158	3.0	3.005	-0.1149	-0.6751	0.7287
301	65.1325	29.2273	57.2991	3.0	2.998	0.7084	-0.5791	0.4035
302	52.1383	29.2273	55.7110	3.0	2.999	-0.7196	-0.6857	0.1098
303	66.0325	30.2245	55.1110	3.0	2.998	0.9475	-0.3136	-0.0618
304	55.2325	36.1273	61.2248	3.0	3.000	-0.3877	0.0280	0.9214
305	62.4325	37.2140	52.4110	3.0	2.999	0.6759	0.6923	-0.2527
306	64.6619	35.8273	58.4110	3.0	3.000	0.9532	0.0979	0.2861
307	56.4055	31.6273	61.4110	3.0	2.999	-0.3863	-0.4305	0.8157
308	62.1325	39.3263	58.4110	3.0	2.998	0.6953	0.5550	0.4567
309	54.9325	28.9926	59.3110	3.0	2.999	-0.4986	-0.5782	0.6458
310	52.8325	35.2273	59.0062	3.0	3.000	-0.8979	-0.1683	0.4066
311	64.0694	37.0273	54.8110	3.0	2.999	0.8012	0.5209	-0.2946
312	57.6325	29.0019	59.9110	3.0	2.999	0.1991	-0.5833	0.7874
313	55.8325	27.1626	55.7110	3.0	3.000	-0.2295	-0.9610	-0.1544
314	62.7325	28.6273	58.7670	3.0	2.999	0.2589	-0.7139	0.6506
315	64.2325	28.3273	53.8023	3.0	2.998	0.5065	-0.7675	-0.3929
316	60.0325	37.0719	50.3110	3.0	2.999	0.1157	0.6390	-0.7605
317	63.0325	33.1273	49.2102	3.0	3.000	0.3622	0.1910	-0.9123
318	63.1349	31.6273	60.2110	3.0	2.998	0.6092	-0.4643	0.6429
319	63.1613	37.3273	53.6110	3.0	2.998	0.6111	0.6033	-0.5125
320	53.7325	35.0193	50.9110	3.0	2.998	-0.5114	0.2503	-0.8220
321	56.6799	40.6273	55.4110	3.0	2.999	-0.5025	0.8334	-0.2301
322	58.2325	35.2273	62.1293	3.0	3.000	-0.0504	0.3044	0.9512
323	60.6325	37.8454	51.5110	3.0	2.999	0.1973	0.8898	-0.4115
324	64.5728	30.7273	59.0110	3.0	2.999	0.6445	-0.2673	0.7164
325	53.9803	36.7273	51.8110	3.0	2.999	-0.7930	0.5137	-0.3275
326	61.6694	40.3273	56.0110	3.0	2.998	0.6277	0.7636	-0.1514
327	66.2141	32.2273	54.8110	3.0	3.000	0.9881	0.0835	-0.1295
328	63.0325	35.4213	50.6110	3.0	2.999	0.3757	0.6585	-0.6521
329	65.4693	34.3273	53.0110	3.0	3.000	0.8909	0.4412	-0.1081
330	51.4335	32.8273	52.7110	3.0	3.000	-0.9440	0.0300	-0.3287
331	58.8325	35.2273	49.2211	3.0	3.000	-0.1739	0.2822	-0.9435
332	58.5325	40.3273	59.4119	3.0	2.999	-0.0975	0.7564	0.6468
333	65.3136	31.6273	50.9110	3.0	2.999	0.8177	-0.0714	-0.5712
334	57.3325	38.2273	51.2366	3.0	2.999	0.0352	0.8356	-0.5482
335	62.7325	27.4886	54.2110	3.0	3.000	0.1788	-0.9474	-0.2656
336	65.0187	34.6273	56.9110	3.0	2.999	0.8963	0.3150	0.3120
337	53.7325	33.7273	59.5119	3.0	2.998	-0.6641	-0.5082	0.5484
338	56.1325	35.8273	49.4116	3.0	3.000	-0.2194	0.3427	-0.9135
339	65.5593	30.7273	51.8110	3.0	2.999	0.8847	-0.2746	-0.3767
340	65.1325	34.7275	54.5110	3.0	2.998	0.8500	0.5267	0.0048
341	57.0325	30.7273	61.0291	3.0	2.999	-0.2849	-0.6454	0.7087
342	56.7325	36.4273	61.4912	3.0	3.000	0.0095	0.1613	0.9869
343	54.9325	27.5817	55.4110	3.0	2.999	-0.4407	-0.8679	-0.2290
344	57.9325	34.6273	49.0378	3.0	3.000	0.2105	0.1255	-0.9695
345	60.3516	27.1273	57.2110	3.0	2.999	0.1949	-0.9681	0.1577
346	62.5173	33.1273	61.1110	3.0	2.998	0.4775	-0.0589	0.8767
347	57.3325	28.9823	51.8110	3.0	2.999	0.2790	-0.7719	-0.5713
348	62.7325	27.2849	55.4110	3.0	3.000	0.2431	-0.9700	0.0039
349	57.9325	35.9959	49.4110	3.0	2.998	0.1396	0.4654	-0.8740
350	52.8325	35.0224	51.8110	3.0	2.999	-0.6082	0.5792	-0.5428
351	51.7277	33.7273	52.4110	3.0	2.999	-0.8700	0.2958	-0.3946
352	64.0401	37.6273	56.0110	3.0	2.999	0.8184	0.5322	-0.2167
353	59.4325	29.5124	50.3110	3.0	3.000	-0.4911	-0.5288	-0.6922
354	55.8325	33.4273	49.2678	3.0	3.000	-0.3572	-0.2279	-0.9058
355	52.8325	30.8377	58.4110	3.0	2.998	-0.4906	-0.3157	0.8122
356	53.7325	28.9273	57.7000	3.0	2.998	-0.7120	-0.4520	0.5374
357	59.4325	40.3273	53.7571	3.0	2.998	0.0843	0.7942	-0.6017
358	55.2325	27.4817	57.2110	3.0	3.000	-0.4431	-0.8731	0.2034
359	59.7325	36.7273	61.2659	3.0	2.999	-0.0516	0.4044	0.9131
360	59.7325	30.1599	60.5110	3.0	3.001	0.2024	-0.4339	0.8779
361	57.6325	30.1123	50.9110	3.0	3.000	-0.1929	-0.7310	-0.6546
362	65.7325	29.5273	55.2359	3.0	2.998	0.8925	-0.4468	-0.0615
363	56.1325	38.5751	52.7110	3.0	3.000	-0.2513	0.9608	-0.1172
364	60.6325	27.6432	53.0110	3.0	3.000	-0.1389	-0.9550	-0.2621
365	64.2325	36.1273	50.6234	4.0	4.000	0.4853	0.6741	-0.5569
366	50.4325	31.0273	57.2136	4.0	4.000	-0.8770	-0.2001	0.4368
367	57.6325	40.9273	60.0688	4.0	3.999	-0.2456	0.7286	0.6393
368	62.4325	28.6273	60.1458	4.0	4.000	0.1531	-0.5249	0.8373
369	54.0831	37.6273	50.6110	4.0	3.999	-0.5971	0.6138	-0.5165
370	58.2325	28.3273	51.0675	4.0	3.998	-0.5057	-0.7309	-0.4584
371	65.4038	36.4273	59.0110	4.0	4.000	0.9012	0.2548	0.3506
372	56.4325	33.1273	63.0349	4.0	4.000	-0.3139	-0.1326	0.9402
373	66.1470	28.9273	53.6110	4.0	3.999	0.8127	-0.4815	-0.3283
374	60.0325	41.1369	53.3110	4.0	3.999	0.1765	0.7737	-0.6084
375	51.5450	37.3273	57.5110	4.0	4.000	-0.9533	0.2952	0.0640
376	55.5325	26.2282	56.9110	4.0	4.000	-0.3015	-0.9473	0.1085
377	51.9325	31.8479	50.3110	4.0	3.998	-0.6447	-0.1401	-0.7514
378	58.8325	34.0273	47.9858	4.0	4.000	-0.1387	-0.0053	-0.9903
379	63.0325	30.1273	48.4207	4.0	4.000	0.2933	-0.3795	-0.8775
380	61.8325	26.1995	55.1110	4.0	4.000	-0.0186	-0.9985	-0.0512
381	61.5325	35.5273	62.6106	4.0	4.000	0.2748	0.2259	0.9346
382	66.8147	31.3273	57.8110	4.0	4.000	0.9224	-0.1082	0.3708
383	62.1325	40.8531	58.4110	4.0	3.999	0.6176	0.7215	0.3130
384	55.5403	41.2273	56.0110	4.0	4.000	-0.5640	0.8158	-0.1279
385	50.4096	34.3273	53.9110	4.0	4.000	-0.8897	0.4183	-0.1827
386	54.0325	29.2273	60.2926	4.0	3.999	-0.5367	-0.4303	0.7259
387	52.5325	27.8853	53.6110	4.0	3.999	-0.5010	-0.8136	-0.2950
388	66.6858	34.0273	53.9110	4.0	4.000	0.9185	0.3923	0.0488
389	54.5610	37.6273	61.7110	4.0	3.999	-0.4222	0.2912	0.8585
390	58.8325	38.2273	49.9448	4.0	3.999	0.2549	0.7090	-0.6575
391	64.2325	38.2273	54.1905	4.0	4.000	0.6640	0.6596	-0.3523
392	52.6512	33.7273	59.9110	4.0	3.999	-0.7357	-0.4049	0.5429
393	64.1183	32.5273	61.1110	4.0	3.999	0.6550	-0.1987	0.7290
394	58.5325	29.7401	61.7110	4.0	3.999	0.0693	-0.7363	0.6731
395	54.6325	33.7273	48.6606	4.0	3.999	-0.5192	-0.0699	-0.8518
396	62.7325	27.1606	51.2110	4.0	4.000	0.1882	-0.8898	-0.4158
397	65.4325	27.6320	56.3110	4.0	3.999	0.6363	-0.7527	0.1690
398	66.3078	31.6273	50.6110	4.0	4.000	0.8430	-0.1125	-0.5260
399	59.4325	26.3313	58.4110	4.0	4.000	-0.0152	-0.9332	0.3591
400	60.9325	39.1273	61.1223	4.0	4.000	0.3519	0.4389	0.8267
401	58.5325	42.3211	56.9110	4.0	4.000	-0.0781	0.9964	0.0331
402	62.4325	33.7273	48.1520	4.0	4.000	0.1874	0.2652	-0.9458
403	57.9325	26.4495	54.2110	4.0	4.000	-0.0387	-0.9646	-0.2609
404	53.7325	39.7273	59.4095	4.0	3.999	-0.5328	0.7221	0.4413
405	54.6325	28.9273	50.2919	4.0	4.000	-0.2119	-0.6807	-0.7012
406	56.7325	40.1604	52.7110	4.0	3.999	-0.4029	0.5550	-0.7277
407	52.8325	37.6273	53.6425	4.0	3.999	-0.7239	0.3597	-0.5887
408	50.2555	30.7273	53.6110	4.0	4.000	-0.9179	-0.2566	-0.3027
409	57.6325	36.4273	62.6279	4.0	4.000	-0.0939	0.4674	0.8790
410	59.4929	30.4273	48.5110	4.0	3.999	-0.3595	-0.3360	-0.8706
411	61.8325	38.7575	52.1110	4.0	4.000	0.4420	0.8574	-0.2635
412	60.6325	32.2273	62.6593	4.0	4.000	0.4500	-0.2954	0.8427
413	52.8325	28.3273	57.7863	4.0	4.000	-0.4622	-0.7332	0.4988
414	51.5977	34.6273	51.2110	4.0	4.000	-0.7419	0.4022	-0.5365
415	65.8267	35.8273	55.7110	4.0	4.000	0.9863	0.1157	-0.1179
416	51.3325	34.6273	57.8301	4.0	4.000	-0.7248	0.4305	0.5380
417	57.0325	27.7273	60.1647	4.0	3.999	-0.0086	-0.7610	0.6487
418	56.1325	36.4273	48.5557	4.0	4.000	-0.1788	0.4004	-0.8987
419	61.8325	36.8706	49.4110	4.0	3.999	0.3173	0.6153	-0.7216
420	56.4325	31.0273	49.0894	4.0	4.001	-0.1324	-0.4863	-0.8637
421	67.2009	30.7273	55.1110	4.0	4.000	0.9731	-0.2048	-0.1051
422	62.4325	40.7904	55.1110	4.0	3.999	0.5979	0.7514	-0.2791
423	63.9325	35.2273	61.3545	4.0	3.999	0.6951	0.1195	0.7089
424	65.1325	29.2223	50.3110	4.0	4.000	0.6340	-0.5031	-0.5873
425	62.4325	26.5782	57.5110	4.0	4.000	0.1023	-0.9424	0.3185
426	65.4325	30.1273	59.4101	4.0	3.999	0.6492	-0.2752	0.7091
427	64.5325	27.1040	54.2110	4.0	4.000	0.5250	-0.8079	-0.2676
428	55.2325	27.3146	52.4110	4.0	4.000	-0.1040	-0.9139	-0.3925
429	63.6064	38.5273	59.9110	4.0	4.000	0.5388	0.6056	0.5856
430	51.9325	36.4273	59.4670	4.0	3.998	-0.8950	0.0766	0.4393
431	59.1325	34.0273	63.3236	4.0	4.000	0.1227	0.0864	0.9887
432	61.2325	28.3273	49.3421	4.0	3.999	-0.0847	-0.6603	-0.7462
433	65.1325	36.4014	53.0110	4.0	4.000	0.6389	0.7671	-0.0584
434	65.4325	33.4273	59.4167	4.0	4.010	0.8918	0.1217	0.4357
435	52.5325	31.0273	59.5122	4.0	3.999	-0.6286	-0.1758	0.7576
436	60.0325	26.8273	52.5615	4.0	4.000	-0.2161	-0.9317	-0.2920
437	56.4325	41.6435	57.8110	4.0	4.000	-0.4558	0.8688	0.1936
438	51.0325	28.9033	55.4110	4.0	4.000	-0.7460	-0.6601	0.0880
439	60.0325	41.2662	59.6110	4.0	4.000	0.1975	0.7868	0.5847
440	56.1325	30.7648	62.0110	4.0	3.999	-0.4057	-0.5264	0.7472
441	56.7325	38.7372	61.7110	4.0	3.999	0.0079	0.5244	0.8514
442	49.9307	32.5273	56.0110	4.0	4.000	-0.9889	0.0339	0.1444
443	57.6325	41.8273	54.5856	4.0	3.999	-0.2441	0.8834	-0.3999
444	65.3381	37.6273	57.5110	4.0	4.000	0.8961	0.4279	0.1177
445	59.4325	27.7273	60.3359	4.0	3.999	-0.0153	-0.6331	0.7740
446	51.5538	36.1273	55.4110	4.0	4.009	-0.9854	0.1123	0.1282
447	67.1009	33.1273	56.0110	4.0	4.000	0.9567	0.2745	0.0964
448	54.3325	32.8273	61.6261	4.0	3.999	-0.6701	-0.0982	0.7358
449	55.5325	35.2273	62.3961	4.0	3.999	-0.4935	0.0956	0.8645
450	52.8423	39.4273	55.7110	4.0	4.000	-0.7443	0.6160	-0.2581
451	59.1325	36.2578	48.5110	4.0	3.998	-0.0796	0.4500	-0.8895
452	62.1325	30.4273	61.3458	4.0	3.999	0.3167	-0.6000	0.7347
453	52.2325	29.2273	51.5362	4.0	4.000	-0.6298	-0.6138	-0.4760
454	54.6325	26.6544	55.1110	4.0	3.999	-0.4199	-0.8886	-0.1843
455	65.9293	34.0273	50.6110	4.0	3.999	0.7939	0.3801	-0.4746
456	56.4325	38.9251	50.6110	4.0	3.999	-0.1462	0.8530	-0.5011
457	64.5325	32.5273	48.7333	4.0	4.000	0.5164	0.0498	-0.8549
458	52.2325	36.5682	52.7110	4.0	3.999	-0.5930	0.7371	-0.3241
459	50.5982	32.8273	52.1110	4.0	4.000	-0.9002	0.0775	-0.4286
460	66.7395	30.7273	52.1110	4.0	4.000	0.9416	-0.2213	-0.2537
461	59.4325	39.6114	51.8110	4.0	3.999	0.1271	0.5119	-0.8496
462	54.6325	39.1273	53.1260	4.0	3.999	-0.4261	0.6103	-0.6678
463	58.5325	31.9273	63.0971	4.0	4.000	0.0135	-0.2952	0.9553
464	63.6325	39.6315	56.6110	4.0	4.001	0.8460	0.5330	-0.0124
465	55.2325	27.3809	59.3110	4.0	3.999	-0.2942	-0.7330	0.6134
466	60.0325	36.9234	62.3110	4.0	3.999	-0.0397	0.4330	0.9005
467	62.7325	37.0273	61.5327	4.0	4.004	0.3644	0.3926	0.8444
468	61.2325	31.6273	47.8623	4.0	4.000	-0.0287	-0.0597	-0.9978
469	52.5325	38.2273	59.5090	4.0	3.999	-0.8029	0.4543	0.3859
470	62.5659	33.7273	62.3110	4.0	3.998	0.4284	-0.0878	0.8993
471	60.2359	42.1273	56.0110	4.0	3.998	0.2353	0.9642	-0.1221
472	51.0325	32.4576	58.4110	4.0	3.998	-0.7952	0.0343	0.6054
473	59.1325	25.9786	55.7110	4.0	4.000	-0.0149	-0.9944	-0.1045
474	66.3669	28.6273	55.4110	4.0	4.000	0.8069	-0.5884	-0.0521
475	53.7325	31.6273	49.2406	4.0	4.000	-0.3192	-0.1390	-0.9374
476	64.2325	27.8890	58.7110	4.0	3.999	0.4696	-0.6747	0.5695
477	63.6325	37.3273	52.1139	4.0	4.000	0.7319	0.6289	-0.2624
478	53.5688	35.2273	61.4110	4.0	3.999	-0.5823	-0.0840	0.8086
479	55.2325	39.1273	61.1492	4.0	4.000	-0.3140	0.5628	0.7646
480	53.4325	35.2273	49.7024	4.0	4.000	-0.7462	0.2138	-0.6304
481	64.6613	27.7273	52.1110	4.0	3.999	0.5743	-0.7774	-0.2565
482	66.1391	34.3273	57.8110	4.0	3.999	0.7932	0.4374	0.4236
483	63.0325	39.4273	53.9949	4.0	3.999	0.7723	0.4501	-0.4483
484	56.4325	32.5273	48.3072	4.0	4.000	-0.1168	-0.3591	-0.9260
485	63.0325	28.3273	49.6174	4.0	3.999	0.2986	-0.6669	-0.6827
486	61.2325	27.0373	59.0110	4.0	3.999	0.3262	-0.7859	0.5253
487	66.4606	29.5273	57.5110	4.0	3.999	0.8436	-0.4227	0.3310
488	57.3325	27.4273	52.2239	4.0	3.999	-0.0114	-0.8031	-0.5958
489	62.6170	35.5273	49.1110	4.0	4.009	0.5480	0.3994	-0.7350
490	60.0325	33.7273	47.9245	4.0	4.000	0.0346	-0.0631	-0.9974
491	52.0424	29.5273	58.4110	4.0	3.999	-0.6288	-0.4852	0.6076
492	50.1629	30.4273	55.4110	4.0	4.000	-0.9470	-0.3095	0.0855
493	56.4325	29.1315	50.0110	4.0	3.999	0.1104	-0.5862	-0.8026
494	56.1325	26.2273	54.8584	4.0	3.999	-0.1829	-0.9541	-0.2371
495	57.0325	26.6297	58.7110	4.0	4.000	0.0472	-0.8588	0.5101
496	66.9031	32.5273	52.1110	4.0	4.000	0.9786	0.0494	-0.1996
497	60.5372	38.5273	50.6110	4.0	3.998	0.1540	0.8550	-0.4952
498	60.6249	29.2273	61.1110	4.0	4.000	0.1990	-0.4204	0.8853
499	64.4681	34.6273	49.4110	4.0	3.999	0.5211	0.4901	-0.6988
500	52.4265	33.7273	50.0110	4.0	3.999	-0.5944	0.2456	-0.7657
501	54.0325	27.7261	52.1110	4.0	4.000	-0.2718	-0.8550	-0.4417
502	62.4325	26.5273	53.7406	4.0	3.998	0.1462	-0.9340	-0.3259
503	49.9886	32.8273	53.9110	4.0	4.000	-0.9717	0.1464	-0.1855
504	57.0325	34.6273	63.1657	4.0	4.000	-0.2054	0.1963	0.9588
505	51.1658	28.9273	53.9110	4.0	3.999	-0.7323	-0.6565	-0.1811
506	59.7325	26.6122	53.6110	4.0	4.000	-0.2193	-0.9575	-0.1876
507	59.4325	38.8273	61.6826	4.0	4.000	0.0862	0.3434	0.9352
508	63.9325	26.6759	56.3110	4.0	4.000	0.3611	-0.9172	0.1683
509	58.5325	41.8273	58.8773	4.0	3.998	-0.0769	0.9097	0.4080
510	62.4325	39.7054	59.6110	4.0	4.000	0.6045	0.5492	0.5770
511	54.0850	40.6273	57.2110	4.0	3.999	-0.5370	0.8435	0.0095
512	50.4325	34.4304	56.0110	4.0	3.998	-0.8753	0.4384	0.2042
513	54.3325	31.0273	61.1394	4.0	4.000	-0.4712	-0.0770	0.8787
514	54.3325	40.0840	54.5110	4.0	3.999	-0.4259	0.7776	-0.4626
515	53.1325	30.4273	49.9006	4.0	3.999	-0.4777	-0.3522	-0.8048
516	66.0325	31.3273	59.0978	4.0	3.999	0.7585	-0.0535	0.6495
517	58.2325	31.9273	48.4733	4.0	4.000	-0.1703	-0.2950	-0.9402
518	64.2325	38.9621	58.1110	4.0	3.999	0.6519	0.7207	0.2358
519	60.9325	35.5273	48.3266	4.0	4.000	0.2631	0.3386	-0.9034
520	59.1325	29.0872	49.4110	4.0	3.999	-0.4040	-0.5440	-0.7354
521	64.1943	37.0273	60.5110	4.0	3.999	0.6487	0.3102	0.6949
522	61.2325	40.3273	52.9859	4.0	4.000	0.4037	0.6193	-0.6735
523	64.5325	30.1273	49.1576	4.0	4.000	0.5052	-0.3797	-0.7750
524	56.1325	34.9273	48.1105	4.0	4.000	-0.2339	0.1015	-0.9669
525	51.0821	30.7273	51.8110	4.0	4.000	-0.8509	-0.3015	-0.4301
526	55.9158	40.6273	59.6110	4.0	3.998	-0.2069	0.8739	0.4399
527	65.2768	36.7273	54.5110	4.0	4.000	0.8982	0.3149	-0.3069
528	53.3170	28.9273	59.3110	4.0	3.999	-0.7208	-0.4902	0.4900
529	52.2325	28.0273	56.4205	4.0	3.998	-0.5080	-0.8225	0.2558
530	57.6325	30.1273	49.5153	4.0	3.999	-0.1249	-0.5290	-0.8394
531	60.6325	26.1110	56.9110	4.0	4.000	0.2726	-0.9539	0.1255
532	53.4325	37.9483	60.8110	4.0	4.000	-0.5862	0.4005	0.7043
533	51.0325	35.1071	52.7110	4.0	3.998	-0.8353	0.4496	-0.3166
534	54.8967	37.0273	49.4110	4.0	3.999	-0.4578	0.5546	-0.6948
535	51.8936	37.9273	55.7110	4.0	4.000	-0.8754	0.4049	-0.2642
536	58.2325	40.6273	52.6079	4.0	3.999	-0.0945	0.7324	-0.6743
537	65.5890	27.7273	55.1110	4.0	3.999	0.6742	-0.7312	-0.1037
538	61.2107	30.1273	48.2110	4.0	3.999	-0.0823	-0.3304	-0.9402
539	56.1325	37.0273	62.3558	4.0	4.000	-0.1546	0.1856	0.9704
540	56.7325	41.9241	56.3110	4.0	4.000	-0.4004	0.9133	-0.0748
541	53.4325	37.9476	52.4110	4.0	4.000	-0.7402	0.6411	-0.2026
542	63.6923	31.0273	60.8110	4.0	3.999	0.6014	-0.4259	0.6759
543	60.1777	42.1273	57.2110	4.0	3.998	0.2498	0.9577	0.1431
544	55.6679	27.7273	51.5110	4.0	3.998	-0.0501	-0.8635	-0.5019
545	60.0325	30.7273	62.1923	4.0	3.999	0.3404	-0.5135	0.7877
546	56.2725	40.9273	53.9110	4.0	3.998	-0.5046	0.7020	-0.5025
547	57.4480	28.9273	61.1110	4.0	3.998	0.1061	-0.4788	0.8715
548	60.5225	27.4273	50.6110	4.0	3.998	-0.1399	-0.8365	-0.5298
549	66.0276	35.2273	54.5110	4.0	4.000	0.8143	0.5578	0.1607
550	59.4325	35.8273	62.8438	4.0	4.000	0.2326	0.3599	0.9035
551	57.6325	39.3291	51.2110	4.0	4.000	0.0294	0.9214	-0.3874
552	57.9325	26.0956	56.6110	4.0	4.000	0.1617	-0.9809	0.1079
553	54.6325	30.1273	49.4792	4.0	4.000	-0.1010	-0.4101	-0.9064
554	51.5733	36.7273	58.4110	4.0	4.000	-0.9510	0.1309	0.2800
555	60.0325	40.3273	60.6603	4.0	3.999	0.2524	0.6135	0.7483
556	66.9997	31.3273	53.6110	4.0	4.000	0.9933	-0.1142	0.0197
557	66.4109	32.8273	58.4110	4.0	4.000	0.8136	0.2232	0.5368
558	57.6325	30.7273	62.4750	4.0	3.999	-0.1521	-0.5155	0.8433
559	57.3325	38.2273	49.6295	4.0	3.999	0.0284	0.7049	-0.7087
560	66.1928	34.9273	52.4110	4.0	4.000	0.8423	0.4986	-0.2045
561	67.0193	30.1273	56.3110	4.0	4.000	0.9363	-0.3102	0.1647
562	64.5325	34.0273	60.7903	4.0	4.000	0.7512	-0.0222	0.6597
563	51.8426	34.6273	59.0110	4.0	4.000	-0.9002	-0.1944	0.3896
564	54.6325	26.8101	57.8110	4.0	4.000	-0.4717	-0.8151	0.3363
565	53.1325	39.9329	57.2110	4.0	3.999	-0.6610	0.7503	0.0095
566	62.4325	37.8635	50.9110	4.0	3.999	0.5095	0.6972	-0.5044
567	51.9325	32.8273	50.2598	4.0	3.999	-0.6465	0.0800	-0.7587
568	65.7325	36.4273	57.8453	4.0	3.999	0.9650	0.1954	0.1751
569	66.0325	29.4804	51.5110	4.0	3.999	0.7912	-0.4934	-0.3614
570	50.4325	32.2273	57.5185	4.0	4.000	-0.8702	-0.0238	0.4921
571	55.8325	28.6273	60.8098	4.0	4.000	-0.2363	-0.5934	0.7694
572	60.9325	33.7273	62.8123	4.0	4.000	0.1699	-0.1424	0.9751
573	58.2325	27.1938	59.6110	4.0	3.999	-0.1924	-0.7698	0.6086
574	62.1325	31.9273	62.1229	4.0	4.000	0.3244	-0.2577	0.9101
575	63.3325	31.9273	48.1348	4.0	4.000	0.3487	-0.0590	-0.9354
576	66.8025	29.8273	54.2110	4.0	4.000	0.9109	-0.3108	-0.2714
577	53.1325	37.0273	51.2966	4.0	3.998	-0.7943	0.4736	-0.3804
578	51.2248	35.8273	53.9110	4.0	3.999	-0.8188	0.5718	-0.0512
579	59.0543	27.4273	51.8110	4.0	3.999	-0.2855	-0.8980	-0.3349
580	59.9448	41.8273	54.5110	4.0	3.998	0.1785	0.9238	-0.3387
581	51.9016	28.6273	57.2110	4.0	4.000	-0.6133	-0.6988	0.3681
582	65.7325	30.1999	50.3110	4.0	3.999	0.7407	-0.3349	-0.5825
583	59.1325	32.5273	48.1293	4.0	4.000	-0.0814	-0.2368	-0.9681
584	64.5325	37.9273	59.3990	4.0	3.999	0.7518	0.4761	0.4562
585	65.1325	34.9273	59.8516	4.0	3.999	0.8858	0.0701	0.4588
586	65.5605	33.1273	49.7110	4.0	3.999	0.7396	0.2162	-0.6374
587	61.7397	41.5273	56.6110	4.0	3.999	0.4997	0.8652	0.0414
588	65.1325	27.9120	53.3110	4.0	4.002	0.5832	-0.7255	-0.3655
589	66.6507	34.3273	55.4110	4.0	4.000	0.8996	0.4365	-0.0118
590	53.2307	32.8273	60.2110	4.0	4.000	-0.8808	-0.0995	0.4629
591	54.3325	38.6621	52.1110	4.0	3.999	-0.5918	0.7618	-0.2636
592	54.9325	35.2273	48.5772	4.0	4.000	-0.4656	0.2195	-0.8573
593	57.6325	26.0914	55.4110	4.0	4.000	0.1616	-0.9791	-0.1232
594	54.0325	27.1273	54.3438	4.0	3.998	-0.2751	-0.9511	-0.1407
595	62.8220	35.8273	62.0110	4.0	3.999	0.4947	0.2308	0.8378
596	51.3275	36.1273	56.9110	4.0	4.000	-0.9970	0.0774	0.0093
597	54.0325	39.1273	60.4497	4.0	3.999	-0.5258	0.6082	0.5947
598	58.2325	35.2273	48.1548	4.0	4.000	0.1697	0.2165	-0.9614
599	59.7325	37.2252	49.1110	4.0	3.999	0.0405	0.6357	-0.7709
600	65.1325	32.2273	59.9745	4.0	3.999	0.5824	0.1104	0.8054
601	62.7325	26.2669	55.7110	4.0	4.000	0.1989	-0.9783	0.0580
602	65.2035	37.6273	55.7110	4.0	4.000	0.8443	0.5072	-0.1729
603	64.5325	37.0273	53.2367	4.0	3.999	0.7549	0.4708	-0.4566
604	51.9325	28.0767	54.5110	4.0	4.000	-0.6270	-0.7743	-0.0852
605	67.2846	31.6273	56.0110	4.0	4.000	0.9936	0.0135	0.1120
606	63.0325	29.5019	60.5110	4.0	3.999	0.2686	-0.3771	0.8863
607	65.6140	35.5273	51.8110	4.0	3.999	0.7327	0.5975	-0.3257
608	60.6325	39.4273	51.9972	4.0	3.999	0.2841	0.4995	-0.8184
609	61.5325	37.6273	61.6766	4.0	4.000	0.2745	0.5419	0.7943
610	61.2325	41.0586	53.9110	4.0	3.999	0.4524	0.7707	-0.4486
611	64.1629	27.1273	57.5110	4.0	3.999	0.4206	-0.8201	0.3879
612	55.1501	32.2273	48.8110	4.0	4.008	-0.1881	-0.2760	-0.9426
613	63.3325	38.2273	52.9703	4.0	3.999	0.5036	0.6748	-0.5394
614	62.1325	29.0277	48.8110	4.0	3.999	0.1369	-0.5598	-0.8172
615	67.0105	33.4273	55.1110	4.0	4.000	0.9358	0.3367	-0.1045
616	62.1325	38.8273	60.5817	4.0	3.999	0.3213	0.5879	0.7424
617	61.5325	26.5273	53.2410	4.0	3.999	0.0457	-0.9810	-0.1886
618	57.6325	42.0678	57.8110	4.0	4.000	-0.2398	0.9382	0.2493
619	54.6325	28.2209	59.9110	4.0	3.999	-0.4213	-0.6106	0.6706
620	53.4325	34.0273	60.9508	4.0	3.999	-0.5928	-0.3624	0.7192
621	53.5609	36.4273	61.4110	4.0	3.999	-0.5794	0.1298	0.8047
622	52.5983	38.8273	55.1110	4.0	3.999	-0.7674	0.5186	-0.3771
623	66.2393	30.1273	58.4110	4.0	3.999	0.7996	-0.2733	0.5348
624	57.9325	33.1273	63.3524	4.0	4.000	-0.0409	-0.0772	0.9962
625	55.2325	41.1058	57.5110	4.0	4.000	-0.3176	0.9410	0.1171
626	62.9560	40.0273	58.4110	4.0	3.999	0.7270	0.6116	0.3121
627	59.7325	32.8273	63.1358	4.0	4.000	0.2871	-0.1845	0.9400
628	57.3325	42.0061	55.4110	4.0	4.000	-0.2970	0.9250	-0.2368
629	53.4325	28.6273	51.1374	4.0	3.999	-0.3801	-0.6985	-0.6063
630	59.1325	40.9621	60.2110	4.0	4.000	0.0314	0.7746	0.6317
631	63.8321	27.1273	52.7110	4.0	3.998	0.4035	-0.9107	-0.0880
632	51.3325	31.3273	58.6490	4.0	3.999	-0.6825	-0.1365	0.7180
633	58.2325	28.3273	60.6365	4.0	3.999	-0.1920	-0.5843	0.7885
634	50.4325	29.8512	54.5110	4.0	3.999	-0.8948	-0.4285	-0.1251
635	62.4325	27.1273	58.6074	4.0	3.999	0.1530	-0.7978	0.5831
636	55.2325	26.8273	53.9368	4.0	3.999	-0.3017	-0.8589	-0.4139
637	62.7325	40.7640	56.6110	4.0	3.999	0.7081	0.7060	-0.0121
638	53.7325	30.1419	60.5110	4.0	4.000	-0.6395	-0.3020	0.7070
639	56.3375	41.5273	55.1110	4.0	3.999	-0.4037	0.8667	-0.2931
640	61.2325	41.4314	58.4110	4.0	3.999	0.4130	0.8322	0.3701
641	56.4325	26.8849	53.3110	4.0	4.000	-0.1651	-0.9075	-0.3863
642	57.0325	37.6273	62.2316	4.0	4.000	0.0079	0.2966	0.9550
643	59.0317	28.0273	50.6110	4.0	3.999	-0.4149	-0.7758	-0.4753
644	52.6186	35.2273	60.5110	4.0	3.999	-0.7718	-0.1426	0.6197
645	58.2325	37.3273	49.0209	4.0	3.999	0.1986	0.5395	-0.8182
646	55.5325	32.8273	62.5658	4.0	4.000	-0.4733	-0.1295	0.8713
647	55.5325	30.1273	61.4628	4.0	4.000	-0.2919	-0.3012	0.9078
648	59.4325	35.2273	48.0894	4.0	4.000	-0.0801	0.2838	-0.9555
649	63.6783	28.0273	50.3110	4.0	3.999	0.4641	-0.7147	-0.5233
650	57.6325	41.3198	53.6110	4.0	3.999	-0.2454	0.7838	-0.5705
651	53.4325	27.3677	56.6110	4.0	3.999	-0.6499	-0.7584	0.0506
652	52.5115	32.8273	59.6110	4.0	4.000	-0.4671	0.1524	0.8710
653	57.0325	39.8812	60.8110	4.0	3.999	-0.0665	0.6151	0.7856
654	55.8325	38.5273	61.7299	4.0	4.000	-0.2114	0.5127	0.8321
655	56.4325	35.8304	62.6110	4.0	4.000	-0.3095	0.3607	0.8798
656	61.8325	29.2273	60.6269	4.0	3.999	0.4231	-0.4129	0.8065
657	50.7702	33.4273	57.8110	4.0	4.000	-0.8472	0.2067	0.4893
658	58.8325	37.6273	62.2530	4.0	4.000	0.1047	0.3425	0.9337
659	60.9067	40.9273	59.6110	4.0	3.999	0.3503	0.7489	0.5625
660	63.6385	33.7273	48.5110	4.0	4.000	0.3996	0.2631	-0.8781
661	51.9325	37.0273	54.7747	4.0	3.999	-0.8816	0.1947	-0.4301
662	50.8419	29.5273	56.6110	4.0	3.999	-0.7843	-0.5363	0.3119
663	61.5325	26.9030	51.5110	4.0	4.000	0.0259	-0.9510	-0.3083
664	51.1794	33.4273	51.2110	4.0	3.999	-0.7722	0.1910	-0.6060
665	52.8325	28.1890	52.4110	4.0	3.999	-0.5350	-0.7504	-0.3883
666	55.8325	26.6082	58.4110	4.0	4.000	-0.1872	-0.8958	0.4032
667	58.5325	26.9098	53.0110	4.0	4.000	-0.0318	-0.8828	-0.4687
668	53.1325	27.3639	55.1110	4.0	4.000	-0.3383	-0.9406	-0.0294
669	63.3325	39.8821	55.4110	4.0	3.999	0.8162	0.5514	-0.1726
670	65.5440	35.2273	59.0110	4.0	4.000	0.9150	-0.0370	0.4018
671	65.1325	31.9273	49.1654	4.0	3.999	0.6754	-0.0052	-0.7374
672	64.9274	35.2273	50.3110	4.0	3.999	0.6193	0.5891	-0.5190
673	50.0564	33.7273	55.1110	4.0	4.000	-0.9475	0.3165	0.0459
674	63.3325	36.7273	50.6633	4.0	3.999	0.4782	0.7397	-0.4734
675	65.1325	37.6273	58.4900	4.0	3.998	0.8603	0.4216	0.2865
676	64.2325	31.3273	48.5973	4.0	4.000	0.4691	-0.1159	-0.8755
677	53.1389	35.8273	50.3110	4.0	4.000	-0.7639	0.2800	-0.5815
678	54.6325	36.4273	62.0359	4.0	4.000	-0.4313	0.0788	0.8988
679	52.1407	38.5273	58.1110	4.0	4.000	-0.8358	0.5016	0.2232
680	60.0325	31.3273	48.1006	4.0	4.000	-0.2997	-0.1131	-0.9473
681	51.9325	30.3173	50.9110	4.0	3.998	-0.6489	-0.4698	-0.5986
682	55.8325	27.6600	59.9110	4.0	3.999	-0.2401	-0.7543	0.6111
683	62.1325	27.5391	50.3110	4.0	3.999	0.1368	-0.8369	-0.5300
684	57.6325	38.8273	50.3409	4.0	3.999	0.0285	0.7875	-0.6156
685	55.8325	34.0273	62.7981	4.0	4.000	-0.4250	0.0322	0.9046
686	57.0325	34.0273	47.9621	4.0	4.000	-0.0024	-0.0711	-0.9975
687	63.5561	26.5273	54.8110	4.0	3.999	0.3581	-0.9278	-0.1051
688	54.0325	40.4951	56.0110	4.0	3.999	-0.5300	0.8228	-0.2049
689	51.9325	35.5273	51.5433	4.0	3.999	-0.6543	0.5215	-0.5476
690	51.9325	36.5663	53.6110	4.0	3.999	-0.6878	0.7185	-0.1028
691	64.4435	38.8273	56.3110	4.0	3.999	0.6924	0.7013	-0.1695
692	61.0876	37.6273	49.7110	4.0	3.998	0.2182	0.6386	-0.7380
693	57.3325	32.2273	63.1043	4.0	4.000	-0.2025	-0.2932	0.9344
694	57.6325	36.7273	48.6063	4.0	4.000	0.0563	0.4552	-0.8886
695	53.4325	38.8986	53.9110	4.0	3.999	-0.6640	0.5241	-0.5334
696	51.0325	31.9273	51.3650	4.0	3.999	-0.8427	-0.0832	-0.5319
697	59.9180	40.3273	52.4110	4.0	3.998	0.1803	0.6691	-0.7209
698	61.5325	31.0273	61.9019	4.0	4.000	0.1470	-0.4929	0.8576
699	55.2325	40.3273	54.1952	4.0	4.000	-0.3239	0.8250	-0.4630
700	60.0325	29.2273	48.8920	4.0	3.999	-0.2438	-0.5478	-0.8003
701	66.4385	32.8273	50.9110	4.0	4.000	0.9028	0.1048	-0.4172
702	51.3325	29.3921	52.7110	4.0	3.998	-0.6877	-0.5487	-0.4755
703	55.2325	40.0485	60.2110	4.0	4.000	-0.3169	0.7348	0.5998
704	54.1171	36.1273	49.4110	4.0	3.999	-0.6402	0.3305	-0.6935
705	51.4924	37.0273	56.3110	4.0	4.000	-0.9772	0.1871	-0.1001
706	65.6169	37.0273	56.9110	4.0	4.000	0.9303	0.3667	0.0003
707	52.2325	38.8623	56.6110	4.0	3.999	-0.8573	0.5128	-0.0456
708	62.3558	32.5273	47.9110	4.0	3.998	0.1343	0.0489	-0.9897
709	60.6325	28.2002	60.5110	4.0	3.999	0.1934	-0.5784	0.7925
710	64.5325	29.1286	59.6110	4.0	3.999	0.4784	-0.4753	0.7384
711	54.6325	26.5419	56.6110	4.0	4.000	-0.4729	-0.8747	0.1061
712	52.2325	37.3273	59.6648	4.0	3.999	-0.8157	0.2938	0.4983
713	57.0325	41.5273	58.8391	4.0	3.998	-0.2918	0.8642	0.4098
714	55.8325	39.3351	51.8110	4.0	4.000	-0.3207	0.9089	-0.2666
715	55.8091	33.4273	48.2110	4.0	3.999	-0.2362	-0.1885	-0.9532
716	59.4325	26.6295	59.0110	4.0	4.000	0.0435	-0.8768	0.4788
717	66.6325	34.0310	56.9110	4.0	4.000	0.9012	0.3803	0.2078
718	66.2423	28.6273	56.6110	4.0	3.999	0.7929	-0.5856	0.1682
719	58.2325	40.3273	60.8001	4.0	4.000	-0.0782	0.6084	0.7897
720	60.0586	26.2273	54.8110	4.0	3.999	0.1011	-0.9552	-0.2780
721	63.3325	34.6801	48.8110	4.0	3.999	0.3504	0.4832	-0.8024
722	59.4325	28.9273	61.1163	4.0	4.000	-0.0206	-0.4582	0.8886
723	58.2325	26.3473	58.1110	4.0	4.000	-0.1903	-0.9341	0.3022
724	50.0565	31.0273	56.0110	4.0	4.000	-0.9466	-0.2526	0.2001
725	60.9325	26.2192	55.7110	4.0	4.000	-0.0219	-0.9938	-0.1092
726	64.5325	36.5772	51.8110	4.0	3.999	0.5823	0.7658	-0.2729
727	67.0792	32.5273	56.9110	4.0	4.000	0.9590	0.1099	0.2610
728	60.6325	26.3837	58.1110	4.0	4.000	0.2706	-0.8952	0.3542
729	55.3119	38.5273	50.6110	4.0	3.999	-0.4248	0.7617	-0.4892
730	52.8325	34.6273	50.0677	4.0	3.999	-0.4928	0.2957	-0.8183
731	50.4921	34.0273	53.0110	4.0	4.000	-0.9314	0.2440	-0.2701
732	63.5849	29.2273	49.1110	4.0	3.999	0.3564	-0.5540	-0.7524
733	56.7325	25.9890	56.3110	4.0	4.000	-0.0111	-0.9987	0.0496
734	50.3029	33.7273	56.6110	4.0	4.000	-0.9283	0.2635	0.2622
735	65.4325	28.0568	57.5110	4.0	4.000	0.6915	-0.6411	0.3329
736	53.7325	27.9508	58.7110	4.0	3.999	-0.6456	-0.5852	0.4907
737	59.7325	31.6273	62.7875	4.0	4.000	0.2888	-0.3468	0.8924
738	65.4325	28.5096	51.8110	4.0	3.999	0.7202	-0.6480	-0.2478
739	55.8325	26.1069	56.0110	4.0	4.000	-0.2416	-0.9681	-0.0663
740	53.4325	34.0273	49.5021	4.0	4.000	-0.4307	0.2391	-0.8702
741	63.4894	33.4273	61.7110	4.0	3.999	0.5556	-0.1039	0.8249
742	57.2335	28.6273	50.6110	4.0	3.998	0.2224	-0.7118	-0.6662
743	61.5325	34.6273	48.2979	4.0	4.000	0.3628	0.3339	-0.8700
744	53.8958	32.8273	49.1110	4.0	3.998	-0.3742	0.0779	-0.9241
745	62.1325	31.0273	47.9717	4.0	4.000	0.1354	-0.2223	-0.9655
746	61.5325	41.4355	55.1110	4.0	3.999	0.4607	0.8562	-0.2337
747	59.7325	25.9655	56.9110	4.0	4.000	0.0426	-0.9910	0.1269
748	58.8325	41.5273	53.6818	4.0	3.999	0.0164	0.8577	-0.5139
749	57.0325	29.9445	61.7110	4.0	3.999	-0.2003	-0.6694	0.7154
750	55.2325	31.6273	61.9645	4.0	4.001	-0.5082	-0.3808	0.7725
751	54.3516	34.0273	61.7110	4.0	4.000	-0.5021	0.0150	0.8647
752	61.2325	32.9670	47.9110	4.0	3.998	-0.0838	0.1043	-0.9910
753	61.8325	34.3273	62.6439	4.0	4.000	0.3306	-0.0367	0.9430
754	64.8325	27.1031	55.7110	4.0	4.000	0.5239	-0.8498	0.0583
755	58.8325	26.2273	54.7485	4.0	3.999	-0.0719	-0.9411	-0.3304
756	51.4402	35.5273	58.1110	4.0	4.000	-0.9845	-0.0313	0.1728
757	63.0325	34.3273	62.1042	4.0	4.000	0.5300	-0.0357	0.8473
758	66.4377	30.7273	51.2110	4.0	4.000	0.8706	-0.2735	-0.4090
759	60.6116	30.1273	61.4110	4.0	4.003	0.1979	-0.2456	0.9489
760	54.0325	40.4718	58.1110	4.0	3.999	-0.4847	0.8439	0.2299
761	52.5325	30.1273	59.1662	4.0	3.999	-0.6474	-0.3751	0.6635
762	58.8325	38.9384	50.9110	4.0	3.999	0.3144	0.8417	-0.4390
763	57.0325	31.9273	48.5036	4.0	4.000	-0.0025	-0.4774	-0.8787
764	55.8325	37.6273	49.4019	4.0	4.000	-0.2648	0.6175	-0.7407
765	56.4325	31.3273	62.4913	4.0	3.999	-0.3158	-0.4605	0.8296
766	63.6325	27.3421	51.5110	4.0	4.000	0.4051	-0.8620	-0.3049
767	63.3325	28.0273	59.4031	4.0	3.999	0.3224	-0.6419	0.6957
768	66.3325	29.4444	52.7110	4.0	3.999	0.8874	-0.4386	-0.1418
769	56.1325	30.1273	49.3999	4.0	4.000	0.0611	-0.4545	-0.8886
770	57.9325	39.7273	51.9496	4.0	3.999	-0.1859	0.5517	-0.8130
771	49.8658	31.9273	54.5110	4.0	4.000	-0.9882	-0.0851	-0.1273
772	63.7699	36.4273	61.1110	4.0	3.999	0.6006	0.2155	0.7700
773	56.1325	27.3937	52.1110	4.0	4.000	0.0572	-0.8968	-0.4387
774	50.2736	31.6273	53.0110	4.0	4.000	-0.8989	-0.1425	-0.4144
775	66.5647	34.0273	52.1110	4.0	4.000	0.9124	0.3218	-0.2528
776	58.8325	42.1273	58.0882	4.0	3.999	0.0306	0.9516	0.3058
777	65.1642	31.0273	59.9110	4.0	4.000	0.5830	-0.1624	0.7961
778	65.7992	29.2273	58.4110	4.0	3.999	0.7581	-0.4263	0.4935
779	60.0325	41.8273	58.5465	4.0	3.998	0.2514	0.8974	0.3626
780	60.3325	38.1621	61.7110	4.0	3.999	0.2468	0.2266	0.9422
781	54.6325	30.1273	61.1031	4.0	4.000	-0.4141	-0.2510	0.8749
782	53.4325	31.3273	60.5088	4.0	4.000	-0.6417	-0.0746	0.7633
783	57.0325	27.8401	51.5110	4.0	3.999	0.2247	-0.8321	-0.5071
784	58.5325	35.8273	62.9647	4.0	4.000	0.0689	0.4166	0.9065
785	57.9325	33.4273	48.0731	4.0	4.000	0.1715	-0.1282	-0.9768
786	52.8325	37.0273	52.0490	4.0	3.999	-0.8323	0.4842	-0.2697
787	60.9325	26.3995	53.9110	4.0	4.000	-0.0600	-0.9947	-0.0830
788	59.7325	38.1810	50.0110	4.0	4.000	-0.0174	0.7744	-0.6325
789	63.1354	31.3273	61.4110	4.0	3.999	0.4945	-0.4397	0.7498
790	60.4295	34.6273	62.9110	4.0	4.015	0.1440	0.1479	0.9785
791	51.0889	35.2273	56.6110	4.0	3.999	-0.7451	0.6156	0.2567
792	57.9325	34.3273	63.3469	4.0	4.000	-0.0407	0.0863	0.9954
793	65.0146	36.7273	59.6110	4.0	3.999	0.8441	0.2557	0.4712
794	58.8325	30.4597	62.3110	4.0	3.999	0.0670	-0.5646	0.8226
795	65.9048	35.2273	57.5110	4.0	4.000	0.9518	0.0071	0.3066
796	55.2325	40.8479	58.7110	4.0	4.000	-0.2674	0.9205	0.2849
797	64.5325	29.8273	59.9895	4.0	3.999	0.5138	-0.3666	0.7756
798	55.7681	39.7273	53.0110	4.0	3.999	-0.4011	0.7363	-0.5450
799	63.3325	37.3273	61.0603	4.0	3.999	0.4798	0.4311	0.7641
800	52.9082	29.5273	50.6110	4.0	3.999	-0.4878	-0.5787	-0.6535
801	57.0325	26.2273	57.7704	4.0	3.999	-0.0111	-0.9408	0.3389
802	62.4325	38.0451	61.1110	4.0	3.999	0.3058	0.5535	0.7746
803	54.9325	28.2719	50.9110	4.0	3.999	-0.1599	-0.7523	-0.6391
804	66.7991	30.4273	53.3110	4.0	4.000	0.9648	-0.2630	0.0039
805	55.8325	28.3273	50.7099	4.0	3.999	0.0036	-0.7301	-0.6833
806	58.5325	42.0398	54.8110	4.0	4.000	-0.0234	0.9371	-0.3482
807	56.1325	39.4273	61.1523	4.0	4.000	-0.1029	0.6822	0.7238
808	51.0325	29.9214	57.5110	4.0	3.998	-0.7930	-0.4283	0.4333
809	62.3243	38.8273	52.7110	4.0	3.999	0.6078	0.3564	-0.7096
810	64.8010	28.6273	59.0110	4.0	3.999	0.5798	-0.5769	0.5753
811	57.3325	26.6393	53.6110	4.0	4.000	0.0380	-0.9028	-0.4283
812	53.4325	36.8389	50.6110	4.0	3.998	-0.7376	0.4654	-0.4893
813	62.2885	40.0273	53.6110	4.0	3.999	0.6136	0.6115	-0.4996
814	58.2325	39.1273	61.5587	4.0	4.000	-0.0785	0.4460	0.8916
815	52.8325	37.0273	60.6171	4.0	3.999	-0.7133	0.1901	0.6746
816	64.5733	35.8273	60.5110	4.0	4.000	0.7641	0.1078	0.6361
817	61.8325	32.5273	62.3568	4.0	4.000	0.2817	-0.1863	0.9413
818	65.9141	35.5273	53.0110	4.0	3.999	0.7906	0.6020	-0.1119
819	50.7954	35.2273	54.8110	4.0	4.000	-0.7996	0.5980	-0.0552
820	63.6325	35.5273	49.5602	4.0	3.999	0.3590	0.6087	-0.7075
821	51.6325	33.7273	58.7291	4.0	4.000	-0.6807	0.3177	0.6600
822	57.9325	30.7273	49.0345	4.0	4.000	-0.2286	-0.5144	-0.8265
823	63.6325	38.9465	59.3110	4.0	3.999	0.5421	0.7322	0.4123
824	51.8578	28.6273	53.0110	4.0	3.999	-0.6233	-0.6612	-0.4175
825	66.8901	30.4273	57.2110	4.0	4.000	0.9092	-0.2566	0.3279
826	61.5325	39.7273	60.3996	4.0	3.999	0.5070	0.5432	0.6692
827	61.8325	26.2273	56.2322	4.0	3.998	-0.0185	-0.9936	0.1117
828	65.7325	28.0273	54.3772	4.0	3.998	0.6951	-0.7002	-0.1630
829	52.3404	31.6273	50.0110	4.0	3.999	-0.5851	-0.1365	-0.7994
830	61.8325	27.7273	59.4696	4.0	3.999	0.4395	-0.6711	0.5970
831	60.6325	36.4273	48.6607	4.0	3.999	0.1527	0.4608	-0.8743
832	67.0736	30.1273	55.4110	4.0	4.000	0.9499	-0.3126	0.0032
833	67.2029	31.9273	54.5110	4.0	4.000	0.9766	0.0135	-0.2145
834	54.3325	27.2158	53.3110	4.0	4.000	-0.2203	-0.9468	-0.2346
835	52.5325	36.1273	51.5157	4.0	4.000	-0.5834	0.6151	-0.5303
836	61.5325	38.5530	51.2110	4.0	4.000	0.3857	0.8117	-0.4386
837	67.0344	32.5273	53.0110	4.0	4.000	0.9940	0.1036	-0.0349
838	60.3777	27.4273	59.9110	4.0	3.999	0.2167	-0.7327	0.6452
839	60.0325	28.3273	49.6242	4.0	3.999	-0.3042	-0.6586	-0.6883
840	52.7384	39.1273	58.7110	4.0	3.999	-0.7033	0.6238	0.3409
841	64.5325	31.6273	60.3991	4.0	4.000	0.5616	-0.2016	0.8025
842	51.8328	35.5273	59.3110	4.0	4.000	-0.9200	-0.0315	0.3907
843	53.4325	27.4783	53.6110	4.0	4.000	-0.3822	-0.9066	-0.1790
844	59.7325	35.8273	47.2169	5.0	5.000	0.0288	0.3332	-0.9424
845	57.3325	32.8273	64.2623	5.0	5.000	-0.1721	-0.1567	0.9725
846	66.9502	27.7273	55.7110	5.0	5.000	0.7869	-0.6152	0.0480
847	49.8325	29.2273	53.4655	5.0	4.998	-0.8545	-0.4560	-0.2488
848	59.1325	43.2127	57.8110	5.0	5.000	0.0260	0.9857	0.1663
849	50.6643	37.6273	58.1110	5.0	5.000	-0.9492	0.2487	0.1930
850	65.9367	36.4273	60.2110	5.0	5.000	0.8299	0.1600	0.5344
851	57.9325	25.2606	57.8110	5.0	5.000	-0.2049	-0.9463	0.2500
852	60.6325	26.8273	49.6375	5.0	4.999	-0.1180	-0.8364	-0.5353
853	66.9325	35.4308	51.8110	5.0	4.999	0.8380	0.4985	-0.2219
854	52.1935	36.1273	50.0110	5.0	5.000	-0.7386	0.3742	-0.5607
855	63.6325	29.8273	61.5688	5.0	5.000	0.3115	-0.3272	0.8921
856	52.6678	29.2273	60.5110	5.0	4.999	-0.6820	-0.3498	0.6422
857	56.7325	39.4273	62.4583	5.0	4.999	-0.0389	0.5664	0.8232
858	57.0325	40.8965	51.8110	5.0	5.000	-0.2610	0.6118	-0.7467
859	54.6325	30.7273	48.1583	5.0	5.000	-0.1792	-0.3034	-0.9359
860	63.0768	40.6273	53.3110	5.0	5.000	0.6676	0.5712	-0.4775
861	65.1325	30.7273	48.0895	5.0	4.999	0.5693	-0.1859	-0.8008
862	55.5325	26.0434	53.0110	5.0	5.006	-0.1059	-0.9392	-0.3265
863	60.6325	36.4273	63.5696	5.0	5.000	0.0995	0.2820	0.9542
864	54.0325	41.6917	56.3110	5.0	5.000	-0.4074	0.9037	-0.1318
865	68.1325	32.7575	56.6110	5.0	4.999	0.9669	0.1868	0.1737
866	62.4325	25.3529	54.2110	5.0	5.000	0.0760	-0.9708	-0.2274
867	49.1023	34.0273	55.1110	5.0	5.000	-0.9635	0.2676	-0.0096
868	52.3889	34.0273	61.4110	5.0	4.999	-0.6771	-0.2527	0.6912
869	62.7325	40.5688	60.2110	5.0	4.999	0.5706	0.5688	0.5924
870	57.6325	28.5120	62.0110	5.0	4.999	0.0905	-0.4506	0.8881
871	63.3325	37.3057	49.4110	5.0	5.000	0.5988	0.5194	-0.6097
872	67.8325	30.7273	52.3471	5.0	4.999	0.9745	-0.1891	-0.1210
873	59.3442	31.0273	47.3110	5.0	4.999	-0.3433	-0.1413	-0.9285
874	50.7325	31.6273	50.1468	5.0	4.999	-0.7600	-0.1611	-0.6296
875	63.0325	26.1247	58.7110	5.0	5.000	0.1798	-0.8735	0.4524
876	64.8325	27.1273	50.7325	5.0	4.999	0.4820	-0.7806	-0.3979
877	65.9818	38.5273	56.6110	5.0	5.000	0.8633	0.4956	-0.0952
878	51.9479	39.1273	54.2110	5.0	5.000	-0.7596	0.4731	-0.4462
879	53.2855	26.2273	56.9110	5.0	4.999	-0.6013	-0.7938	0.0915
880	55.8325	37.9273	48.3438	5.0	4.999	-0.2188	0.5607	-0.7986
881	50.2221	32.2273	59.0110	5.0	4.999	-0.7606	-0.0196	0.6489
882	66.3325	32.5523	60.2110	5.0	4.999	0.6760	0.1379	0.7239
883	53.4854	40.6273	59.9110	5.0	4.999	-0.4976	0.7560	0.4253
884	63.0325	33.1273	63.1073	5.0	5.000	0.4152	-0.2061	0.8861
885	52.5325	28.4672	50.3110	5.0	4.999	-0.4509	-0.6226	-0.6396
886	60.0325	42.4273	53.4422	5.0	4.999	0.2005	0.8565	-0.4756
887	59.4325	41.5273	61.0445	5.0	4.999	0.0710	0.6960	0.7145
888	63.0325	33.4273	47.1447	5.0	5.000	0.2069	0.1807	-0.9615
889	56.1325	34.0273	47.0506	5.0	5.000	-0.1463	-0.0111	-0.9892
890	60.0325	39.2015	49.7110	5.0	5.000	0.0816	0.8229	-0.5622
891	58.8325	26.0902	52.4110	5.0	5.000	0.0164	-0.8753	-0.4833
892	56.4325	28.0273	49.6201	5.0	4.999	0.0966	-0.6507	-0.7532
893	55.8325	36.4273	63.4253	5.0	5.000	-0.1781	0.1114	0.9777
894	63.0325	41.8230	56.9110	5.0	5.000	0.6116	0.7904	0.0351
895	50.7325	28.3273	57.3142	5.0	4.999	-0.6779	-0.6057	0.4166
896	54.3325	31.3273	62.4934	5.0	4.999	-0.5495	-0.3616	0.7532
897	60.1237	30.4273	63.2110	5.0	4.999	0.2844	-0.4761	0.8321
898	65.7325	28.4677	59.6110	5.0	4.999	0.6348	-0.5008	0.5885
899	65.4325	34.6999	48.8110	5.0	4.999	0.6188	0.4063	-0.6723
900	54.1050	39.1273	50.6110	5.0	4.999	-0.5616	0.7105	-0.4240
901	54.9325	26.8273	60.1310	5.0	5.000	-0.3009	-0.7422	0.5988
902	56.1958	42.1273	59.3110	5.0	4.999	-0.4269	0.8160	0.3898
903	53.7325	33.4273	48.0782	5.0	4.999	-0.5477	-0.0718	-0.8336
904	57.0325	42.8360	54.8110	5.0	5.000	-0.2976	0.9224	-0.2464
905	61.8325	28.9273	47.6682	5.0	5.000	0.0685	-0.5103	-0.8573
906	60.6325	27.1273	60.9652	5.0	4.999	0.1782	-0.6631	0.7270
907	53.0550	37.6273	62.0110	5.0	4.999	-0.5492	0.2531	0.7964
908	49.8163	34.0273	51.8110	5.0	5.000	-0.8769	0.2499	-0.4106
909	60.0325	33.7273	64.1629	5.0	5.000	0.2903	-0.0193	0.9567
910	52.1849	26.8273	53.9110	5.0	4.999	-0.4638	-0.8632	-0.1993
911	65.5392	37.6273	53.3110	5.0	4.999	0.7792	0.4503	-0.4360
912	60.0325	38.9664	62.6110	5.0	4.998	0.2087	0.3760	0.9028
913	66.8725	35.8273	55.7110	5.0	5.005	0.8042	0.5943	-0.0097
914	63.8360	37.3273	62.0110	5.0	4.999	0.4922	0.3066	0.8147
915	49.1415	31.0273	56.6110	5.0	5.000	-0.9494	-0.1659	0.2668
916	54.6325	40.5227	53.0110	5.0	4.999	-0.3722	0.7210	-0.5844
917	50.1325	34.8538	57.8110	5.0	4.999	-0.8103	0.4167	0.4122
918	65.0252	39.1273	59.3110	5.0	4.999	0.6944	0.6030	0.3928
919	51.8510	40.0273	56.6110	5.0	4.999	-0.7563	0.6489	-0.0829
920	65.2461	26.5273	53.6110	5.0	4.999	0.5390	-0.7786	-0.3213
921	49.5325	31.6273	52.2170	5.0	5.002	-0.9000	-0.1220	-0.4184
922	56.4325	25.1020	55.1110	5.0	5.000	-0.1067	-0.9826	-0.1518
923	59.7325	24.9773	55.7110	5.0	5.000	0.0840	-0.9872	-0.1356
924	67.4136	30.7273	58.7110	5.0	5.000	0.8796	-0.1383	0.4553
925	67.1378	32.2273	50.0110	5.0	5.000	0.8447	-0.0044	-0.5352
926	57.9325	36.9707	63.5110	5.0	5.006	-0.0815	0.4411	0.8937
927	67.8325	33.7273	53.8986	5.0	5.000	0.9721	0.2258	0.0629
928	50.4325	36.3976	53.6110	5.0	5.000	-0.7803	0.6193	-0.0876
929	64.5325	25.9500	56.9110	5.0	5.000	0.4497	-0.8817	0.1427
930	61.2325	40.6273	51.7973	5.0	5.000	0.3770	0.5593	-0.7383
931	66.5739	34.6273	59.0110	5.0	5.000	0.8386	0.3473	0.4198
932	55.2325	28.6273	61.8517	5.0	4.999	-0.2476	-0.4990	0.8305
933	66.8346	28.6273	51.8110	5.0	4.999	0.8157	-0.5150	-0.2633
934	68.1325	30.2954	56.0110	5.0	4.998	0.9709	-0.2195	0.0954
935	61.5325	25.7715	51.8110	5.0	5.000	-0.0242	-0.9654	-0.2598
936	52.0228	31.6273	60.5110	5.0	5.012	-0.6946	0.0366	0.7184
937	58.5325	28.9422	48.5110	5.0	5.000	-0.4364	-0.4689	-0.7679
938	61.2325	42.3620	59.0110	5.0	5.000	0.3489	0.8489	0.3970
939	58.5325	26.3055	60.2110	5.0	4.999	-0.1086	-0.7628	0.6375
940	62.7325	35.4935	47.9110	5.0	4.999	0.2256	0.3726	-0.9002
941	57.1945	30.1273	63.2110	5.0	4.998	-0.1709	-0.5245	0.8341
942	58.2325	37.9273	48.2017	5.0	5.000	0.1672	0.5096	-0.8440
943	51.0074	36.1273	59.9110	5.0	5.000	-0.8800	0.0666	0.4703
944	65.0684	34.6273	61.7110	5.0	4.999	0.7229	0.0137	0.6908
945	64.5325	28.6273	48.7216	5.0	4.999	0.4423	-0.5174	-0.7326
946	54.0325	35.8273	48.0625	5.0	4.999	-0.5331	0.2300	-0.8142
947	60.0325	25.6273	59.1818	5.0	4.999	0.0832	-0.8936	0.4410
948	55.5325	25.3273	57.6658	5.0	4.998	-0.2520	-0.9386	0.2357
949	52.5325	30.1961	49.1110	5.0	4.999	-0.5034	-0.3508	-0.7897
950	58.8325	33.4273	46.9909	5.0	5.000	-0.1163	-0.0530	-0.9918
951	50.7325	29.5273	51.2871	5.0	4.999	-0.7767	-0.4368	-0.4539
952	61.8325	25.2705	56.6110	5.0	5.000	0.0304	-0.9896	0.1407
953	56.7361	32.2273	47.3110	5.0	5.000	-0.0999	-0.3515	-0.9309
954	65.4325	36.7273	50.8083	5.0	4.999	0.6324	0.6533	-0.4163
955	63.4776	27.4273	60.2110	5.0	4.998	0.2273	-0.6405	0.7335
956	50.5052	37.0273	56.0110	5.0	5.000	-0.9633	0.2032	-0.1756
957	51.8315	38.5273	60.2110	5.0	4.999	-0.7697	0.3837	0.5101
958	56.7325	39.4273	49.5111	5.0	4.999	-0.0738	0.7753	-0.6273
959	64.2325	40.5396	56.6110	5.0	4.999	0.8286	0.5587	0.0351
960	51.2037	33.7273	49.7110	5.0	4.999	-0.6743	0.1562	-0.7218
961	55.2325	33.4273	63.6176	5.0	5.000	-0.4488	-0.0646	0.8913
962	57.9325	35.2273	64.2032	5.0	5.000	-0.0347	0.2109	0.9769
963	66.6233	37.0273	57.8110	5.0	5.000	0.9610	0.2590	0.0972
964	63.4388	35.5273	62.9110	5.0	4.999	0.5063	0.1956	0.8399
965	62.7325	26.8313	49.7110	5.0	5.000	0.1611	-0.8284	-0.5364
966	63.0325	39.1273	51.6823	5.0	4.998	0.5167	0.8122	-0.2709
967	65.1325	30.1273	60.9618	5.0	4.999	0.5385	-0.2264	0.8117
968	53.1325	26.9836	58.7110	5.0	4.999	-0.5930	-0.6796	0.4319
969	61.8325	42.3601	54.8110	5.0	5.000	0.4735	0.8477	-0.2393
970	62.1325	31.6273	63.1171	5.0	5.000	0.2690	-0.2689	0.9248
971	63.0325	31.3273	47.0537	5.0	5.000	0.2068	-0.1435	-0.9678
972	66.7772	30.1273	50.0110	5.0	4.999	0.7995	-0.2775	-0.5328
973	56.2223	42.7273	57.5110	5.0	4.999	-0.3840	0.9086	0.1643
974	51.0325	29.8273	59.2012	5.0	4.999	-0.6282	-0.4128	0.6595
975	52.6433	40.3273	54.8110	5.0	4.999	-0.6346	0.7077	-0.3105
976	61.6468	37.9273	48.8110	5.0	4.998	0.3215	0.6156	-0.7195
977	51.9325	37.5480	52.1110	5.0	4.999	-0.8240	0.5401	-0.1715
978	55.5325	40.9818	60.8110	5.0	5.000	-0.2210	0.7998	0.5581
979	60.3501	28.6273	62.0110	5.0	5.000	0.1626	-0.3957	0.9039
980	64.5325	31.9273	61.9416	5.0	4.999	0.6580	-0.2154	0.7216
981	54.0325	25.9273	54.6762	5.0	4.998	-0.4589	-0.8647	-0.2041
982	57.9325	42.6722	59.3110	5.0	5.000	-0.1108	0.9126	0.3936
983	54.9325	28.7134	49.1110	5.0	4.999	-0.1297	-0.5710	-0.8106
984	67.9278	32.5273	52.1110	5.0	5.000	0.9731	0.0871	-0.2131
985	63.3325	25.9273	52.3049	5.0	4.998	0.2982	-0.9397	-0.1675
986	51.0862	27.4273	55.1110	5.0	4.999	-0.6184	-0.7855	-0.0240
987	60.3325	32.8273	46.9864	5.0	5.000	-0.1633	0.0192	-0.9864
988	59.1325	41.2927	51.8110	5.0	4.999	0.0139	0.7078	-0.7063
989	67.1867	28.6273	57.5110	5.0	5.000	0.8282	-0.4535	0.3293
990	53.6347	34.9273	62.6110	5.0	4.999	-0.4926	-0.1169	0.8624
991	53.1325	27.0599	51.8110	5.0	5.000	-0.4139	-0.8284	-0.3774
992	65.1325	26.7320	58.1110	5.0	4.999	0.5322	-0.7632	0.3665
993	50.7434	33.7273	59.3110	5.0	5.000	-0.7131	0.2664	0.6485
994	57.6325	36.1273	47.2634	5.0	5.000	0.0460	0.3249	-0.9446
995	54.0325	37.7298	49.1110	5.0	4.999	-0.4912	0.5269	-0.6936
996	49.2325	32.7146	57.2110	5.0	4.998	-0.9489	0.0283	0.3144
997	57.0325	25.6273	53.4578	5.0	4.999	-0.0048	-0.8994	-0.4371
998	53.4325	41.2284	58.4110	5.0	5.000	-0.5495	0.8125	0.1948
999	51.3325	27.9858	52.4110	5.0	5.000	-0.5797	-0.7103	-0.3993
1000	49.6100	29.2273	55.4110	5.0	5.000	-0.8843	-0.4611	0.0735
1001	56.8527	29.8273	48.5110	5.0	4.998	0.1408	-0.4138	-0.8994
1002	55.2325	39.1273	62.4109	5.0	5.000	-0.2658	0.5158	0.8144
1003	61.8325	34.3273	63.6851	5.0	5.000	0.2793	0.0138	0.9601
1004	59.4325	26.4410	50.9110	5.0	5.000	-0.3411	-0.8549	-0.3909
1005	56.1325	26.5727	51.5110	5.0	5.000	0.0497	-0.9005	-0.4320
1006	66.9325	34.6273	50.6931	5.0	4.999	0.8421	0.3641	-0.3979
1007	65.4325	33.1273	48.2220	5.0	5.000	0.6227	0.1357	-0.7706
1008	54.9325	33.1273	47.4923	5.0	5.000	-0.3425	-0.1578	-0.9262
1009	67.7276	29.2273	54.5110	5.0	5.000	0.9231	-0.3593	-0.1369
1010	57.9325	40.3146	62.0110	5.0	5.000	-0.1126	0.5153	0.8496
1011	60.6325	25.3880	54.2110	5.0	5.000	-0.0508	-0.9962	-0.0708
1012	67.1407	31.9273	59.3110	5.0	5.000	0.7707	0.0470	0.6355
1013	58.5325	39.7273	50.0821	5.0	4.999	0.1672	0.8419	-0.5131
1014	67.0780	35.5273	54.2110	5.0	5.000	0.8715	0.4713	0.1354
1015	68.2997	31.9273	55.4110	5.0	5.000	0.9974	0.0575	-0.0433
1016	60.9325	41.2273	60.8877	5.0	4.999	0.2977	0.6881	0.6618
1017	51.9325	39.7273	58.8452	5.0	4.998	-0.7693	0.5719	0.2848
1018	61.8325	39.4717	61.7110	5.0	4.999	0.4355	0.4185	0.7970
1019	53.4588	39.4273	52.7110	5.0	5.000	-0.5444	0.5678	-0.6174
1020	63.9239	40.3273	58.7110	5.0	5.000	0.5909	0.7503	0.2966
1021	58.8325	43.2802	55.7110	5.0	5.000	0.0260	0.9936	-0.1101
1022	60.6325	34.9273	47.0671	5.0	5.000	0.1266	0.1900	-0.9736
1023	64.2325	39.1273	60.4143	5.0	4.999	0.5417	0.6479	0.5355
1024	49.2325	30.3361	53.9110	5.0	4.999	-0.9379	-0.3110	-0.1534
1025	56.7325	41.6364	52.7110	5.0	4.999	-0.2919	0.7362	-0.6105
1026	55.2325	40.0273	51.2115	5.0	5.000	-0.3184	0.8709	-0.3744
1027	59.1325	32.2273	64.1724	5.0	5.000	0.1489	-0.2039	0.9676
1028	53.4325	33.1273	62.1907	5.0	4.999	-0.7138	-0.0479	0.6987
1029	51.0325	38.5273	55.7419	5.0	4.999	-0.9043	0.3884	-0.1771
1030	51.5197	27.4273	56.9110	5.0	4.999	-0.5301	-0.8038	0.2699
1031	61.5325	31.3273	46.8795	5.0	5.000	0.0218	-0.0966	-0.9951
1032	64.2325	37.9273	51.4310	5.0	4.999	0.6086	0.7406	-0.2846
1033	53.6276	30.1273	61.7110	5.0	4.999	-0.5438	-0.2611	0.7976
1034	64.5325	25.8805	54.5110	5.0	5.000	0.3968	-0.9001	-0.1797
1035	64.6983	39.1273	53.9110	5.0	4.999	0.6468	0.6900	-0.3250
1036	60.8071	43.0273	56.3110	5.0	4.998	0.2880	0.9576	-0.0103
1037	58.8325	42.7273	53.8167	5.0	4.999	0.0138	0.9036	-0.4282
1038	60.3325	28.9273	47.7907	5.0	5.000	-0.2057	-0.5035	-0.8391
1039	61.2325	39.3680	50.3110	5.0	5.000	0.2802	0.8367	-0.4706
1040	49.5325	30.6773	57.5110	5.0	4.999	-0.8735	-0.2610	0.4109
1041	55.8325	31.6273	63.5390	5.0	5.000	-0.3586	-0.2973	0.8849
1042	56.1325	25.6273	58.8294	5.0	4.999	-0.1527	-0.8940	0.4212
1043	58.2325	29.5620	62.9110	5.0	5.000	-0.0340	-0.6144	0.7883
1044	53.9808	28.0273	60.8110	5.0	4.999	-0.4880	-0.5924	0.6410
1045	63.9325	34.6273	47.8362	5.0	5.000	0.3890	0.3626	-0.8469
1046	55.0808	27.4273	50.3110	5.0	4.998	-0.1335	-0.7818	-0.6091
1047	59.7325	35.2273	64.0521	5.0	5.000	0.2406	0.2559	0.9363
1048	55.5325	35.4762	47.3110	5.0	4.999	-0.2946	0.2296	-0.9276
1049	64.5325	36.3633	49.4110	5.0	4.999	0.4849	0.6076	-0.6290
1050	57.0325	41.4466	60.8110	5.0	4.999	-0.2471	0.7411	0.6243
1051	66.2429	34.3273	59.9110	5.0	5.000	0.8934	-0.0268	0.4484
1052	54.6325	38.8273	49.7095	5.0	5.000	-0.4534	0.6954	-0.5575
1053	66.3827	37.0273	54.8110	5.0	5.000	0.9258	0.2896	-0.2429
1054	58.2325	39.1273	62.7261	5.0	5.000	-0.0015	0.4701	0.8826
1055	49.6280	34.6273	56.9110	5.0	5.000	-0.8696	0.4138	0.2693
1056	54.9325	37.3273	63.0664	5.0	5.000	-0.3171	0.2024	0.9265
1057	60.0325	25.0273	57.2768	5.0	4.999	0.0847	-0.9842	0.1553
1058	65.7325	26.5273	55.1837	5.0	4.999	0.6006	-0.7984	-0.0441
1059	51.7455	32.5273	49.1110	5.0	4.999	-0.5848	-0.0252	-0.8108
1060	62.4325	27.8332	48.5110	5.0	4.999	0.1120	-0.6434	-0.7573
1061	57.6325	25.0422	55.7110	5.0	5.000	0.0875	-0.9908	-0.1037
1062	56.4325	37.3273	63.3467	5.0	5.000	-0.0859	0.2036	0.9753
1063	50.7325	35.5273	51.2543	5.0	4.999	-0.7399	0.4404	-0.5086
1064	52.7810	37.6273	50.3110	5.0	4.999	-0.7110	0.5341	-0.4573
1065	49.3534	34.0273	53.3110	5.0	5.000	-0.9183	0.2664	-0.2927
1066	55.5325	41.8273	54.0008	5.0	4.999	-0.4948	0.7730	-0.3971
1067	61.8325	41.5273	53.1366	5.0	4.999	0.4766	0.7092	-0.5195
1068	56.1325	27.0313	60.8110	5.0	4.999	-0.1025	-0.7264	0.6796
1069	59.7325	37.0273	47.7554	5.0	5.000	-0.0196	0.4821	-0.8759
1070	64.9422	37.3273	61.1110	5.0	4.999	0.6454	0.3571	0.6752
1071	63.6325	30.1273	47.5034	5.0	5.000	0.3004	-0.2792	-0.9121
1072	52.2325	36.1273	61.6138	5.0	4.999	-0.6769	0.0194	0.7358
1073	51.6325	28.4790	58.7110	5.0	4.999	-0.5399	-0.6178	0.5717
1074	57.9325	43.2785	56.6110	5.0	5.000	-0.1121	0.9933	0.0280
1075	66.1195	27.1273	57.2110	5.0	4.999	0.6848	-0.6892	0.2367
1076	53.4325	31.0273	48.3943	5.0	5.000	-0.3176	-0.2114	-0.9244
1077	61.3540	28.0273	61.4110	5.0	4.998	0.3132	-0.5464	0.7767
1078	63.1525	41.5273	55.1110	5.0	4.999	0.6699	0.7157	-0.1978
1079	61.5325	30.2277	62.6110	5.0	4.999	0.1234	-0.5589	0.8200
1080	65.7325	28.3965	50.0110	5.0	4.999	0.6679	-0.5585	-0.4919
1081	61.5325	37.9273	62.7156	5.0	5.000	0.2324	0.5052	0.8311
1082	48.8856	32.2273	54.2110	5.0	5.000	-0.9940	0.0252	-0.1063
1083	66.8187	30.7273	59.6110	5.0	4.999	0.7637	-0.1344	0.6314
1084	52.8325	38.8273	61.2016	5.0	4.999	-0.5896	0.4775	0.6515
1085	58.5325	28.0273	49.2534	5.0	4.999	-0.4485	-0.6189	-0.6448
1086	64.8325	39.9122	57.2110	5.0	4.999	0.6793	0.7338	0.0003
1087	66.3325	27.5995	53.3110	5.0	4.999	0.6691	-0.6732	-0.3149
1088	59.7325	37.9273	63.0428	5.0	5.000	0.2242	0.2919	0.9298
1089	66.0723	38.2273	58.1110	5.0	5.000	0.8514	0.4887	0.1905
1090	66.3857	33.1273	49.1110	5.0	5.000	0.7199	0.1358	-0.6806
1091	68.0510	32.2273	53.0110	5.0	5.000	0.9996	-0.0045	-0.0294
1092	53.7325	26.2273	58.0953	5.0	5.000	-0.4956	-0.8210	0.2833
1093	61.5325	32.8273	63.5699	5.0	5.000	0.2177	-0.1778	0.9597
1094	52.7529	40.9273	56.9110	5.0	4.999	-0.6237	0.7816	0.0078
1095	67.8325	34.1485	55.7110	5.0	4.999	0.9302	0.3654	0.0358
1096	67.3208	34.9273	56.9110	5.0	5.000	0.8469	0.5032	0.1719
1097	56.4325	29.2273	62.3844	5.0	5.000	-0.0651	-0.4112	0.9092
1098	68.1325	31.0273	56.8672	5.0	4.999	0.9739	-0.1273	0.1879
1099	57.8448	30.7273	47.9110	5.0	4.999	-0.1905	-0.4339	-0.8806
1100	63.3325	25.3860	56.0110	5.0	5.000	0.2152	-0.9753	0.0490
1101	50.1325	32.8273	50.8623	5.0	4.999	-0.8314	0.0675	-0.5516
1102	66.3325	35.3137	50.3110	5.0	4.999	0.7126	0.5021	-0.4901
1103	50.0507	31.3273	51.2110	5.0	5.000	-0.8522	-0.1615	-0.4977
1104	65.5463	37.9273	59.9110	5.0	4.999	0.7983	0.4097	0.4414
1105	54.0325	41.4185	55.1110	5.0	5.000	-0.4515	0.8500	-0.2714
1106	59.1325	33.4273	64.3370	5.0	5.000	0.0575	-0.0653	0.9962
1107	59.4325	28.0273	61.7718	5.0	5.000	-0.0124	-0.4760	0.8794
1108	65.9069	27.4273	52.1110	5.0	4.999	0.6816	-0.7116	-0.1704
1109	51.0325	37.4382	54.5110	5.0	4.998	-0.8786	0.2499	-0.4070
1110	50.3646	36.4273	57.5110	5.0	5.000	-0.9887	0.1115	0.1002
1111	52.2325	34.6273	49.1859	5.0	5.000	-0.5414	0.3383	-0.7697
1112	67.4268	30.7273	50.9110	5.0	5.000	0.8975	-0.1869	-0.3995
1113	58.2325	39.0289	49.1110	5.0	4.999	0.1667	0.6956	-0.6988
1114	51.0325	27.6165	53.9110	5.0	4.999	-0.6291	-0.7612	-0.1574
1115	65.5677	29.2273	49.1110	5.0	4.999	0.6158	-0.4141	-0.6703
1116	58.5325	25.3273	54.3617	5.0	5.004	-0.0719	-0.9635	-0.2580
1117	54.9325	42.0635	57.5110	5.0	5.000	-0.2990	0.9490	0.0999
1118	59.7325	42.9104	58.7110	5.0	5.000	0.1192	0.9447	0.3055
1119	64.2325	28.9273	60.9595	5.0	4.999	0.3636	-0.4528	0.8141
1120	59.4325	40.6273	61.8333	5.0	4.999	0.1164	0.5974	0.7934
1121	66.1288	36.7273	52.4110	5.0	4.999	0.7362	0.6611	-0.1448
1122	60.9325	25.2127	55.4110	5.0	5.000	0.2304	-0.9634	-0.1368
1123	62.4325	37.0306	62.9110	5.0	5.000	0.3204	0.4115	0.8533
1124	60.6325	26.1299	50.9110	5.0	5.000	-0.1152	-0.9110	-0.3961
1125	66.1932	31.6273	48.8110	5.0	4.999	0.7002	-0.0950	-0.7076
1126	51.2265	39.1273	57.5110	5.0	5.000	-0.8753	0.4805	0.0546
1127	54.3325	39.9529	61.4110	5.0	4.999	-0.4017	0.6532	0.6418
1128	56.4325	34.9273	63.9983	5.0	5.000	-0.2661	0.1663	0.9495
1129	60.0325	39.7273	50.5767	5.0	4.999	0.0318	0.8377	-0.5452
1130	67.6370	33.1273	58.1110	5.0	5.000	0.8875	0.2292	0.3998
1131	51.0325	30.7273	59.6058	5.0	5.000	-0.6680	-0.2584	0.6979
1132	57.3325	43.0991	57.5110	5.0	5.000	-0.2047	0.9645	0.1667
1133	58.5325	34.9273	47.1089	5.0	5.000	-0.1642	0.1416	-0.9762
1134	58.5325	25.5638	59.0110	5.0	5.000	-0.1104	-0.9109	0.3976
1135	61.9514	42.1273	58.7110	5.0	4.999	0.4702	0.8270	0.3082
1136	66.7616	28.9273	58.7110	5.0	4.999	0.7828	-0.4085	0.4694
1137	55.8325	30.7273	63.1219	5.0	4.999	-0.4040	-0.4347	0.8049
1138	51.9325	29.2273	50.1253	5.0	4.999	-0.5909	-0.4862	-0.6437
1139	52.8325	26.4078	55.1110	5.0	5.000	-0.3325	-0.9428	0.0238
1140	61.0336	25.3273	57.8110	5.0	4.999	0.2813	-0.9375	0.2051
1141	53.1325	29.2273	49.3170	5.0	4.999	-0.4077	-0.4855	-0.7734
1142	65.3072	39.1273	55.4110	5.0	4.999	0.7199	0.6668	-0.1927
1143	54.9325	34.0273	47.3868	5.0	5.000	-0.3435	-0.0113	-0.9391
1144	63.6325	25.7675	57.5110	5.0	5.000	0.2626	-0.9231	0.2811
1145	66.4743	35.8273	59.3110	5.0	5.000	0.9195	0.0648	0.3877
1146	51.6325	35.5273	60.9186	5.0	4.999	-0.7870	-0.0735	0.6125
1147	64.6557	36.4273	61.7110	5.0	4.999	0.6465	0.1975	0.7369
1148	51.9325	39.6988	55.1110	5.0	5.000	-0.7640	0.5659	-0.3099
1149	66.5731	37.0273	55.7110	5.0	5.000	0.9446	0.2925	-0.1488
1150	63.8662	26.5273	50.9110	5.0	4.999	0.3930	-0.8484	-0.3546
1151	49.5655	30.4273	52.7110	5.0	5.000	-0.8816	-0.3159	-0.3508
1152	58.2981	32.2273	47.3110	5.0	4.999	-0.2107	-0.2911	-0.9332
1153	64.8325	27.5984	59.6110	5.0	4.999	0.4499	-0.6325	0.6305
1154	63.9325	40.4102	54.5110	5.0	4.999	0.7916	0.5149	-0.3291
1155	60.6325	42.9214	55.1110	5.0	5.000	0.2453	0.9387	-0.2421
1156	56.7325	24.9881	56.3110	5.0	5.000	-0.0093	-0.9991	0.0415
1157	56.1325	29.2273	48.7403	5.0	5.000	0.0493	-0.4721	-0.8802
1158	53.1325	31.3273	61.5622	5.0	4.999	-0.6289	-0.0151	0.7773
1159	57.0325	38.5273	48.5671	5.0	5.000	-0.0714	0.6547	-0.7525
1160	52.2325	33.1273	60.7334	5.0	4.999	-0.7124	-0.2591	0.6522
1161	56.4325	40.3477	61.7110	5.0	5.000	-0.0472	0.7123	0.7003
1162	55.8325	25.4184	54.2110	5.0	5.000	-0.2047	-0.9320	-0.2992
1163	63.8435	40.9273	57.5110	5.0	4.999	0.7702	0.6245	0.1298
1164	59.7325	26.2487	60.2110	5.0	5.000	0.0830	-0.7657	0.6378
1165	60.6325	42.9564	57.8110	5.0	5.000	0.2579	0.9423	0.2136
1166	60.3325	31.9200	63.8110	5.0	5.000	0.3325	-0.2941	0.8961
1167	66.9325	33.2521	59.3110	5.0	4.998	0.8075	0.2324	0.5422
1168	63.6325	32.8273	47.2197	5.0	5.000	0.2986	0.0882	-0.9503
1169	67.8325	33.7273	52.8231	5.0	4.998	0.9807	0.1800	-0.0758
1170	57.9325	41.5273	52.1433	5.0	5.000	-0.1228	0.7025	-0.7010
1171	63.9325	39.1273	52.8039	5.0	4.999	0.5137	0.7006	-0.4952
1172	61.2325	36.7273	47.8076	5.0	5.000	0.2253	0.4342	-0.8722
1173	55.2325	42.1273	55.3559	5.0	4.999	-0.5394	0.8165	-0.2057
1174	62.1325	27.0898	60.2110	5.0	5.000	0.4097	-0.6764	0.6120
1175	68.0092	31.3273	53.6110	5.0	5.000	0.9952	-0.0967	0.0167
1176	62.5127	40.3273	52.4110	5.0	4.999	0.5140	0.5606	-0.6493
1177	54.6325	41.2273	59.9597	5.0	4.999	-0.3182	0.8476	0.4246
1178	66.0325	27.6727	58.4110	5.0	4.999	0.6708	-0.5823	0.4592
1179	52.5889	38.5273	52.4110	5.0	4.999	-0.7633	0.6343	-0.1225
1180	56.4325	28.0024	61.7110	5.0	5.000	-0.1043	-0.5975	0.7951
1181	59.8785	25.9273	52.1110	5.0	4.998	-0.2558	-0.9312	-0.2597
1182	53.4325	26.3868	53.6110	5.0	5.000	-0.3247	-0.9335	-0.1523
1183	63.6325	26.6888	59.3110	5.0	4.999	0.3193	-0.7752	0.5452
1184	50.7325	34.9273	59.0950	5.0	4.999	-0.9418	-0.0717	0.3284
1185	54.6325	26.5273	51.9203	5.0	4.999	-0.1663	-0.9100	-0.3797
1186	49.3316	31.9273	57.5110	5.0	5.000	-0.9112	-0.0201	0.4115
1187	48.9010	32.8273	55.7110	5.0	5.000	-0.9845	0.1216	0.1263
1188	55.5325	25.1467	56.3110	5.0	5.000	-0.2034	-0.9782	0.0418
1189	60.8114	26.2273	59.9110	5.0	4.998	0.2267	-0.8110	0.5393
1190	50.2306	33.7273	58.7110	5.0	4.999	-0.7560	0.2664	0.5978
1191	67.3987	29.5273	52.1110	5.0	5.000	0.9114	-0.3750	-0.1694
1192	51.0325	37.2658	59.6110	5.0	4.999	-0.9036	0.2044	0.3764
1193	62.2130	25.6273	53.0110	5.0	5.002	0.1349	-0.9766	-0.1674
1194	59.4325	28.0273	48.7251	5.0	4.999	-0.2961	-0.6401	-0.7090
1195	49.8325	35.5893	54.8110	5.0	4.999	-0.8254	0.5614	-0.0589
1196	67.9374	29.8273	56.6110	5.0	5.000	0.9328	-0.3090	0.1853
1197	56.1325	40.0273	50.6053	5.0	5.000	-0.2153	0.8835	-0.4160
1198	65.1325	33.1273	61.6106	5.0	4.999	0.7449	-0.0242	0.6667
1199	62.8992	38.5273	50.3110	5.0	4.999	0.5054	0.7023	-0.5013
1200	61.8325	42.4766	57.8110	5.0	5.000	0.4636	0.8592	0.2162
1201	57.0325	36.0774	63.8110	5.0	4.999	-0.2210	0.3529	0.9092
1202	57.6325	32.8273	47.1355	5.0	5.000	0.0954	-0.2045	-0.9742
1203	58.8325	36.1273	63.9045	5.0	5.000	0.0569	0.3931	0.9177
1204	64.1292	30.7273	61.7110	5.0	4.999	0.5584	-0.4116	0.7203
1205	52.8325	35.9884	49.1110	5.0	4.998	-0.6707	0.3227	-0.6678
1206	57.6325	26.9655	51.2110	5.0	4.999	0.2381	-0.7954	-0.5574
1207	50.1316	31.0273	58.7110	5.0	5.000	-0.7919	-0.2172	0.5708
1208	64.6752	26.5273	52.1110	5.0	4.999	0.4378	-0.8830	-0.1693
1209	52.7047	35.2273	62.0110	5.0	4.999	-0.6480	-0.0736	0.7581
1210	49.8863	34.9273	52.4110	5.0	5.000	-0.8828	0.3440	-0.3199
1211	50.9017	36.4273	52.1110	5.0	4.999	-0.7233	0.6147	-0.3146
1212	51.9325	29.8273	59.9260	5.0	5.003	-0.5250	-0.4086	0.7466
1213	57.6325	27.4273	61.2220	5.0	4.999	0.1055	-0.6796	0.7260
1214	63.3325	31.9273	62.7464	5.0	5.000	0.4187	-0.2210	0.8808
1215	66.2500	36.7273	53.6110	5.0	4.999	0.7101	0.6546	-0.2594
1216	57.3325	26.1053	52.4110	5.0	5.000	-0.0098	-0.8607	-0.5090
1217	50.6801	37.9273	57.5110	5.0	5.000	-0.9536	0.2962	0.0535
1218	64.8325	28.0273	49.4763	5.0	4.999	0.4844	-0.6496	-0.5860
1219	55.5325	31.6273	47.7873	5.0	5.000	-0.3157	-0.1913	-0.9294
1220	62.7325	36.7494	48.5110	5.0	5.000	0.5116	0.4754	-0.7157
1221	53.5556	36.4273	62.6110	5.0	4.999	-0.5066	0.1134	0.8547
1222	63.6325	27.1273	49.7002	5.0	5.000	0.3497	-0.7604	-0.5472
1223	59.4325	38.5273	48.9209	5.0	4.999	0.0284	0.7145	-0.6990
1224	58.8325	37.0273	47.8264	5.0	5.000	0.1466	0.4797	-0.8651
1225	66.4264	36.7273	59.0110	5.0	5.000	0.9212	0.2607	0.2888
1226	66.8294	35.5273	58.1110	5.0	5.000	0.9892	0.0170	0.1457
1227	55.2325	27.4273	60.9527	5.0	4.999	-0.2929	-0.6762	0.6760
1228	62.1325	26.2273	50.5974	5.0	5.000	0.1130	-0.8889	-0.4439
1229	56.4325	31.0273	47.9113	5.0	5.000	-0.1416	-0.5372	-0.8315
1230	60.0325	34.0273	46.9210	5.0	5.000	0.0291	0.0441	-0.9986
1231	67.5325	34.6948	54.8110	5.0	4.999	0.8849	0.4547	-0.1007
1232	57.3325	28.6273	49.2956	5.0	4.999	0.2297	-0.5894	-0.7745
1233	56.1325	33.1273	63.9946	5.0	5.000	-0.3573	-0.0657	0.9317
1234	57.3325	31.6273	63.9787	5.0	5.000	-0.1277	-0.2967	0.9464
1235	61.2325	41.2804	52.4110	5.0	4.999	0.3798	0.6984	-0.6067
1236	61.2616	42.1273	53.6110	5.0	4.999	0.3406	0.8104	-0.4767
1237	59.4325	32.5273	47.0720	5.0	5.000	-0.0675	-0.1979	-0.9779
1238	63.6325	36.1273	48.6663	5.0	4.999	0.3146	0.5644	-0.7632
1239	64.2325	26.1780	53.0110	5.0	5.000	0.3759	-0.8869	-0.2685
1240	58.8325	24.9533	56.6110	5.0	5.000	-0.1094	-0.9939	0.0093
1241	64.2325	34.6273	62.4868	5.0	4.999	0.6321	0.0137	0.7747
1242	61.5325	27.1553	49.1110	5.0	5.000	0.0214	-0.7804	-0.6249
1243	56.7325	25.1268	57.5110	5.0	5.000	-0.0581	-0.9806	0.1872
1244	55.2325	36.7273	47.8230	5.0	5.000	-0.3415	0.3767	-0.8611
1245	62.4325	35.8273	63.3272	5.0	5.000	0.3258	0.1947	0.9252
1246	50.7765	32.2273	59.6110	5.0	5.000	-0.6672	0.0281	0.7443
1247	51.6325	31.0755	49.4110	5.0	4.999	-0.6211	-0.2061	-0.7561
1248	49.4394	33.1273	52.4110	5.0	5.000	-0.9458	0.0660	-0.3180
1249	52.5325	39.7273	59.9936	5.0	4.999	-0.6797	0.5681	0.4639
1250	50.1325	29.2273	52.6832	5.0	4.999	-0.7815	-0.5140	-0.3538
1251	53.9543	29.5273	48.8110	5.0	4.999	-0.2685	-0.4854	-0.8321
1252	62.5396	41.5273	53.9110	5.0	4.999	0.5780	0.7195	-0.3850
1253	51.6325	37.6273	53.4293	5.0	5.017	-0.6394	0.7567	-0.1365
1254	54.0325	34.6273	47.8361	5.0	5.000	-0.4863	0.0377	-0.8730
1255	54.0325	25.7235	56.6110	5.0	5.000	-0.4921	-0.8660	0.0888
1256	50.2108	28.3273	54.8110	5.0	4.999	-0.7626	-0.6465	-0.0240
1257	67.6964	31.9273	51.2110	5.0	5.000	0.9347	-0.0501	-0.3518
1258	56.6135	26.2273	59.9110	5.0	4.998	-0.0571	-0.7801	0.6231
1259	52.1699	40.3273	57.8110	5.0	4.999	-0.7131	0.6941	0.0984
1260	52.8325	32.6198	61.4110	5.0	4.999	-0.7320	-0.1808	0.6569
1261	66.8564	29.2273	50.9110	5.0	5.000	0.8404	-0.4153	-0.3482
1262	50.7137	34.6273	50.6110	5.0	5.000	-0.7675	0.3384	-0.5445
1263	51.6325	37.3273	60.6423	5.0	4.999	-0.8223	0.2474	0.5124
1264	62.4325	38.2273	62.2345	5.0	5.000	0.3038	0.4570	0.8360
1265	60.3325	42.2118	59.9110	5.0	5.000	0.2580	0.8330	0.4895
1266	58.5325	40.5533	51.2110	5.0	4.999	-0.0797	0.5758	-0.8137
1267	49.1538	33.7273	56.3110	5.0	5.000	-0.9488	0.2670	0.1686
1268	54.9325	29.8273	62.2712	5.0	5.000	-0.3469	-0.2578	0.9018
1269	53.4325	29.2273	61.2177	5.0	4.999	-0.5833	-0.3493	0.7333
1270	68.1653	32.8273	54.8110	5.0	5.000	0.9717	0.1941	-0.1345
1271	57.3325	25.1550	54.8110	5.0	5.000	0.0870	-0.9647	-0.2485
1272	56.1325	38.2273	63.0388	5.0	5.000	-0.1327	0.3412	0.9306
1273	62.7325	30.7273	62.5434	5.0	5.000	0.3184	-0.4606	0.8285
1274	57.0325	42.3435	53.6110	5.0	5.000	-0.2996	0.8486	-0.4360
1275	53.7325	40.6273	53.8429	5.0	4.999	-0.4680	0.7306	-0.4971
1276	62.1838	42.4273	56.6110	5.0	4.999	0.5233	0.8521	-0.0106
1277	52.5325	27.0256	57.5110	5.0	4.999	-0.6909	-0.6824	0.2389
1278	54.2065	39.7273	51.8110	5.0	4.999	-0.5180	0.8242	-0.2288
1279	55.2325	25.7772	58.7110	5.0	5.000	-0.2544	-0.8878	0.3836
1280	51.9325	26.8704	55.7110	5.0	5.000	-0.4858	-0.8654	0.1226
1281	62.1325	32.2273	46.8608	5.0	5.000	0.1137	0.0415	-0.9926
1282	55.2325	40.0273	61.7493	5.0	5.000	-0.2201	0.6501	0.7273
1283	65.5765	30.7273	60.8110	5.0	4.999	0.5966	-0.1387	0.7905
1284	57.9325	43.0133	58.4110	5.0	5.000	-0.1116	0.9597	0.2580
1285	54.0325	32.5273	48.0199	5.0	5.000	-0.2883	-0.0366	-0.9568
1286	62.1325	38.3017	49.4110	5.0	4.999	0.3674	0.6654	-0.6499
1287	67.2231	28.9273	53.0110	5.0	5.000	0.8535	-0.5095	-0.1093
1288	50.2858	28.3273	56.0110	5.0	4.999	-0.7771	-0.6054	0.1720
1289	62.7325	34.3273	63.3758	5.0	5.000	0.3695	0.0138	0.9291
1290	61.8325	41.7364	59.6110	5.0	4.999	0.4445	0.7482	0.4926
1291	58.5325	27.1273	61.0669	5.0	5.000	-0.1077	-0.6688	0.7356
1292	53.4969	27.4273	50.9110	5.0	4.999	-0.3600	-0.7558	-0.5469
1293	56.1325	37.0273	47.7168	5.0	5.000	-0.1965	0.4260	-0.8831
1294	52.2990	33.4273	48.8110	5.0	4.999	-0.4978	0.1111	-0.8602
1295	65.4325	35.8613	49.7110	5.0	5.000	0.6122	0.5418	-0.5758
1296	67.8325	31.6273	58.0049	5.0	4.999	0.9318	0.0016	0.3630
1297	57.3325	40.0026	50.3110	5.0	5.000	0.0240	0.8852	-0.4646
1298	50.5250	29.5273	58.4110	5.0	4.999	-0.7058	-0.4489	0.5480
1299	60.3325	38.2273	48.6864	5.0	4.999	0.1280	0.6361	-0.7609
1300	53.7325	27.1171	59.6110	5.0	5.000	-0.4992	-0.6844	0.5314
1301	51.2949	38.8273	58.7110	5.0	5.000	-0.8692	0.4320	0.2406
1302	59.4325	42.9761	54.5110	5.0	5.000	0.0593	0.9412	-0.3327
1303	57.0325	34.6273	46.9687	5.0	5.000	-0.0505	0.0856	-0.9951
1304	63.0325	39.6340	60.8110	5.0	4.999	0.4225	0.6711	0.6092
1305	54.8742	41.8273	58.7110	5.0	4.999	-0.3152	0.9056	0.2836
1306	67.2325	28.2837	56.6110	5.0	4.999	0.8566	-0.4960	0.1422
1307	50.6606	36.7273	55.1110	5.0	5.004	-0.7794	0.6193	0.0949
1308	63.0325	28.6273	61.2174	5.0	5.000	0.1798	-0.4538	0.8728
1309	57.3325	25.9273	59.4654	5.0	4.999	0.0385	-0.8540	0.5188
1310	58.2325	42.2012	60.2110	5.0	5.000	-0.1104	0.8154	0.5682
1311	66.3325	31.6273	60.2756	5.0	4.999	0.6817	0.0016	0.7316
1312	52.0674	37.0273	50.9110	5.0	4.999	-0.8376	0.4005	-0.3716
1313	54.0325	41.7300	57.2110	5.0	5.000	-0.4109	0.9116	0.0080
1314	60.9325	28.0273	48.3038	5.0	4.999	-0.1183	-0.6127	-0.7814
1315	60.3325	30.1273	47.2592	5.0	5.000	-0.2100	-0.3283	-0.9209
1316	64.7140	38.5273	60.5110	5.0	4.999	0.6414	0.5015	0.5806
1317	52.6898	30.7273	61.1110	5.0	4.999	-0.6936	-0.1634	0.7016
1318	51.9325	28.4202	50.9110	5.0	4.999	-0.5627	-0.6443	-0.5178
1319	64.2325	32.2273	47.4157	5.0	5.000	0.3917	0.0420	-0.9191
1320	67.1198	28.0273	54.8110	5.0	4.999	0.8412	-0.5335	-0.0881
1321	55.2325	34.8311	63.5110	5.0	4.999	-0.4968	0.1660	0.8518
1322	57.3325	34.0273	64.3137	5.0	5.000	-0.1727	0.0270	0.9846
1323	67.7531	30.1273	53.3110	5.0	5.000	0.9305	-0.3219	-0.1747
1324	50.4781	36.1273	58.4110	5.0	5.000	-0.9710	0.0196	0.2384
1325	55.8325	42.4273	58.0466	5.0	4.999	-0.4345	0.8752	0.2128
1326	64.2325	33.4273	62.4137	5.0	5.000	0.5985	-0.0999	0.7949
1327	52.8325	40.8940	56.0110	5.0	5.000	-0.6295	0.7661	-0.1300
1328	64.5325	33.4273	47.7125	5.0	5.000	0.4793	0.2231	-0.8489
1329	61.2325	33.1273	46.9206	5.0	5.000	-0.0243	0.1337	-0.9907
1330	51.5695	35.2273	50.0110	5.0	4.999	-0.5871	0.4346	-0.6829
1331	54.6325	26.0421	53.6110	5.0	5.004	-0.3958	-0.8363	-0.3794
1332	63.3325	25.6708	53.6110	5.0	5.000	0.2137	-0.9381	-0.2727
1333	51.0325	32.8273	49.7348	5.0	5.000	-0.7278	0.0202	-0.6855
1334	57.6325	38.2273	63.1343	5.0	5.000	-0.0459	0.3804	0.9237
1335	52.7598	28.3273	59.9110	5.0	4.999	-0.6777	-0.4952	0.5436
1336	64.1991	39.7273	59.6110	5.0	4.999	0.5846	0.6878	0.4302
1337	60.3325	25.5857	53.0110	5.0	5.000	-0.1395	-0.9588	-0.2475
1338	52.8325	32.5273	48.4543	5.0	5.000	-0.4079	-0.0258	-0.9126
1339	61.5435	40.6273	61.1110	5.0	5.000	0.4346	0.5556	0.7089
1340	53.5475	38.2273	50.0110	5.0	4.999	-0.5761	0.6368	-0.5125
1341	60.5598	37.3273	63.2110	5.0	4.999	0.0560	0.4635	0.8843
1342	55.8325	38.8639	49.1110	5.0	5.000	-0.2214	0.6625	-0.7156
1343	59.4325	25.6771	53.3110	5.0	5.000	-0.1664	-0.9227	-0.3478
1344	56.1325	41.5273	60.2054	5.0	5.000	-0.3822	0.7282	0.5689
1345	60.1107	31.6273	47.0110	5.0	4.999	-0.2081	-0.0503	-0.9768
1346	58.8325	34.3273	64.3440	5.0	5.000	0.0577	0.0730	0.9957
1347	64.5325	25.7922	55.7110	5.0	5.000	0.3992	-0.9169	0.0027
1348	67.1039	35.5273	53.0110	5.0	5.000	0.8765	0.4715	-0.0977
1349	65.7325	33.4273	60.8719	5.0	4.999	0.8258	-0.0243	0.5634
1350	60.6325	39.7273	62.1222	5.0	5.000	0.2534	0.4664	0.8475
1351	57.9325	27.7273	50.1443	5.0	4.999	-0.5296	-0.6936	-0.4883
1352	59.1325	31.0273	63.7636	5.0	5.000	0.1512	-0.4324	0.8889
1353	50.1325	35.6755	56.6110	5.0	4.999	-0.8042	0.5539	0.2154
1354	51.6325	33.7273	60.3083	5.0	4.999	-0.7270	0.1934	0.6588
1355	63.9325	36.7273	62.1893	5.0	4.999	0.5505	0.3754	0.7457
1356	62.4325	25.2290	55.1110	5.0	5.000	0.1222	-0.9885	-0.0891
1357	50.7275	30.4273	50.6110	5.0	5.000	-0.7488	-0.3535	-0.5606
1358	56.7325	42.9713	56.0110	5.0	5.000	-0.2975	0.9482	-0.1111
1359	55.5325	28.3273	49.3601	5.0	5.000	-0.0432	-0.6130	-0.7889
1360	53.7325	38.5273	62.0769	5.0	5.000	-0.4958	0.3839	0.7790
1361	50.9873	34.6273	59.6110	5.0	5.000	-0.8940	-0.1626	0.4175
1362	62.4325	30.1273	47.2049	5.0	5.000	0.1584	-0.3251	-0.9323
1363	54.6325	37.4544	48.5110	5.0	4.999	-0.3854	0.5178	-0.7638
1364	53.4325	34.0273	62.2612	5.0	5.000	-0.6439	-0.0663	0.7622
1365	59.7325	25.2350	54.5110	5.0	5.000	0.0835	-0.9410	-0.3279
1366	62.4325	25.6157	57.8110	5.0	5.000	0.1315	-0.9243	0.3582
1367	61.8530	39.7273	51.5110	5.0	5.000	0.3755	0.8688	-0.3229
1368	60.9325	34.6273	63.8552	5.0	5.000	0.1003	0.0589	0.9932
1369	53.1325	37.0273	49.3868	5.0	5.000	-0.6669	0.4176	-0.6172
1370	62.1325	34.3273	47.2513	5.0	5.000	0.1145	0.3183	-0.9411
1371	59.1325	28.9961	62.3110	5.0	4.999	0.1036	-0.3957	0.9125
1372	63.6743	41.2273	56.3110	5.0	5.000	0.7285	0.6828	-0.0556
1373	49.1975	30.1273	55.1110	5.0	5.000	-0.9496	-0.3134	-0.0096
1374	54.9325	25.4207	55.1110	5.0	5.000	-0.3017	-0.9409	-0.1536
1375	62.7325	25.9667	51.5110	5.0	5.000	0.1591	-0.9528	-0.2587
1376	59.3965	29.2273	47.9110	5.0	4.999	-0.3519	-0.4260	-0.8335
1377	67.4402	33.4273	50.9110	5.0	5.000	0.8907	0.2237	-0.3958
1378	53.5797	26.5273	52.7110	5.0	4.998	-0.3243	-0.9145	-0.2420
1379	55.5325	30.1273	48.2838	5.0	5.000	-0.0400	-0.3501	-0.9359
1380	55.0390	42.1273	56.3110	5.0	4.999	-0.5616	0.8272	-0.0190
1381	63.3325	28.6273	48.1383	5.0	5.000	0.2922	-0.5430	-0.7873
1382	64.6081	29.5273	48.2110	5.0	4.999	0.4907	-0.3785	-0.7848
1383	62.5602	42.1273	55.7110	5.0	4.999	0.5751	0.8115	-0.1041
1384	49.5325	33.7274	57.5110	5.0	5.000	-0.9049	0.2200	0.3643
1385	51.3325	38.5273	54.7734	5.0	4.999	-0.8271	0.4326	-0.3588
1386	65.1325	39.5022	58.1110	5.0	4.999	0.7133	0.6744	0.1905
1387	66.1377	29.5273	59.9110	5.0	4.999	0.6587	-0.3588	0.6614
1388	54.6325	36.1273	63.1382	5.0	5.000	-0.3176	0.0199	0.9480
1389	65.4325	26.4053	56.6110	5.0	4.999	0.5391	-0.8207	0.1892
1390	62.8887	40.9273	59.6110	5.0	4.999	0.6286	0.6268	0.4603
1391	60.0325	40.6273	51.3757	5.0	4.999	0.1495	0.6046	-0.7824
1392	62.1325	29.2597	61.7110	5.0	5.000	0.4047	-0.3587	0.8412
1393	66.3325	27.0883	54.8110	5.0	5.000	0.7252	-0.6825	-0.0908
1394	61.8325	35.5273	47.5194	5.0	5.000	0.3680	0.2380	-0.8988
1395	54.9325	32.0809	63.2110	5.0	4.998	-0.5412	-0.2485	0.8033
1396	65.4931	35.2273	61.1110	5.0	5.000	0.8206	0.1049	0.5618
1397	63.0325	38.8273	61.5827	5.0	4.999	0.4012	0.5539	0.7296
1398	48.8617	31.6273	55.1110	5.0	5.000	-0.9927	-0.1200	-0.0095
1399	66.0325	30.4273	48.9362	5.0	4.999	0.6738	-0.2851	-0.6817
1400	64.5325	38.2273	52.4385	5.0	5.000	0.6175	0.5635	-0.5488
1401	65.2637	39.4273	56.3110	5.0	4.999	0.7437	0.6521	-0.1474
1402	56.4325	36.1693	47.3110	5.0	4.999	-0.0994	0.2785	-0.9553
1403	65.4325	31.9273	48.1251	5.0	5.000	0.6271	-0.0513	-0.7772
1404	61.8325	26.0754	59.0110	5.0	4.999	0.3770	-0.8112	0.4471
1405	59.7325	41.8273	52.4640	5.0	4.999	0.1043	0.7491	-0.6542
1406	53.7325	32.2034	62.3110	5.0	5.000	-0.6358	-0.2173	0.7406
1407	64.3048	40.3273	57.5110	5.0	5.011	0.5902	0.7953	0.1387
1408	67.5325	34.3569	52.1110	5.0	4.999	0.9328	0.3185	-0.1685
1409	63.3325	41.3988	57.8110	5.0	4.999	0.6976	0.6958	0.1710
1410	49.0531	33.4273	53.9110	5.0	5.000	-0.9733	0.1700	-0.1543
1411	68.0692	30.1273	54.8110	5.0	5.000	0.9721	-0.2169	-0.0889
1412	56.1325	40.4853	51.8110	5.0	5.000	-0.2700	0.7868	-0.5550
1413	65.7325	38.2273	54.5924	5.0	4.999	0.8119	0.4779	-0.3353
1414	67.8325	30.4273	57.6155	5.0	4.999	0.9353	-0.2183	0.2785
1415	67.8325	33.7273	56.9819	5.0	4.999	0.9204	0.3235	0.2197
1416	49.2325	30.2348	56.0110	5.0	4.998	-0.9343	-0.3128	0.1709
1417	59.4325	25.1677	58.1110	5.0	5.000	0.0361	-0.9672	0.2514
1418	67.0340	31.0273	50.0110	5.0	5.000	0.8516	-0.1910	-0.4882
1419	49.6158	34.9273	53.6110	5.0	5.000	-0.9181	0.3658	-0.1525
1420	63.9325	37.5168	50.3110	5.0	4.999	0.6679	0.5342	-0.5183
1421	59.1325	37.3273	63.3414	5.0	5.000	0.1767	0.2443	0.9535
1422	54.3325	40.7434	60.5110	5.0	4.999	-0.3574	0.7503	0.5561
1423	59.4325	43.3086	56.6110	5.0	5.000	0.0261	0.9993	0.0279
1424	60.9325	25.1307	56.3110	5.0	5.000	0.2300	-0.9724	-0.0394
1425	54.2151	34.3273	62.9110	5.0	4.999	-0.6440	-0.0218	0.7648
1426	53.7325	28.3662	49.7110	5.0	5.000	-0.3112	-0.6169	-0.7229
1427	66.5962	34.0273	49.7110	5.0	5.000	0.7626	0.2753	-0.5854
1428	66.0325	27.8949	51.2110	5.0	4.999	0.6695	-0.6520	-0.3560
1429	49.9079	29.2273	56.9110	5.0	5.000	-0.8082	-0.5002	0.3107
1430	58.8325	42.1273	52.7719	5.0	4.999	-0.0329	0.8170	-0.5756
1431	56.2628	27.1273	50.6110	5.0	4.998	0.0484	-0.8255	-0.5624
1432	61.5325	25.3951	53.9110	5.0	5.000	-0.0161	-0.9895	-0.1438
1433	66.5720	37.3273	56.9110	5.0	5.000	0.9497	0.3095	-0.0486
1434	57.6325	42.7772	54.2110	5.0	5.000	-0.2014	0.9029	-0.3798
1435	53.0093	38.5273	51.2110	5.0	4.999	-0.6704	0.6442	-0.3682
1436	53.2073	35.2273	48.5110	5.0	4.999	-0.6444	0.1857	-0.7418
1437	58.5325	41.5273	61.0791	5.0	5.000	-0.0203	0.7210	0.6926
1438	66.8980	35.8273	56.9110	5.0	5.000	0.9979	0.0655	0.0003
1439	59.1325	27.2654	49.7110	5.0	4.999	-0.3868	-0.7243	-0.5708
1440	52.5325	31.3273	48.7378	5.0	5.000	-0.4943	-0.1615	-0.8542
1441	57.6325	36.9859	47.6110	5.0	4.999	0.0452	0.4730	-0.8799
1442	52.5786	39.4273	53.6110	5.0	4.999	-0.6497	0.5351	-0.5399
1443	58.2325	32.5273	64.2881	5.0	5.000	0.0115	-0.1574	0.9875
1444	60.6325	29.8273	62.5748	5.0	5.000	0.3744	-0.5637	0.7363
1445	62.7325	27.8949	60.8110	5.0	4.999	0.1751	-0.5774	0.7975
1446	65.7139	31.9273	60.8110	5.0	5.000	0.6317	0.0470	0.7738
1447	61.2325	30.7273	62.9293	5.0	5.000	0.1271	-0.4214	0.8979
