# run	level	environment	geometry	n_point_charges
L1_bare_R	L1	bare	R	0
L1_bare_TS	L1	bare	TS	0
L1_ALONE_R90_R	L1	ALONE_R90	R	24
L1_ALONE_R90_TS	L1	ALONE_R90	TS	24
L1_ALONE_R7_R	L1	ALONE_R7	R	24
L1_ALONE_R7_TS	L1	ALONE_R7	TS	24
L1_ALONE_E78_R	L1	ALONE_E78	R	15
L1_ALONE_E78_TS	L1	ALONE_E78	TS	15
L1_ALONE_R116_R	L1	ALONE_R116	R	24
L1_ALONE_R116_TS	L1	ALONE_R116	TS	24
L1_ALONE_R63p_R	L1	ALONE_R63p	R	24
L1_ALONE_R63p_TS	L1	ALONE_R63p	TS	24
L1_ALONE_K60p_R	L1	ALONE_K60p	R	22
L1_ALONE_K60p_TS	L1	ALONE_K60p	TS	22
L1_P37p_R	L1	P37p	R	1
L1_P37p_TS	L1	P37p	TS	1
L1_P37m_R	L1	P37m	R	1
L1_P37m_TS	L1	P37m	TS	1
L1_P52p_R	L1	P52p	R	1
L1_P52p_TS	L1	P52p	TS	1
L1_P52m_R	L1	P52m	R	1
L1_P52m_TS	L1	P52m	TS	1
L1_P87p_R	L1	P87p	R	1
L1_P87p_TS	L1	P87p	TS	1
L1_P87m_R	L1	P87m	R	1
L1_P87m_TS	L1	P87m	TS	1
L1_P209p_R	L1	P209p	R	1
L1_P209p_TS	L1	P209p	TS	1
L1_P209m_R	L1	P209m	R	1
L1_P209m_TS	L1	P209m	TS	1
L1_P211p_R	L1	P211p	R	1
L1_P211p_TS	L1	P211p	TS	1
L1_P211m_R	L1	P211m	R	1
L1_P211m_TS	L1	P211m	TS	1
L2_bare_R	L2	bare	R	0
L2_bare_TS	L2	bare	TS	0
L2_ALONE_R90_R	L2	ALONE_R90	R	24
L2_ALONE_R90_TS	L2	ALONE_R90	TS	24
L2_ALONE_R7_R	L2	ALONE_R7	R	24
L2_ALONE_R7_TS	L2	ALONE_R7	TS	24
L2_ALONE_E78_R	L2	ALONE_E78	R	15
L2_ALONE_E78_TS	L2	ALONE_E78	TS	15
L2_ALONE_R116_R	L2	ALONE_R116	R	24
L2_ALONE_R116_TS	L2	ALONE_R116	TS	24
L2_ALONE_R63p_R	L2	ALONE_R63p	R	24
L2_ALONE_R63p_TS	L2	ALONE_R63p	TS	24
L2_ALONE_K60p_R	L2	ALONE_K60p	R	22
L2_ALONE_K60p_TS	L2	ALONE_K60p	TS	22
L2_P37p_R	L2	P37p	R	1
L2_P37p_TS	L2	P37p	TS	1
L2_P37m_R	L2	P37m	R	1
L2_P37m_TS	L2	P37m	TS	1
L2_P52p_R	L2	P52p	R	1
L2_P52p_TS	L2	P52p	TS	1
L2_P52m_R	L2	P52m	R	1
L2_P52m_TS	L2	P52m	TS	1
L2_P87p_R	L2	P87p	R	1
L2_P87p_TS	L2	P87p	TS	1
L2_P87m_R	L2	P87m	R	1
L2_P87m_TS	L2	P87m	TS	1
L2_P209p_R	L2	P209p	R	1
L2_P209p_TS	L2	P209p	TS	1
L2_P209m_R	L2	P209m	R	1
L2_P209m_TS	L2	P209m	TS	1
L2_P211p_R	L2	P211p	R	1
L2_P211p_TS	L2	P211p	TS	1
L2_P211m_R	L2	P211m	R	1
L2_P211m_TS	L2	P211m	TS	1
L3_bare_R	L3	bare	R	0
L3_bare_TS	L3	bare	TS	0
L3_ALONE_R90_R	L3	ALONE_R90	R	24
L3_ALONE_R90_TS	L3	ALONE_R90	TS	24
L3_ALONE_R7_R	L3	ALONE_R7	R	24
L3_ALONE_R7_TS	L3	ALONE_R7	TS	24
L3_ALONE_E78_R	L3	ALONE_E78	R	15
L3_ALONE_E78_TS	L3	ALONE_E78	TS	15
L3_ALONE_R116_R	L3	ALONE_R116	R	24
L3_ALONE_R116_TS	L3	ALONE_R116	TS	24
L3_ALONE_R63p_R	L3	ALONE_R63p	R	24
L3_ALONE_R63p_TS	L3	ALONE_R63p	TS	24
L3_ALONE_K60p_R	L3	ALONE_K60p	R	22
L3_ALONE_K60p_TS	L3	ALONE_K60p	TS	22
L3_P37p_R	L3	P37p	R	1
L3_P37p_TS	L3	P37p	TS	1
L3_P37m_R	L3	P37m	R	1
L3_P37m_TS	L3	P37m	TS	1
L3_P52p_R	L3	P52p	R	1
L3_P52p_TS	L3	P52p	TS	1
L3_P52m_R	L3	P52m	R	1
L3_P52m_TS	L3	P52m	TS	1
L3_P87p_R	L3	P87p	R	1
L3_P87p_TS	L3	P87p	TS	1
L3_P87m_R	L3	P87m	R	1
L3_P87m_TS	L3	P87m	TS	1
L3_P209p_R	L3	P209p	R	1
L3_P209p_TS	L3	P209p	TS	1
L3_P209m_R	L3	P209m	R	1
L3_P209m_TS	L3	P209m	TS	1
L3_P211p_R	L3	P211p	R	1
L3_P211p_TS	L3	P211p	TS	1
L3_P211m_R	L3	P211m	R	1
L3_P211m_TS	L3	P211m	TS	1
L4_bare_R	L4	bare	R	0
L4_bare_TS	L4	bare	TS	0
L4_ALONE_R90_R	L4	ALONE_R90	R	24
L4_ALONE_R90_TS	L4	ALONE_R90	TS	24
L4_ALONE_R7_R	L4	ALONE_R7	R	24
L4_ALONE_R7_TS	L4	ALONE_R7	TS	24
L4_ALONE_E78_R	L4	ALONE_E78	R	15
L4_ALONE_E78_TS	L4	ALONE_E78	TS	15
L4_ALONE_R116_R	L4	ALONE_R116	R	24
L4_ALONE_R116_TS	L4	ALONE_R116	TS	24
L4_ALONE_R63p_R	L4	ALONE_R63p	R	24
L4_ALONE_R63p_TS	L4	ALONE_R63p	TS	24
L4_ALONE_K60p_R	L4	ALONE_K60p	R	22
L4_ALONE_K60p_TS	L4	ALONE_K60p	TS	22
L4_P37p_R	L4	P37p	R	1
L4_P37p_TS	L4	P37p	TS	1
L4_P37m_R	L4	P37m	R	1
L4_P37m_TS	L4	P37m	TS	1
L4_P52p_R	L4	P52p	R	1
L4_P52p_TS	L4	P52p	TS	1
L4_P52m_R	L4	P52m	R	1
L4_P52m_TS	L4	P52m	TS	1
L4_P87p_R	L4	P87p	R	1
L4_P87p_TS	L4	P87p	TS	1
L4_P87m_R	L4	P87m	R	1
L4_P87m_TS	L4	P87m	TS	1
L4_P209p_R	L4	P209p	R	1
L4_P209p_TS	L4	P209p	TS	1
L4_P209m_R	L4	P209m	R	1
L4_P209m_TS	L4	P209m	TS	1
L4_P211p_R	L4	P211p	R	1
L4_P211p_TS	L4	P211p	TS	1
L4_P211m_R	L4	P211m	R	1
L4_P211m_TS	L4	P211m	TS	1
L5_bare_R	L5	bare	R	0
L5_bare_TS	L5	bare	TS	0
L5_ALONE_R90_R	L5	ALONE_R90	R	24
L5_ALONE_R90_TS	L5	ALONE_R90	TS	24
L5_ALONE_R7_R	L5	ALONE_R7	R	24
L5_ALONE_R7_TS	L5	ALONE_R7	TS	24
L5_ALONE_E78_R	L5	ALONE_E78	R	15
L5_ALONE_E78_TS	L5	ALONE_E78	TS	15
L5_ALONE_R116_R	L5	ALONE_R116	R	24
L5_ALONE_R116_TS	L5	ALONE_R116	TS	24
L5_ALONE_R63p_R	L5	ALONE_R63p	R	24
L5_ALONE_R63p_TS	L5	ALONE_R63p	TS	24
L5_ALONE_K60p_R	L5	ALONE_K60p	R	22
L5_ALONE_K60p_TS	L5	ALONE_K60p	TS	22
L5_P37p_R	L5	P37p	R	1
L5_P37p_TS	L5	P37p	TS	1
L5_P37m_R	L5	P37m	R	1
L5_P37m_TS	L5	P37m	TS	1
L5_P52p_R	L5	P52p	R	1
L5_P52p_TS	L5	P52p	TS	1
L5_P52m_R	L5	P52m	R	1
L5_P52m_TS	L5	P52m	TS	1
L5_P87p_R	L5	P87p	R	1
L5_P87p_TS	L5	P87p	TS	1
L5_P87m_R	L5	P87m	R	1
L5_P87m_TS	L5	P87m	TS	1
L5_P209p_R	L5	P209p	R	1
L5_P209p_TS	L5	P209p	TS	1
L5_P209m_R	L5	P209m	R	1
L5_P209m_TS	L5	P209m	TS	1
L5_P211p_R	L5	P211p	R	1
L5_P211p_TS	L5	P211p	TS	1
L5_P211m_R	L5	P211m	R	1
L5_P211m_TS	L5	P211m	TS	1
