# a-matrix for s14_design_milp.py, produced by s15_dv_matrix.py
# a_if = [V_TS(r_i) - V_R(r_i)] for frame f, in kcal/mol per unit charge.
# ddE_f(q) = sum_i a_if q_i, so a < 0 means a POSITIVE charge there lowers
#   the barrier. Convention validated by 03_dvpot/s1_signcheck.py, which
#   uses both a positive and a negative control.
# Densities: IN VACUO single points at the QM/MM-optimised geometries, i.e.
#   bare substrate with no protein and no continuum, matching the Phase 2.2
#   design environment. NOT the QM/MM densities, which already contain the
#   protein field the design is meant to replace.
# No SCF was run; orca_vpot evaluates existing densities at new positions.
#
# sites:  233   (row order matches the grid file exactly)
# frames: 30   20000 21634 23268 24883 26495 33320 34991 36665 38344 40485 41786 42436 43087 43738 44388 45688 46990 47641 48292 49592 50892 52192 53493 54144 54795 55446 56098 57397 58698 59999
# grid:   grid_v2.tsv
# ONLY the linear coefficient is here. The measured second-order term
#   b (differential polarisation) is NOT included; s14 runs the linear
#   model and reports that scope with every result.
-1.199565	-1.268165	-1.156289	-0.720769	-2.319967	-1.029572	-1.370043	-0.970093	-1.118369	-1.953238	-1.578951	-1.433623	-2.753479	-1.283438	-1.028334	-1.413882	-0.947090	-1.090542	-0.989642	-0.738995	0.256454	-1.162493	-0.499123	-1.037420	-1.145282	-1.617193	-2.622657	-0.782951	-4.054402	-2.782116
-1.387272	-1.305425	-1.432351	-1.574940	-3.931080	-1.648449	-2.707026	-1.255599	-1.907079	-2.445591	-1.698551	-0.976907	-1.886668	-1.273205	-2.103848	-1.638066	-1.280379	-1.457058	-1.932871	-1.367588	-1.655269	-1.826681	-1.455234	-1.662601	-1.849185	-1.670513	-2.331817	-1.093317	-2.825825	-2.420205
-1.363745	-1.100903	-1.135786	-1.054968	-2.361179	-1.244564	-2.097420	-0.856925	-1.274346	-2.153337	-1.527629	-1.477244	-2.765865	-1.625682	-1.399070	-1.769532	-1.078769	-1.182604	-1.510887	-0.865939	-0.561259	-1.476302	-0.924971	-1.255753	-1.654034	-1.990598	-2.931888	-1.083161	-4.239306	-2.962789
-1.613617	-1.682798	-1.323586	-0.584856	-2.802016	-1.336224	-1.943503	-1.347156	-1.330061	-3.132055	-2.348590	-2.172102	-3.425854	-1.062350	-1.488685	-1.626512	-1.371500	-1.534325	-1.231923	-0.881996	0.598163	-1.483069	-0.497442	-1.542763	-1.191621	-1.816842	-2.696361	-0.795460	-4.692218	-2.977065
-1.551766	-1.413673	-1.284078	-0.632850	-1.972245	-1.224373	-1.991380	-0.997559	-0.977900	-2.653864	-2.025604	-2.077502	-3.713435	-1.467719	-1.178323	-1.947320	-1.249783	-1.304845	-1.353746	-0.763886	0.423494	-1.531685	-0.476886	-1.299867	-1.423823	-2.125775	-3.161691	-1.039921	-5.273984	-3.341821
-1.075995	-1.286229	-1.224520	-1.044589	-3.270049	-1.138697	-1.498115	-1.127875	-1.491357	-1.746727	-1.455795	-0.938721	-1.816702	-0.951164	-1.367656	-1.123494	-0.921463	-1.168150	-1.053805	-0.974941	-0.470923	-1.160018	-0.782573	-1.127889	-1.135540	-1.199908	-2.024586	-0.650555	-2.709868	-2.145476
-2.019155	-1.361315	-1.395289	-1.298770	-1.841440	-1.780573	-3.511106	-1.064562	-1.296779	-2.935688	-2.213234	-2.949172	-3.760528	-2.194528	-1.934729	-2.573875	-1.765072	-1.703129	-2.341216	-1.115777	-0.972108	-2.074611	-1.444455	-1.935683	-2.483220	-2.923826	-3.733906	-1.659942	-5.952455	-3.379221
-2.304957	-1.734403	-1.700059	-0.912431	-2.004953	-1.819830	-3.783022	-1.116015	-1.131176	-3.728669	-2.921063	-3.086169	-4.791474	-1.723728	-1.832271	-3.072073	-1.967175	-2.037905	-2.369582	-1.138586	-0.163650	-2.448707	-0.709297	-1.962092	-2.223361	-3.081816	-4.021165	-1.628447	-6.648463	-3.806134
-1.935650	-1.400541	-1.393801	-0.953049	-1.571187	-1.544799	-3.095971	-0.968379	-0.992009	-2.917850	-2.218291	-2.807716	-4.144065	-1.916821	-1.590336	-2.530745	-1.617960	-1.579476	-2.015554	-0.922848	-0.305691	-1.950147	-0.946534	-1.663204	-2.096470	-2.742511	-3.679843	-1.501230	-6.167606	-3.552613
-2.798552	-1.976391	-1.992179	-1.808657	-2.098430	-2.516895	-5.136982	-1.652541	-1.829341	-3.511675	-3.096229	-4.556327	-4.308490	-2.624643	-2.586914	-3.323155	-2.566611	-2.569421	-3.185281	-1.594580	-1.417219	-2.615441	-2.139088	-2.724977	-3.397842	-3.771801	-4.436104	-2.182464	-7.261596	-3.379298
-2.394021	-1.720011	-1.805745	-1.922717	-2.855886	-2.485892	-4.538378	-1.613083	-2.027943	-3.503367	-2.765604	-3.477760	-3.446679	-2.569931	-2.709280	-2.850129	-2.319456	-2.233461	-3.097041	-1.724279	-1.942799	-2.564160	-2.285428	-2.703038	-3.216917	-3.375034	-3.965565	-1.994764	-5.850848	-3.179746
-2.582402	-1.811643	-1.811516	-1.387761	-1.772155	-2.116446	-4.594606	-1.291235	-1.367987	-3.414240	-2.874178	-3.936778	-4.649450	-2.264574	-2.165398	-3.252601	-2.254909	-2.288297	-2.802494	-1.280644	-0.847289	-2.534010	-1.455702	-2.249787	-2.853807	-3.456405	-4.292274	-1.986932	-7.229447	-3.625965
-1.290910	-1.625450	-1.336336	-0.986615	-3.509347	-1.299529	-1.681579	-1.446974	-1.568471	-2.285270	-1.942619	-1.658254	-2.079688	-0.965808	-1.655714	-1.113032	-1.267478	-1.431551	-1.142053	-1.091296	-0.307896	-1.347458	-0.858148	-1.498520	-1.164867	-1.305266	-2.002123	-0.682381	-3.077058	-2.068689
-1.267305	-1.645743	-1.516097	-1.465482	-4.572282	-1.583988	-2.395078	-1.608354	-1.851628	-2.424548	-1.952668	-1.523009	-1.307676	-0.605832	-2.301907	-1.168268	-1.450223	-1.554427	-1.669987	-1.475955	-1.617400	-1.805106	-1.384964	-1.858170	-1.488253	-1.089003	-1.396017	-0.802958	-1.889275	-1.391343
-2.218893	-2.308896	-1.646015	-0.969391	-4.321152	-1.909946	-3.089279	-2.106760	-2.008713	-4.722527	-3.244961	-3.471069	-3.541406	-1.163810	-2.868099	-1.742422	-2.172403	-2.232052	-1.959692	-1.376999	-0.310628	-2.163467	-1.299733	-2.643015	-1.745499	-2.169496	-2.499598	-1.013494	-4.754326	-2.758699
-1.805188	-2.116130	-1.641130	-1.384122	-4.571918	-1.833572	-2.942696	-1.988687	-1.948232	-3.665187	-2.766059	-3.004284	-2.379379	-1.225437	-2.865845	-1.526395	-2.083980	-1.993426	-2.045855	-1.568179	-1.413968	-2.279972	-1.587380	-2.531782	-1.833534	-1.836430	-2.010877	-1.105620	-3.457006	-1.930031
-3.078961	-3.000152	-3.317603	-2.701715	-3.889269	-3.733683	-5.680765	-3.165770	-3.233852	-3.901000	-4.075660	-5.172147	-2.665204	-3.005872	-3.295685	-3.084685	-3.272427	-3.364398	-3.863317	-2.805116	-2.237056	-2.813135	-3.369369	-3.850016	-4.223468	-4.067984	-4.368601	-2.215908	-5.634869	-2.016887
-2.670598	-2.955067	-3.627450	-2.920356	-5.433966	-3.885672	-5.362294	-3.292523	-3.354634	-4.274450	-3.983101	-3.842612	-1.908440	-2.914519	-3.665035	-2.744584	-3.202267	-3.060623	-4.113056	-3.228839	-3.121191	-3.356396	-3.542247	-4.036537	-4.059304	-3.665564	-3.793241	-2.192882	-4.215990	-1.957319
-2.280014	-2.610083	-3.325603	-2.959461	-6.501662	-3.611692	-5.225524	-2.938724	-3.179459	-4.462477	-3.557437	-2.543821	-1.700276	-2.385747	-3.964973	-2.582057	-2.935102	-2.657633	-4.185303	-3.197256	-3.900125	-3.842866	-3.416953	-3.861759	-3.696444	-3.032196	-3.057940	-2.220689	-3.335733	-2.302460
-2.443480	-2.109049	-2.388629	-2.405140	-4.245763	-3.043885	-4.938822	-2.224498	-2.653050	-3.890629	-3.165516	-3.281733	-2.672186	-2.608161	-3.255585	-2.755873	-2.641827	-2.525751	-3.567584	-2.358897	-2.726639	-2.972189	-2.862422	-3.255579	-3.529943	-3.359456	-3.716103	-2.082370	-4.848383	-2.706746
-1.914569	-1.494968	-1.647633	-1.887744	-3.675747	-2.207481	-3.833486	-1.465513	-2.095883	-3.208013	-2.288193	-2.083657	-2.603838	-2.059759	-2.604405	-2.315660	-1.880166	-1.872065	-2.747275	-1.673128	-2.135234	-2.416520	-2.052769	-2.339516	-2.688248	-2.625636	-3.212690	-1.656703	-4.261334	-2.889546
-3.356156	-2.952519	-2.979402	-2.495562	-2.816145	-3.425515	-6.188195	-2.822552	-2.919617	-3.567112	-4.019053	-5.836747	-3.413375	-2.816588	-2.967608	-3.473674	-3.229326	-3.549325	-3.720778	-2.316645	-1.554137	-2.673296	-3.013638	-3.499859	-4.204295	-4.215830	-4.677784	-2.320574	-6.938224	-2.265028
-1.852217	-1.821614	-2.158269	-2.322427	-5.348643	-2.589623	-4.211012	-1.962325	-2.573678	-3.568734	-2.534132	-1.569795	-1.862884	-1.680668	-3.212517	-2.178706	-2.090186	-2.049120	-3.148937	-2.230122	-3.070332	-2.923260	-2.482684	-2.752589	-2.792931	-2.270388	-2.574300	-1.700509	-2.969803	-2.476614
-2.699520	-2.856256	-2.146540	-1.773926	-5.640615	-2.494532	-4.514536	-2.702518	-2.445805	-5.842023	-4.032587	-5.023598	-3.717315	-2.065473	-4.338935	-2.393067	-3.185431	-2.777060	-3.208461	-2.078739	-2.318747	-3.504975	-2.417951	-3.846035	-2.817796	-3.042380	-2.747483	-1.787067	-5.130236	-2.747502
-1.331451	-1.697187	-1.782552	-1.831179	-5.300814	-1.933217	-3.164751	-1.760913	-2.007311	-2.928999	-2.119403	-1.666533	-1.169335	-0.546255	-2.880341	-1.461686	-1.724587	-1.655125	-2.354932	-1.837753	-2.666864	-2.486862	-1.881603	-2.312578	-1.922110	-1.215624	-1.169136	-1.131974	-1.554253	-1.297777
-1.589363	-2.221730	-2.968564	-2.630909	-6.980310	-2.968068	-4.447952	-2.463179	-2.510200	-4.085369	-2.906482	-1.983781	-1.134838	-1.277390	-3.830472	-2.076089	-2.461273	-2.037052	-3.793354	-2.867226	-4.196492	-4.013108	-2.908303	-3.419803	-2.921667	-1.949146	-1.609132	-1.924289	-1.946752	-1.786545
-1.436300	-1.682932	-1.941227	-2.014194	-5.400334	-2.130980	-3.443807	-1.798591	-2.228313	-3.027141	-2.144418	-1.224026	-1.273765	-0.850573	-2.921113	-1.645755	-1.736535	-1.729791	-2.571154	-1.972974	-2.817565	-2.567181	-2.048740	-2.347818	-2.145166	-1.451791	-1.577816	-1.274244	-1.760609	-1.760614
-1.400070	-1.894799	-2.261536	-2.218454	-6.219513	-2.392475	-3.903357	-2.022173	-2.110897	-3.638401	-2.480296	-2.187592	-1.229358	-0.762967	-3.505070	-1.833966	-2.142725	-1.776610	-3.201053	-2.317863	-3.717217	-3.487106	-2.429679	-2.958374	-2.450519	-1.545657	-1.137738	-1.608757	-1.741040	-1.436559
-1.364142	-1.871956	-2.012262	-2.088754	-5.889390	-2.223621	-3.908768	-1.790314	-1.716647	-4.051246	-2.557577	-3.472388	-1.815234	-1.068826	-3.710370	-2.071857	-2.331681	-1.644640	-3.430814	-2.110212	-3.933261	-4.018406	-2.400996	-3.215256	-2.590033	-1.890833	-1.168378	-1.834747	-2.627015	-1.577572
-1.945725	-2.248389	-1.869158	-1.876578	-5.445144	-2.186328	-4.103078	-2.126187	-1.986593	-4.644247	-3.146279	-4.290587	-2.611267	-1.523489	-3.947462	-2.161801	-2.681802	-2.121501	-3.153797	-1.966725	-3.125749	-3.563412	-2.349242	-3.423693	-2.621919	-2.407342	-1.848543	-1.746351	-3.691499	-1.823603
-1.446870	-1.843423	-1.790711	-1.860335	-5.435137	-2.020479	-3.525387	-1.844591	-1.873280	-3.530140	-2.435300	-2.831797	-1.556222	-0.745644	-3.314113	-1.710225	-2.087789	-1.742446	-2.747907	-1.911176	-3.077931	-3.058901	-2.091953	-2.776284	-2.190750	-1.560035	-1.155247	-1.402167	-2.164294	-1.209728
-1.169739	-1.953005	-2.630720	-2.362497	-6.669315	-2.547095	-3.954260	-1.871323	-1.744448	-4.157834	-2.588422	-2.914440	-1.340891	-1.209335	-3.756243	-2.066150	-2.341251	-1.561715	-3.879764	-2.482020	-4.439898	-4.646646	-2.563037	-3.383327	-2.722816	-1.808631	-1.115444	-1.998750	-2.265948	-1.758157
-0.060459	0.576368	1.766148	2.275396	2.676971	1.247139	0.394468	-0.020222	-0.254001	-1.241638	0.283631	-1.323558	-1.702280	5.394241	-0.359428	1.524585	1.374467	0.120074	3.191138	1.873669	4.944604	3.388172	2.165728	1.385325	3.918316	3.728660	2.533466	1.818482	-1.073668	0.721342
0.917268	1.414842	3.214354	2.353094	7.233070	2.479646	3.380846	0.357392	0.462604	2.698902	2.813292	-0.250866	0.462853	6.642101	1.244931	3.534110	2.698214	1.552297	5.520159	2.500110	5.550808	6.178819	2.960861	3.838690	5.307302	6.095946	4.132748	1.982226	1.806261	2.467388
0.596352	1.268821	2.649286	2.521823	5.492034	2.137820	1.450983	0.525564	0.424856	0.730362	1.375799	-0.389832	-0.829905	5.893242	0.802947	1.940155	1.954676	0.745220	3.913057	2.221590	5.122652	4.096481	3.123177	2.602561	4.715984	4.568706	2.893508	1.846872	0.016040	1.426485
-1.149399	-0.606297	0.132622	1.315016	-1.130291	-0.164765	-1.700602	-0.664376	-0.959386	-3.995160	-1.918401	-2.134449	-3.271832	3.166899	-1.291709	-0.592846	-0.103471	-1.093110	0.579207	0.535918	3.511777	0.497270	1.193068	-0.724713	1.372523	0.608658	0.057396	0.867461	-3.443447	-1.195049
-0.209867	0.487963	1.263305	1.965946	2.373184	1.089747	-0.765583	0.387750	0.138807	-1.789028	-0.795364	-0.688063	-2.323670	4.100658	0.160795	-0.318383	0.690855	-0.377284	1.437411	1.126831	3.975340	1.266705	2.838806	0.719030	2.656365	1.693978	0.574354	1.062564	-2.180317	-0.243534
-3.844136	-3.977158	-2.940082	-1.865455	-6.406465	-2.780108	-5.820272	-4.041273	-3.612009	-7.837615	-4.910671	-6.941155	-5.248901	-1.156468	-6.413557	-1.453848	-3.754634	-3.398897	-3.125007	-2.297546	-1.563645	-3.085921	-3.203477	-4.934220	-2.706705	-2.225065	-1.906832	-2.153211	-6.835642	-3.475839
-2.214640	-2.098402	-1.119564	-0.122005	-3.530192	-1.332855	-2.994790	-2.299987	-2.207083	-5.229499	-2.633172	-4.269949	-3.576111	1.416455	-3.651807	0.146074	-1.457415	-1.853259	-0.370678	-0.549547	1.305081	-0.132472	-1.105388	-2.346379	-0.122766	0.070579	-0.117530	-0.222076	-4.342702	-1.633350
-0.556880	-0.287704	1.063612	1.361637	1.439747	0.494352	0.568574	-0.982197	-0.983612	-1.237033	0.480021	-2.350158	-1.266168	4.391192	-1.742633	2.957701	0.894434	0.013961	3.558295	1.379630	3.719918	4.151580	0.604289	0.915227	3.240063	4.004768	2.876468	1.251709	-0.770728	0.902960
-1.076283	-0.724400	0.326655	1.138712	-0.612757	-0.081414	-0.986268	-1.133775	-1.239685	-3.148241	-0.977863	-2.677670	-2.470381	3.534716	-1.973407	1.287433	0.127186	-0.753936	1.808581	0.776208	3.321288	2.155474	0.440952	-0.349130	2.065285	2.163930	1.461197	1.006889	-2.469198	-0.252041
-1.434747	-1.460710	-0.191152	0.210613	-0.773464	-0.532332	-1.008183	-1.933360	-1.800724	-2.599954	-0.629350	-3.438090	-1.929875	2.557890	-3.255767	2.486698	-0.332255	-0.759274	1.864737	0.266123	1.901592	2.542823	-0.773567	-0.715914	1.471217	2.531103	1.727849	0.035719	-2.180157	-0.146863
-0.198534	-0.620946	1.399042	0.397907	3.664558	0.893509	2.393129	-1.126877	-0.623159	2.349160	2.241130	-1.703471	1.239371	4.144410	-1.237859	3.374816	1.756015	1.584692	3.653292	1.237238	3.181935	4.569108	0.497318	2.205622	2.174066	4.478804	3.866603	-0.146544	1.698725	1.257398
-0.373133	-0.490593	1.223706	0.782427	2.746994	0.624937	1.684123	-1.189148	-0.901785	0.804105	1.660794	-2.178592	0.187247	3.980524	-1.801561	3.756155	1.216437	0.760124	4.002957	1.327957	3.052737	4.677277	0.277521	1.685465	2.910124	4.594287	3.418836	0.410412	0.682375	1.303876
0.372535	0.840589	2.507612	2.270118	4.762143	1.719410	2.216627	-0.167697	-0.176141	0.967124	1.982384	-1.347008	-0.294728	6.162867	-0.288973	3.396309	2.130978	0.982627	5.094599	2.422165	5.180863	5.541564	1.976446	2.781281	4.965567	5.747457	4.125638	1.947199	0.869935	1.931986
0.356044	0.474730	2.427973	1.600171	5.273180	1.625615	3.123071	-0.512637	-0.253831	2.372304	2.730208	-1.406299	0.790052	5.742870	-0.407950	3.955679	2.296780	1.515568	5.307955	2.172585	4.618474	5.986950	1.495050	3.189702	4.313494	5.979986	4.478318	1.254514	1.960904	2.141758
-1.269930	-1.561094	-0.111220	-0.156917	0.163932	-0.430165	-0.404030	-1.988466	-1.711263	-1.242814	0.144364	-3.134862	-0.989099	2.184323	-3.270193	2.972141	-0.131510	-0.286148	1.997677	0.218433	1.383646	2.743789	-0.948326	-0.270830	1.276922	2.855944	1.975032	-0.619946	-1.326972	0.056864
-2.022530	-2.895222	-1.478945	-1.759610	-1.187872	-1.294476	-2.602300	-2.798921	-2.321761	-1.662442	-0.825134	-3.372652	-1.273971	-0.322394	-4.343416	1.044572	-1.317027	-0.698927	-1.414502	-1.258182	-1.069510	-0.638663	-2.206487	-2.018998	-1.304567	0.526126	0.296449	-3.022992	-2.877211	-1.728825
-0.990914	-1.654475	0.055543	-0.543777	1.180076	-0.148299	0.010446	-1.810147	-1.303015	0.484510	0.898081	-2.370919	0.235672	1.815096	-2.658193	2.471661	0.334357	0.579359	1.340027	0.187486	1.081981	2.123785	-0.760021	0.309472	0.551440	2.516827	2.160932	-1.408917	-0.412152	-0.047928
-2.722242	-3.440530	-2.153393	-2.093705	-2.601899	-1.945878	-3.656294	-3.459408	-3.099470	-3.481229	-1.990770	-4.616971	-2.562775	-0.702004	-5.576163	0.795604	-2.237591	-1.669674	-1.866100	-1.819692	-1.612214	-1.150484	-2.934317	-3.211074	-1.710075	0.090301	-0.338113	-3.174519	-4.211604	-2.334277
-3.053132	-3.492072	-2.297057	-1.823492	-3.765635	-2.151883	-4.213996	-3.626483	-3.326292	-5.037322	-2.876939	-5.463943	-3.559040	-0.426530	-5.965605	0.599598	-2.635635	-2.262583	-1.707166	-1.795984	-1.284193	-1.129167	-2.975260	-3.694100	-1.580804	-0.144274	-0.508942	-2.473824	-5.040492	-2.458114
-1.147670	-2.201539	-0.587800	-1.236229	0.266443	-0.346316	-1.447396	-1.755788	-1.101052	0.415526	0.183857	-1.657171	0.277704	0.259069	-2.388300	0.707841	-0.025267	0.829377	-1.022822	-0.466177	-0.199877	-0.273620	-0.989376	-0.504950	-1.325187	0.271294	1.195008	-2.499202	-1.195033	-1.140878
0.688237	1.383833	2.446802	2.167654	6.494082	2.053816	1.967036	0.714005	0.792363	1.405011	1.701883	0.674693	-0.386410	5.033729	2.022553	2.704289	1.751076	0.637681	4.184607	1.656745	4.382672	4.502053	3.370701	3.132034	4.685113	4.120485	1.944817	1.842057	0.188916	1.968265
-0.784439	-2.050300	-3.548870	-2.302257	-6.772724	-2.717824	-3.142080	-1.755513	-1.592499	-3.862245	-2.465515	-1.407443	0.015373	-1.441357	-3.038385	-1.480613	-1.981220	-1.358493	-3.807056	-2.550293	-3.897503	-4.708021	-2.135665	-3.090832	-2.358883	-1.427766	-0.938940	-1.544534	-0.822111	-1.074043
-1.716454	-2.979434	-4.456591	-3.130794	-8.135694	-3.823277	-4.784263	-3.296870	-2.907668	-4.666701	-3.673961	-2.055176	-0.542395	-2.082011	-4.104133	-2.198145	-2.945321	-2.356510	-4.571731	-3.770309	-4.598469	-4.880439	-3.461715	-4.166373	-3.473605	-2.469126	-2.115731	-2.250382	-1.900409	-1.639853
-0.904870	-0.359110	-0.161472	0.767934	0.819704	-0.102908	-2.196361	0.063811	0.052080	-2.517290	-1.998146	-0.681965	-2.822125	1.378957	-0.108114	-1.558503	-0.641433	-1.277921	-0.461425	-0.323866	1.626053	-0.760856	2.164834	-0.334002	0.654430	-0.735884	-1.883779	-0.164901	-3.343110	-1.195264
-0.229040	0.379520	0.653615	1.220788	3.335302	0.535601	-0.771878	0.316683	0.541648	-0.745323	-0.237414	0.389343	-1.681878	2.149855	1.203702	0.574587	0.086517	-0.686669	1.214543	0.252551	2.077396	1.145280	2.505563	1.217388	2.555748	1.049952	-0.804715	0.624025	-2.131598	0.380161
-1.899106	-1.606956	-1.313728	-0.339409	-2.495390	-1.423637	-2.730603	-1.165190	-1.224969	-3.992495	-2.811546	-2.463759	-4.185491	-0.598917	-1.630503	-2.272666	-1.494698	-1.764398	-1.552666	-0.840025	0.880031	-1.821482	-0.160287	-1.719861	-1.258353	-2.144448	-2.946017	-0.865910	-5.370865	-3.239565
-1.570293	-1.045839	-0.825488	0.244935	-1.272994	-0.896054	-2.849149	-0.556949	-0.769521	-3.780182	-2.739520	-1.832783	-3.770666	0.628969	-1.147553	-2.371013	-1.122717	-1.657784	-1.251796	-0.575262	1.408207	-1.586586	0.945659	-1.300165	-0.537993	-1.683233	-2.435589	-0.555003	-4.555207	-2.409948
-4.039902	-5.159753	-4.081628	-4.097630	-4.355792	-3.258168	-6.260372	-4.858480	-4.483344	-5.160340	-3.990067	-5.656168	-4.128378	-3.269850	-7.540161	-2.095036	-4.159880	-2.904570	-5.574642	-4.015498	-4.522961	-5.025421	-4.783295	-5.971451	-4.588017	-2.531746	-2.629848	-6.013025	-6.569822	-4.835346
-4.956798	-5.764197	-4.662858	-4.172820	-6.350744	-3.903441	-7.608530	-5.598669	-5.266298	-7.840183	-5.651324	-7.763721	-5.811098	-3.489805	-9.192728	-2.329744	-5.317792	-4.085430	-5.704139	-4.269117	-4.844000	-5.416474	-5.427536	-7.137418	-4.868513	-3.039416	-3.126106	-5.574255	-8.232485	-5.387712
-2.483570	-3.815844	-2.896480	-3.229525	-2.294253	-1.584709	-4.702467	-3.317174	-2.575807	-2.371207	-2.385532	-2.671743	-2.422486	-2.585411	-4.757441	-2.273963	-2.552783	-1.343739	-5.092870	-3.190977	-3.543718	-4.569506	-3.111818	-4.213629	-3.786255	-2.248845	-1.809070	-5.547942	-4.557012	-3.878309
-1.177043	-0.833814	-0.667622	-0.042491	-0.015357	-0.825046	-2.333940	-0.434196	-0.390621	-1.993426	-1.481642	-1.239951	-2.417244	-0.079407	-0.488185	-1.488184	-0.836607	-1.341688	-0.993529	-0.516122	0.603166	-1.065988	0.545183	-0.565407	-0.227113	-1.133629	-2.214254	-0.677072	-3.416134	-1.385953
-1.175470	-0.925415	-0.807531	-0.378440	-0.304139	-0.975557	-2.593781	-0.535158	-0.471866	-1.517346	-1.227571	-1.420229	-1.973095	-0.635021	-0.543253	-1.467690	-0.807105	-1.303028	-1.245739	-0.480784	0.286512	-1.263503	-0.073440	-0.616608	-0.626154	-1.290868	-2.194960	-0.818935	-3.569396	-1.263470
-1.803572	-1.390489	-1.354471	-0.980940	-1.087333	-1.559951	-3.820082	-0.970683	-1.007642	-2.111013	-2.004759	-2.608304	-2.671769	-1.357405	-1.249978	-2.187134	-1.462171	-1.869017	-2.008340	-0.849304	-0.220387	-1.853935	-0.859655	-1.368317	-1.750904	-2.268281	-2.979431	-1.283866	-5.042968	-1.860847
-1.829115	-1.364291	-1.273082	-0.721199	-1.110777	-1.461326	-3.384240	-0.854519	-0.907309	-2.643373	-2.172529	-2.431529	-3.316688	-1.143745	-1.307183	-2.346359	-1.485438	-1.798233	-1.881725	-0.872371	-0.066647	-1.858529	-0.444511	-1.371055	-1.545396	-2.245644	-3.130540	-1.276621	-5.029439	-2.396619
-0.780975	-0.709453	-0.599328	-0.188573	0.092125	-0.712915	-2.371363	-0.324199	-0.069653	-0.797086	-0.612123	-0.689870	-1.225145	-0.516222	0.001381	-1.074319	-0.356733	-1.001272	-1.053511	-0.233243	0.492855	-1.195805	0.133160	-0.142220	-0.030785	-0.807035	-1.754086	-0.666981	-3.078279	-0.718276
-4.534527	-4.670499	-3.841711	-2.958936	-8.030521	-3.694450	-7.296822	-4.500106	-3.948616	-9.322672	-6.599512	-8.428443	-6.204133	-3.694192	-7.479785	-3.812983	-5.375824	-4.417347	-5.168338	-3.360408	-4.134877	-5.545402	-4.274781	-6.315132	-4.617081	-4.787434	-3.970123	-3.292181	-8.008826	-4.659310
-1.108449	-1.793431	-2.781188	-1.155910	-2.024947	-2.142523	-2.492614	-2.043301	-1.770081	-1.231044	-2.040098	-2.295628	0.588147	-1.148906	-0.364293	-0.645019	-0.942124	-1.917616	-1.355270	-1.333103	0.642495	-0.533254	-1.061970	-1.320881	-1.703405	-1.719698	-2.066818	0.209043	-1.131829	1.218850
-0.254377	-0.250272	0.026078	0.485219	2.066006	-0.344617	-1.582257	-0.227939	0.501340	0.063335	1.144491	0.650410	-0.994288	0.253771	1.431079	-0.223776	0.159382	-0.689130	-0.669788	0.168671	0.928809	-0.604708	0.734269	0.932435	2.027575	0.599899	-1.275335	-0.556749	-2.514333	0.025457
-0.545111	-0.396861	-0.192708	0.296737	1.311126	-0.463187	-1.610317	-0.226495	0.142671	-0.604100	0.057475	-0.076854	-1.291766	0.210579	0.646754	-0.448726	-0.152879	-0.850114	-0.472650	-0.088263	0.819594	-0.488875	0.711204	0.436553	1.108251	0.012368	-1.487356	-0.417674	-2.455791	-0.325883
-1.600824	-1.303427	-1.431022	-1.007200	-1.113729	-1.576155	-3.903565	-1.028996	-0.993472	-1.632224	-1.865941	-2.393001	-1.801636	-1.261619	-0.952683	-1.827610	-1.230862	-1.868027	-1.872398	-0.801404	0.012270	-1.639329	-0.904811	-1.233015	-1.644916	-2.112226	-2.636604	-0.992976	-4.458940	-1.050528
-0.973596	-0.770351	-0.861455	-0.453498	-0.395386	-0.939319	-3.034184	-0.427574	-0.293821	-0.900292	-1.041145	-1.113315	-1.150424	-0.793803	-0.233256	-1.230973	-0.508203	-1.262028	-1.241011	-0.301888	0.496087	-1.322773	-0.192091	-0.430040	-0.600078	-1.305515	-1.910058	-0.601487	-3.529341	-0.596395
-0.955644	-1.958260	-3.519483	-1.395154	-3.412925	-2.418855	-2.002316	-2.291440	-1.959905	-1.736582	-2.273496	-1.545201	1.213651	-1.441423	-0.900535	-0.391766	-1.197587	-1.741874	-1.597070	-1.824810	-0.258200	-1.015117	-1.356820	-1.795759	-1.738521	-1.608501	-1.725431	0.185935	0.238054	1.332923
1.115138	0.844061	-0.910508	0.684239	-0.757602	-0.257159	0.598155	0.562047	0.381847	0.565014	0.504426	1.110188	3.278129	0.348782	1.892540	1.758536	1.508591	0.148577	0.855566	0.724387	2.384926	1.168471	1.281546	1.148199	0.675034	0.504340	0.130124	2.672454	3.222865	3.514964
-0.428101	-0.010860	-0.728368	-0.074983	-0.294509	-0.791389	-2.730328	0.041957	0.111751	-0.149905	-0.606159	-0.651989	0.155880	-0.649920	0.517359	-0.441783	0.341582	-1.038647	-0.629536	0.071510	1.453818	-0.709571	0.254408	0.088088	-0.222992	-1.094642	-1.551684	0.357608	-2.528234	0.751598
-0.546839	-0.324630	-0.550869	0.032770	0.160615	-0.539315	-2.976495	0.166814	0.447683	-0.009254	-0.457276	-0.164314	-0.341514	-0.812071	0.518859	-0.832981	0.333933	-0.966560	-0.879679	0.190964	1.266219	-1.326901	0.383046	0.277024	0.254950	-0.977967	-1.544221	-0.229390	-3.445895	0.096234
-0.654646	-0.594621	-0.562180	-0.140898	0.107854	-0.612998	-2.580835	-0.166251	0.165319	-0.418751	-0.485723	-0.410009	-0.847813	-0.620981	0.228930	-1.002201	-0.106585	-0.926010	-1.033147	-0.071911	0.697189	-1.281456	0.176620	0.026877	0.081883	-0.819176	-1.580015	-0.571219	-3.181583	-0.445055
0.592156	0.956124	-0.397764	0.518512	-0.271073	-0.438244	-1.254980	0.583313	0.582148	0.563741	0.269882	0.010023	1.785261	0.023841	1.601238	0.791292	1.392723	-0.339683	0.240132	0.526849	2.468226	0.438382	0.977110	0.875929	0.243257	-0.323658	-0.896574	1.720282	-0.150080	2.319518
-0.651806	-1.828242	-3.669601	-1.507899	-4.609639	-2.386781	-1.805225	-1.979598	-1.671332	-2.156728	-2.146668	-0.472034	1.554694	-1.324040	-1.298237	-0.303919	-1.221290	-1.403892	-2.009368	-1.958195	-1.200686	-1.894600	-1.364060	-1.973929	-1.590306	-1.211654	-1.140241	0.002324	1.087520	1.110552
0.644429	0.282327	-1.430215	0.198570	-2.232497	-0.741001	0.343854	0.580673	-0.051382	-0.377296	-0.049587	1.817142	3.207835	0.199811	0.903009	1.481923	0.707372	-0.164488	0.122548	0.580640	0.944713	0.225629	0.803657	0.458352	0.487975	0.541134	0.637205	2.336060	4.013476	3.261896
-0.406682	-1.594279	-3.356067	-1.523117	-5.150281	-2.210033	-1.738013	-1.361009	-1.294363	-2.503735	-1.854527	0.032047	1.449258	-1.069121	-1.539560	-0.371693	-1.153486	-1.106792	-2.396079	-1.737337	-1.931817	-2.732563	-1.196630	-1.952794	-1.420948	-0.814333	-0.579265	-0.167801	1.263845	0.712252
-0.442056	-0.486313	-0.340583	0.132286	0.500266	-0.342713	-2.476572	0.069089	0.635003	0.119717	-0.069753	0.080394	-0.572458	-0.605828	0.695768	-0.914868	0.300714	-0.707494	-0.965065	0.180440	1.018871	-1.327238	0.453370	0.427001	0.576437	-0.573149	-1.348950	-0.570944	-3.257633	-0.267569
-0.242875	-0.426452	-0.067852	0.311838	1.166789	-0.202829	-1.790792	-0.046308	0.765025	0.332792	0.664693	0.419144	-0.679467	-0.206053	1.131662	-0.735362	0.354088	-0.478556	-0.906588	0.196574	0.915330	-1.033822	0.583838	0.712482	1.204173	0.091554	-1.143145	-0.722167	-2.684563	-0.280752
0.025327	-0.332133	0.213594	0.523598	2.338623	-0.095482	-1.569849	-0.329990	1.108130	0.832486	2.161769	1.213846	-0.800413	0.123583	2.066451	-0.589103	0.507793	-0.416536	-1.305180	0.370319	0.972145	-1.012829	0.619153	1.198678	2.662942	1.088225	-0.925432	-1.037254	-2.461031	0.050007
-0.767847	-1.367054	-2.423825	-1.477503	-5.069732	-2.420018	-1.815949	-0.314729	-1.447399	-3.173686	-1.651466	-0.164036	0.843793	-1.203744	-1.580039	-0.561638	-1.289621	-1.357236	-2.705221	-0.695917	-2.253509	-2.775190	-1.042981	-1.711245	-1.474193	-0.878880	-0.405482	0.298021	1.402488	0.588867
1.076989	1.368747	3.038780	1.861052	7.559949	2.275718	5.316497	0.524244	0.543354	3.958856	3.493559	0.932372	1.822418	6.893315	2.564023	4.499451	3.362303	2.083372	6.330878	1.971415	5.867962	7.542180	2.900268	4.537128	4.705441	6.272903	4.314049	2.034912	3.534870	3.203689
1.061289	1.690551	2.736533	2.089092	7.630472	1.849144	3.783921	0.853124	0.698005	2.901001	3.447389	1.877518	1.056885	5.501839	3.486438	4.147008	2.620604	1.209404	5.488797	1.775474	4.882583	6.034066	3.001133	4.434052	5.254776	5.185147	2.560888	2.210030	1.792513	3.054677
1.318516	1.789036	2.841626	1.783318	8.105704	1.774354	3.713780	1.106094	0.747885	3.758495	4.303736	2.819041	1.660096	5.121435	4.376486	3.081952	2.820989	1.482406	4.660319	1.525789	4.458763	4.895481	2.993147	4.602470	4.673036	5.072274	2.323533	1.582724	2.045408	2.681665
0.513674	0.118126	2.119112	0.702726	5.186687	1.786199	4.810122	-0.186442	0.161729	4.300986	2.580133	-0.040603	2.405234	6.203740	0.977577	3.114056	3.235894	2.820617	4.564281	1.264894	4.937041	5.969796	1.870126	3.255788	1.820955	4.951510	4.974090	0.552591	4.044728	1.837483
1.052834	0.793020	2.487833	0.875768	6.119728	2.162878	5.048055	0.697670	0.615222	5.273997	2.819091	1.532609	2.826689	5.979245	2.735881	2.116785	3.507372	3.129777	4.441296	1.024188	4.598727	5.119241	2.699896	3.723599	1.494604	4.683573	4.113497	0.770971	4.305447	1.727805
1.321292	1.308547	2.752232	1.043273	7.436579	2.072502	4.434452	1.098752	0.716459	5.202011	3.695982	2.549306	2.569558	5.261500	3.946856	1.788436	3.182956	2.523645	4.242671	0.978050	4.122880	4.422309	2.977559	4.209281	2.451758	4.810702	2.979839	0.848018	3.389713	1.870472
0.447347	0.941771	1.274227	1.351851	5.385840	0.438714	0.219693	0.361073	0.601175	1.210156	2.931980	2.140494	-0.269241	2.177479	3.220825	1.626223	0.991612	-0.126128	1.575760	0.910765	2.277210	1.647616	1.752881	2.715834	4.168094	2.582876	-0.051152	0.607141	-1.222204	1.452396
1.314631	0.684084	1.343902	1.297791	1.868228	2.308514	-0.005243	1.650265	1.986653	1.975659	0.789355	3.201395	1.474760	0.216653	1.903925	0.414486	1.472228	2.524000	0.407893	1.469649	0.136567	-0.238377	1.799251	1.717183	-0.057447	-0.663989	1.525288	-0.200832	0.746571	0.241441
-0.216831	-0.992636	0.509269	-0.350072	1.748432	0.805181	1.095080	-0.452995	0.031576	2.361860	0.387113	-0.099763	1.436679	1.944645	-0.109614	0.429100	1.400846	2.406267	0.879604	0.182620	1.182368	1.219412	0.601193	1.011079	-1.420024	0.506944	2.502408	-1.035402	1.386099	-0.423493
0.137982	-0.385877	0.415391	0.052765	1.180463	0.917200	0.346848	0.573847	0.700287	1.952949	-0.539776	1.444086	1.283433	-0.650965	1.134639	-0.727735	0.673802	2.499464	0.356912	0.255717	-0.949245	-0.476057	0.671801	1.006398	-2.237568	-1.543701	0.969720	-0.721652	0.908728	-0.789196
0.579555	0.100717	1.597937	0.218315	4.154836	1.675147	3.484126	0.444673	0.486237	4.618564	1.373276	1.136555	2.402967	3.783376	1.889660	0.567744	2.531701	3.162953	2.713583	0.425691	2.557843	2.885877	1.898414	2.493075	-0.582877	2.436817	3.161373	-0.063472	3.348470	0.421572
0.163682	-0.344786	0.742864	-0.282361	2.595652	1.040292	1.811265	0.422119	0.368882	3.702904	-0.023990	1.202200	1.820098	0.750736	1.615755	-0.928539	1.219231	2.866207	1.203494	-0.131949	-0.027724	0.593195	1.007929	1.543637	-2.257675	0.021565	1.517498	-0.675626	2.070848	-0.682793
0.625174	0.240589	1.500475	-0.056340	4.748806	1.424327	2.960652	0.723622	0.404331	4.927149	1.451474	1.840369	2.276812	2.420880	2.717959	-0.457719	1.937446	2.788581	2.203609	-0.007444	1.374689	1.809809	1.754803	2.578850	-0.824566	2.088817	1.935513	-0.316461	2.762589	0.063297
0.961123	0.966069	1.944920	0.361030	7.014244	1.202145	2.466653	0.888875	0.572944	4.299197	3.555473	2.982957	1.670533	2.882422	4.214926	0.213604	1.855414	1.463371	2.359753	0.201895	2.204662	2.055841	2.099612	3.483728	2.123032	3.506004	1.248059	-0.038052	1.522995	1.007201
0.421798	0.378774	0.945263	0.109478	5.381626	0.341887	0.493962	0.229657	0.620525	2.591255	3.090691	2.618174	0.418007	1.274898	3.611402	-0.366042	0.835943	0.314942	0.656211	-0.073698	1.233917	0.449760	1.076477	2.478627	2.513985	2.368013	0.125560	-0.610169	-0.439953	0.534465
0.303590	0.367496	0.784070	0.610625	4.604887	0.177187	-0.419626	0.009855	0.742126	1.510568	2.986337	2.196528	-0.257945	1.159124	3.139601	0.170820	0.706394	-0.168141	0.172943	0.365151	1.449733	0.219393	1.109837	2.145524	3.318013	2.068055	-0.306694	-0.431027	-1.503122	0.713968
0.073725	-0.202132	0.352078	-0.761223	4.638741	-0.083775	0.460534	0.121088	0.267423	3.076409	2.090011	2.462774	0.610413	0.093123	3.329385	-1.631683	0.266580	0.463884	0.142739	-0.863804	-0.047915	-0.398125	0.206826	2.012496	0.772145	1.592521	-0.159947	-1.214201	-0.116052	-0.296136
-0.541578	-1.136186	-0.650940	-1.121218	2.670065	-0.775760	-0.812492	-0.482751	0.399041	2.126007	1.082563	2.011182	-0.294142	-1.322830	2.612633	-2.519817	-0.570560	-0.149570	-1.150997	-1.145986	-1.045499	-1.664998	-1.066535	1.165622	0.478804	0.590662	-0.687224	-1.859062	-1.214391	-1.028935
-0.175148	-0.876398	-0.052685	-0.003385	2.424760	-0.051658	-1.276446	-0.471327	1.361989	1.663927	1.986565	1.803823	-0.744326	-0.291968	2.507748	-1.563522	0.290982	-0.101758	-1.288637	-0.071523	0.380981	-1.246666	-0.059103	1.334938	2.192556	1.132868	-0.364512	-1.621326	-1.917010	-0.553674
-0.722020	-1.040828	-0.722472	-1.180146	0.943304	-0.704629	-0.197040	0.038956	-0.397709	1.949274	-1.414842	1.203874	0.663638	-3.114327	1.558155	-2.513104	-0.954766	1.297625	-0.506539	-1.185157	-3.080328	-1.854118	-1.051003	0.499516	-3.307458	-1.975665	-0.961056	-1.483194	0.019486	-1.687759
-0.351844	-0.734383	-0.244700	-1.203388	2.942929	-0.477898	0.281641	0.087878	-0.218144	2.970161	0.302113	1.825676	0.703228	-1.460314	2.455300	-2.454779	-0.393981	0.786330	-0.247667	-1.239937	-1.592969	-1.170413	-0.628494	1.266953	-1.415001	0.100297	-0.556372	-1.498293	0.126850	-1.160186
-1.149644	-1.638086	-1.441536	-1.751665	0.686843	-1.554355	-1.068436	-0.469173	-0.536166	1.558298	-1.245496	1.275363	-0.122077	-3.633488	1.683653	-3.390855	-1.683059	0.063372	-1.535801	-1.767617	-3.339969	-2.656700	-2.197671	0.259270	-2.459487	-1.534470	-1.563201	-2.153724	-1.045102	-2.058166
-6.055792	-6.445302	-5.708631	-4.653062	-10.242722	-4.886932	-10.166072	-6.058617	-5.530482	-12.026096	-9.005963	-10.565654	-8.353448	-6.013407	-10.700808	-5.719781	-7.622137	-5.975104	-7.690290	-4.957778	-6.990692	-8.346402	-6.322574	-9.052230	-6.687596	-6.654101	-5.679452	-5.467718	-10.612950	-6.872936
-3.336236	-3.595875	-3.059727	-2.594612	-6.650025	-3.026846	-5.987724	-3.306104	-3.045357	-7.294687	-5.120730	-6.541011	-4.723855	-3.255179	-6.056468	-3.328525	-4.308206	-3.331446	-4.584090	-2.741631	-4.098305	-5.015234	-3.578690	-5.282628	-3.966974	-4.054240	-3.293358	-2.884190	-6.301875	-3.732084
-3.084454	-3.476413	-3.092202	-2.698065	-6.269337	-2.973023	-5.755617	-3.036770	-2.972773	-6.798626	-4.828437	-5.828346	-4.433108	-3.489374	-5.796179	-3.446738	-4.211089	-3.132085	-4.787569	-2.684631	-4.471000	-5.162454	-3.641065	-5.273976	-4.104886	-4.086786	-3.324254	-3.025514	-5.839761	-3.742990
-2.207693	-2.545104	-2.208247	-2.072352	-5.356858	-2.337210	-4.486941	-2.221082	-2.141819	-5.332850	-3.588442	-4.788738	-3.250631	-2.324775	-4.473001	-2.584686	-3.120136	-2.280555	-3.688379	-2.037655	-3.568242	-4.132695	-2.723852	-3.988891	-3.109428	-3.005697	-2.309837	-2.173831	-4.421765	-2.626454
-1.196477	-1.788924	-1.991566	-1.997605	-5.134745	-2.100349	-3.322361	-1.446632	-1.532334	-3.797342	-2.329061	-3.097600	-1.733975	-1.473917	-3.374673	-1.999538	-2.228785	-1.437396	-3.395868	-1.817695	-3.776521	-3.970804	-2.240305	-3.059861	-2.558453	-1.896493	-1.293796	-1.741994	-2.375993	-1.813597
-1.466499	-1.922920	-1.835744	-1.902191	-4.908723	-2.033695	-3.593069	-1.606889	-1.626174	-4.100352	-2.598508	-3.644754	-2.218756	-1.616145	-3.575790	-2.127464	-2.398270	-1.625872	-3.284694	-1.756868	-3.522231	-3.802011	-2.285605	-3.201232	-2.621949	-2.193389	-1.543699	-1.801118	-3.027980	-1.945955
-1.052582	-1.770134	-2.259696	-2.023198	-5.110745	-2.246493	-2.687452	-1.184256	-1.626470	-3.528408	-2.145567	-2.236214	-1.084090	-1.594552	-3.028789	-1.715947	-2.135850	-1.434018	-3.454834	-1.620704	-3.723799	-3.755474	-2.117307	-2.887457	-2.461920	-1.636408	-1.220453	-1.309865	-1.107573	-1.410109
-5.810264	-6.450750	-6.042533	-5.165289	-10.213475	-5.286199	-10.249984	-5.743301	-5.686843	-11.502357	-8.778454	-9.319098	-8.155273	-6.993529	-10.312614	-6.604481	-7.668355	-5.886298	-8.744243	-5.259268	-8.140003	-9.489079	-6.777535	-9.554896	-7.488594	-7.570013	-6.505134	-6.197971	-10.390960	-7.331101
-2.926395	-3.653319	-3.349936	-3.106189	-6.171158	-3.324946	-5.610405	-2.879484	-3.094282	-6.324201	-4.535210	-4.800876	-4.286592	-4.131051	-5.320254	-4.012969	-4.474256	-3.203328	-5.603863	-2.781914	-5.418927	-5.658240	-4.042399	-5.490622	-4.752911	-4.585120	-3.840772	-3.308195	-5.148048	-3.884071
-6.710468	-7.667861	-7.477372	-6.592251	-11.861411	-6.763409	-11.900976	-6.605925	-6.906881	-12.772588	-9.914123	-9.566102	-9.341137	-9.018589	-11.290420	-8.476681	-8.941826	-6.931928	-11.088420	-6.525761	-10.260368	-11.970987	-8.350727	-11.389845	-9.475761	-9.731791	-8.440970	-7.891893	-11.808330	-8.955551
-3.873676	-4.508772	-4.196544	-3.721224	-7.458590	-3.952835	-7.134170	-3.803033	-3.926307	-8.029515	-5.928537	-6.324105	-5.525302	-5.046730	-6.913875	-4.814847	-5.424066	-4.031312	-6.544698	-3.591445	-6.158533	-6.869547	-4.883553	-6.789120	-5.601711	-5.594816	-4.705687	-4.258979	-7.010569	-5.015836
-1.700540	-2.220031	-2.012437	-1.966972	-4.446356	-2.100079	-3.582769	-1.708020	-1.874947	-4.234010	-2.834874	-3.498400	-2.546144	-2.205519	-3.653458	-2.347570	-2.743244	-1.882306	-3.514341	-1.685866	-3.578887	-3.697286	-2.504726	-3.483394	-2.925254	-2.574179	-2.033428	-1.889417	-3.108335	-2.243192
-1.146147	-1.759104	-1.822946	-1.828493	-4.291678	-1.912182	-2.728196	-1.240010	-1.537274	-3.338975	-2.118028	-2.582378	-1.618651	-1.608335	-3.017188	-1.845808	-2.196288	-1.434542	-3.170719	-1.447288	-3.459913	-3.361187	-2.119439	-2.849893	-2.456983	-1.801017	-1.399629	-1.415693	-1.700851	-1.605665
-1.226951	-1.934711	-1.774072	-1.816773	-3.997537	-1.848469	-2.728290	-1.266897	-1.599875	-3.318778	-2.175919	-2.549506	-1.907713	-1.846913	-3.043907	-2.038846	-2.456156	-1.595688	-3.348539	-1.325132	-3.599425	-3.260312	-2.256840	-3.025345	-2.646231	-2.017512	-1.688413	-1.418080	-1.667761	-1.674704
-0.949961	-1.700571	-1.757603	-1.769181	-4.167445	-1.838087	-2.203657	-0.992340	-1.512407	-2.908783	-1.837137	-2.051044	-1.274956	-1.470077	-2.787428	-1.673345	-2.152185	-1.401342	-3.205792	-1.176374	-3.558259	-3.072699	-2.062052	-2.702812	-2.356833	-1.511746	-1.297565	-1.040464	-0.619844	-1.213948
-6.436092	-7.445841	-7.191333	-6.535166	-9.781738	-5.811205	-10.770445	-6.670992	-6.813115	-11.541302	-9.315176	-8.905373	-8.940980	-7.795766	-11.705221	-7.792066	-8.297436	-6.307120	-10.137020	-6.783337	-9.629156	-11.388047	-7.916842	-11.162904	-8.898807	-8.081681	-7.402043	-8.609309	-11.133523	-8.999787
-5.667052	-6.783433	-6.364239	-6.104278	-7.201875	-4.860124	-8.886526	-6.265036	-6.183005	-8.893330	-7.499169	-7.447182	-7.330350	-6.204975	-10.398467	-6.336872	-6.922830	-5.074715	-8.813126	-6.489218	-8.209802	-9.528200	-6.985348	-9.757836	-7.873223	-6.125878	-5.906612	-8.575837	-9.472370	-8.034464
-6.278491	-7.018615	-6.239390	-5.443282	-9.121698	-5.019880	-10.145373	-6.599706	-6.299755	-11.260903	-8.679463	-9.837425	-8.346563	-5.976298	-11.539298	-5.645914	-7.657498	-5.873598	-8.243571	-5.733806	-7.595505	-8.862319	-6.928532	-9.754386	-7.167839	-6.041776	-5.606271	-6.984052	-10.713819	-7.623957
-2.582101	-3.807576	-3.774510	-3.916170	-3.562300	-1.502923	-5.310394	-3.406498	-2.324633	-4.072249	-4.213888	-2.614407	-4.318225	-3.853010	-5.680477	-5.063275	-3.696152	-2.237687	-6.391390	-4.575614	-5.592721	-7.350534	-3.618603	-6.356232	-5.618431	-4.138693	-3.658509	-6.998393	-5.646738	-5.804013
-5.637107	-7.039044	-7.267567	-6.947282	-9.440786	-6.488849	-9.889874	-5.921008	-6.338707	-10.194528	-8.082330	-6.380756	-7.969099	-8.531650	-9.236755	-8.662383	-7.570808	-5.684000	-11.042268	-7.018221	-10.127081	-12.407527	-7.974767	-10.808467	-9.928381	-9.358156	-8.256191	-9.221311	-9.983222	-9.015970
-5.549431	-6.784544	-6.878734	-6.571291	-8.338122	-5.429094	-9.342559	-5.974631	-6.062120	-9.556740	-8.015702	-6.651807	-7.845302	-7.564267	-9.928765	-7.989105	-7.276447	-5.372618	-10.062565	-6.926784	-9.470754	-11.500125	-7.441388	-10.589114	-9.102377	-8.013922	-7.320845	-9.182541	-9.747247	-8.838064
-0.086952	-0.348317	0.221221	0.720052	1.401520	0.299448	-1.907269	0.414346	1.443458	1.074263	0.786678	0.968215	-0.366716	-0.380654	1.592503	-0.811268	0.936870	-0.126544	-0.670488	0.592026	1.423511	-1.009235	0.886908	1.153787	1.458299	0.044534	-0.674599	-0.705418	-2.949729	-0.265431
-0.439955	-1.215904	0.410900	0.977678	2.085089	0.664158	-1.721680	0.059391	2.136310	1.830621	1.381118	1.907493	-1.372300	-0.120996	2.492867	-1.845079	0.673813	0.317167	-0.904187	0.720419	0.880218	-1.121134	0.640106	1.626869	2.005565	0.533109	-0.053373	-1.966597	-2.721993	-1.597292
-0.236190	-0.777975	0.379738	0.997576	1.818894	0.612713	-2.058964	0.411977	1.965421	1.586753	1.097606	1.526720	-0.811606	-0.335116	2.124231	-1.318792	1.096036	0.129796	-0.757336	0.728505	1.447525	-1.092311	1.011962	1.480745	1.821460	0.172248	-0.368477	-1.349530	-3.243268	-0.942904
0.100181	-0.297457	0.467051	0.736440	2.054006	0.369477	-1.236205	0.223840	1.521519	1.350980	1.613129	1.365109	-0.464690	0.029531	2.109850	-0.783460	0.892133	0.075897	-0.709025	0.571461	1.197219	-0.732712	0.805542	1.410101	2.002930	0.763525	-0.418816	-0.918988	-2.142342	-0.266908
2.368140	5.493664	0.727263	1.515837	-0.802696	0.273243	0.763067	2.769944	1.128957	0.863791	0.998100	1.432178	5.229134	-0.359774	1.278550	4.296582	2.769643	1.214887	3.430526	1.718658	2.725779	2.330079	1.557162	1.338157	1.335952	0.613917	0.917510	4.830180	4.519491	4.783127
-1.059739	-1.932590	-0.194205	1.021204	1.571705	0.479578	-4.017300	0.337130	2.324963	1.702658	0.445821	1.485043	-1.626446	-1.221207	2.045995	-2.462146	1.353375	-0.431948	-1.507115	0.608612	1.963293	-2.187861	1.218168	1.338023	1.768727	-0.906403	-1.064715	-2.373284	-5.939820	-1.882546
-2.218552	-3.293107	0.429743	1.764417	2.195700	1.261704	-3.009283	-1.025805	3.017094	1.677581	0.687072	2.113424	-4.453461	0.442843	2.585032	-3.803841	-0.611938	0.283367	-1.419530	1.327137	0.488901	-1.886144	0.948093	1.716118	2.055310	-0.303258	0.106538	-4.463023	-4.773383	-4.979157
-2.386345	-3.746075	-0.209959	1.194145	1.946988	0.734590	-4.392737	-0.661580	2.752691	1.866173	0.478855	1.815329	-3.910356	-0.701924	2.460641	-4.133453	0.595808	-0.474999	-2.093000	0.709858	1.555614	-2.585182	1.233496	1.515501	1.861488	-1.156749	-0.942932	-4.537325	-6.855397	-4.430379
-0.435432	-0.586540	-0.280417	0.630951	0.939852	0.072590	-3.236613	0.527753	1.475129	0.994617	0.111113	0.794720	-0.348927	-1.196856	1.270284	-1.129203	1.065602	-0.517992	-0.924745	0.465972	1.687644	-1.662827	0.855060	0.885060	1.247629	-0.746309	-1.120865	-0.790816	-4.372465	-0.308782
-0.087870	0.885240	-0.520491	0.377440	0.095252	-0.456662	-3.026318	0.856847	0.838357	0.492634	-0.309130	0.160133	0.912361	-1.478899	0.736348	0.017843	1.119960	-0.707773	-0.153906	0.348383	1.863616	-1.011208	0.651711	0.404908	0.662591	-1.062798	-1.411826	0.682433	-2.918245	1.127948
0.053452	1.100973	-0.311447	0.796136	0.776272	-0.097311	-3.521680	1.346198	1.720784	1.279804	0.069097	0.746081	1.141291	-2.205994	1.290622	-0.126806	1.815499	-0.495407	-0.151286	0.458569	2.393308	-1.298780	1.064011	0.705709	1.404424	-1.200617	-1.414900	0.509205	-3.895728	1.124714
1.719502	5.834244	0.566561	1.274474	0.217860	0.129276	-0.105321	2.390035	1.764764	1.262834	0.640371	0.788006	4.456769	-1.884179	1.281712	3.635408	2.487230	0.922696	3.638547	0.950042	2.762303	2.478929	1.286208	0.793852	1.579382	-0.356224	0.502233	4.050575	2.678625	4.084094
0.128094	1.052569	-0.451369	0.374352	-0.127308	-0.530148	-2.455305	0.802248	0.603672	0.393876	-0.185389	-0.015581	1.201208	-0.882810	0.908768	0.354672	1.164158	-0.662490	0.054009	0.444024	2.075377	-0.483025	0.716686	0.528308	0.395233	-0.852934	-1.319918	1.158716	-1.896169	1.611626
0.157935	0.572646	0.038166	1.496893	1.958076	0.460555	-4.427555	2.056854	3.052432	2.673382	0.872967	1.696566	1.067316	-2.857411	2.556807	-0.928956	3.155188	-0.410793	-0.687419	0.760497	3.708247	-1.993128	1.950005	1.459065	2.451606	-1.419357	-1.762375	-0.121577	-5.914480	0.983809
1.443691	4.860725	0.720470	1.625838	1.629568	0.481210	-1.646246	2.698476	2.850389	2.339806	1.047197	1.297333	3.771062	-2.818678	2.125496	2.375482	3.084841	0.636096	2.393606	0.928987	3.496687	0.904955	1.775789	1.151611	2.441731	-0.820822	-0.411782	3.040301	-0.565349	3.526182
-0.852521	-1.486612	-0.865215	-0.561295	0.240232	-0.842195	-1.015435	-0.321475	0.453731	0.721271	-0.751328	1.436699	-0.483130	-2.112834	1.661807	-2.386743	-1.072769	0.194064	-1.177475	-0.673251	-1.923234	-2.023052	-1.255765	0.572683	-0.891479	-0.955212	-0.741174	-1.838142	-1.299634	-1.735368
2.560029	3.168169	1.868945	2.300499	-0.150371	1.476962	2.281273	3.146359	1.906945	2.622257	2.577397	2.974021	4.453087	2.998185	2.746798	3.591303	2.743037	1.585707	2.122401	3.388610	2.361058	2.811972	2.360676	2.608672	2.593573	2.646117	2.408473	4.782123	5.770475	5.005293
-1.162482	-1.452613	-1.307387	-1.107149	-0.225741	-1.577805	-0.967457	-0.526175	-0.561929	0.110648	-1.298061	1.012460	-0.240617	-2.844537	1.283065	-2.138069	-1.407685	0.166214	-1.095316	-1.234674	-2.600863	-2.160865	-1.754770	0.103479	-2.060165	-1.793709	-1.188355	-1.693076	-1.157735	-1.625315
-0.594936	-1.468177	-0.204472	0.269985	1.535466	0.027495	-1.141715	-0.185910	1.464746	1.690931	0.470905	1.971430	-1.071045	-0.923407	2.268366	-2.333365	-0.410692	0.240089	-0.972987	0.203391	-0.617890	-1.525364	-0.623082	1.326189	1.054083	0.294563	-0.046500	-1.837847	-1.663243	-1.591672
1.807934	1.087814	1.012855	1.121070	1.126066	3.120741	-0.169191	1.487115	2.852088	1.463692	0.443865	3.219852	0.421849	0.397557	1.174736	-0.676885	0.973725	1.852119	-0.747803	0.542451	-0.426913	-1.941313	1.769583	0.311876	-0.178720	0.127241	1.083872	-1.312794	-0.142815	-0.638127
2.184717	1.357594	1.609032	1.474094	2.266876	4.019987	0.208092	1.778534	3.207732	2.592637	1.182801	3.789219	0.837067	1.249336	1.504992	-0.037121	1.676782	2.217001	-0.175518	1.042505	0.468859	-0.941809	2.497106	1.008568	0.734429	0.812981	1.762055	-1.128886	0.547852	-0.158951
-0.602398	-0.721180	-0.690229	-0.559974	0.300375	-0.877558	-0.392930	0.165672	-0.342207	0.559915	-1.136796	1.476463	0.392294	-2.603624	1.497401	-1.508623	-0.865738	0.941968	-0.384928	-0.665944	-2.464427	-1.649745	-1.045126	0.471952	-2.242046	-1.871568	-0.713339	-1.059147	-0.372669	-1.111358
0.976687	0.767227	0.936864	1.099315	1.614894	1.460847	0.548896	1.624739	1.394363	1.728989	0.167895	3.133055	1.308333	-0.700795	2.302247	-0.098758	0.793688	2.177235	0.756161	0.994701	-0.794706	-0.468268	1.083508	1.650832	-0.608151	-0.805352	0.883942	-0.029636	0.849620	0.036438
-0.713748	-1.285815	-0.690906	-0.261553	0.124305	-0.853532	-0.790810	-0.266789	0.323458	0.065200	-0.585503	1.507717	-0.348217	-1.461382	1.668610	-1.780101	-0.788718	0.365684	-0.890373	-0.491701	-1.431050	-1.881199	-0.838681	0.594065	-0.754971	-0.927456	-0.490224	-1.662677	-1.226106	-1.536679
-0.364283	-1.268204	0.315920	1.002711	1.234109	0.543674	-0.815754	0.116406	1.830737	0.945173	0.298711	2.142651	-1.100529	-0.086422	2.331496	-1.966323	-0.326633	0.751145	-0.610926	0.725820	-0.360019	-1.483973	0.350637	1.414642	0.760650	0.028759	0.260841	-1.929748	-1.540521	-1.979643
-1.189237	-2.498498	0.917601	1.968717	2.068467	1.355408	-1.492125	-0.826187	2.852926	0.769883	0.899194	2.757980	-3.743555	1.825376	3.183004	-3.108151	-1.121616	0.994651	-0.864142	1.495287	0.064915	-2.040014	1.527165	1.935437	1.444575	-0.022325	0.597535	-3.848603	-3.005139	-4.501299
-0.126101	-0.307152	-0.317827	0.010343	0.365609	-0.525033	-0.187866	0.399093	-0.139814	0.187297	-0.485518	1.885288	0.395226	-1.416984	1.571323	-0.857593	-0.370747	0.870208	-0.294021	-0.220098	-1.433735	-1.426002	-0.553350	0.610622	-1.108387	-1.059821	-0.137727	-0.803976	-0.366077	-0.666593
1.132858	0.848706	0.778871	1.086933	1.222913	1.431384	0.387262	1.449924	1.399503	1.188069	0.371863	3.093698	0.928742	-0.197014	2.041519	-0.161300	0.686602	1.699407	0.212115	0.736846	-0.501909	-0.975257	0.970490	1.187323	-0.134612	-0.166042	0.881470	-0.310216	0.333236	-0.029182
-0.220314	-0.980774	-0.204253	0.335994	0.373602	-0.469036	-0.643134	0.068390	0.581218	-0.535273	-0.188000	1.964331	-0.230977	-0.597977	1.938406	-1.385210	-0.376779	0.687727	-0.688372	-0.003492	-0.799521	-2.080674	-0.073298	0.848095	-0.342537	-0.640080	-0.025693	-1.545567	-1.222648	-1.528070
0.006578	-0.599337	-0.351017	0.070261	-0.061544	-0.635020	-0.531935	0.262823	-0.035771	-0.958110	-0.473182	1.822087	0.173127	-1.110788	1.377200	-0.970825	-0.397983	0.671685	-0.763420	-0.214226	-1.179251	-2.168302	-0.391063	0.398538	-0.950009	-1.007933	-0.053355	-1.077104	-0.861896	-1.013765
0.321396	-0.298179	-0.239387	0.155208	-0.228699	-0.176956	-0.584645	0.480830	0.328913	-0.907555	-0.500081	1.905754	0.267199	-1.119351	1.134663	-0.853565	-0.301341	0.874858	-0.925155	-0.163036	-1.319839	-2.280414	-0.237860	0.162427	-1.138571	-1.040449	0.110528	-0.987210	-0.792855	-0.823833
-0.604998	-0.950244	-0.734891	-0.355055	0.005854	-1.134286	-0.557841	-0.143085	-0.377870	-0.273665	-0.673951	1.473034	-0.012890	-1.581403	1.460206	-1.308717	-0.729030	0.438229	-0.698019	-0.584353	-1.524302	-1.798925	-0.986074	0.415104	-1.132287	-1.166344	-0.469661	-1.268302	-0.899313	-1.137935
0.079032	-0.910163	-0.227685	0.335587	-0.051353	-0.707968	-0.893486	0.286634	0.233799	-2.087712	-0.554079	2.123971	-0.027142	-0.936246	1.721072	-1.219869	-0.487167	0.636955	-0.852044	0.014652	-1.000222	-2.999370	-0.015786	0.658330	-0.773975	-1.072138	-0.011968	-1.411032	-1.410229	-1.664014
0.055990	-1.180347	0.485489	1.258608	0.973031	0.157770	-0.895497	0.153542	1.410952	-1.326780	0.172493	2.748291	-0.960004	0.564959	2.793014	-1.613651	-0.495441	1.051437	-0.489437	0.812415	-0.282077	-2.817156	1.017415	1.520981	0.334468	-0.380485	0.440209	-2.087210	-1.896154	-2.576929
-0.171252	-1.193784	0.481779	1.207653	1.197940	0.547957	-0.741342	0.112580	1.826058	0.154471	0.413112	2.393994	-1.118712	0.500663	2.554692	-1.774575	-0.314239	0.974576	-0.535450	0.801156	-0.191887	-1.858210	0.830406	1.464149	0.637867	-0.050682	0.401350	-2.067602	-1.620961	-2.236587
1.063127	0.829595	0.255877	0.341736	-2.005475	0.266042	0.879934	1.185194	0.309574	0.782917	0.718366	0.693590	1.682580	1.552540	0.077277	1.059090	0.282813	0.121278	-0.540303	1.306422	-0.778524	0.472717	0.227786	0.067022	0.376263	1.285204	0.744648	2.122389	3.813122	2.272180
2.956725	3.150742	2.339759	2.141126	0.674462	3.062912	3.408822	2.882326	2.147537	4.848364	3.095133	2.200694	3.544005	5.258183	1.898474	3.078771	2.294091	1.689101	1.545420	3.415910	1.355178	3.517974	2.177791	1.930328	2.600910	4.191007	2.482672	4.245794	6.805700	4.748841
-1.573523	-2.722287	-2.317440	-2.409277	-4.392852	-2.391372	-3.490013	-1.799935	-2.054866	-4.310191	-2.836042	-2.598760	-3.152771	-3.118113	-3.466685	-3.193411	-3.717074	-2.397132	-4.668802	-1.877195	-5.054143	-4.309137	-3.175165	-4.037869	-4.036095	-3.401066	-3.011473	-2.300170	-2.594172	-2.527460
-0.134020	-1.721164	-1.007761	-1.421956	-2.845930	-1.187135	-1.222345	-0.697407	-0.987996	-2.838321	-1.340717	-1.263605	-2.105671	-1.886165	-2.261289	-1.976245	-3.090694	-1.557395	-3.443101	-0.758502	-4.692501	-2.562627	-2.240111	-2.646482	-3.109626	-1.872011	-1.790180	-0.786727	-0.056875	-0.884335
-4.315932	-5.331837	-5.104530	-4.726510	-8.348150	-5.028426	-7.964828	-4.281128	-4.610522	-8.565475	-6.361664	-5.972788	-6.177307	-6.405606	-7.043172	-6.112418	-6.347049	-4.730088	-8.198920	-4.350868	-7.726246	-8.386386	-5.918151	-7.768231	-7.029744	-7.044183	-6.052997	-5.296242	-7.460443	-5.941774
-1.302649	-2.183666	-1.860599	-1.915902	-3.954539	-1.845572	-2.945362	-1.417775	-1.641080	-3.425506	-2.327158	-2.468603	-2.434492	-2.275887	-3.088529	-2.492975	-2.949668	-1.908258	-3.824181	-1.389029	-4.055618	-3.486805	-2.523086	-3.382773	-3.090667	-2.500431	-2.249193	-1.631559	-1.888264	-1.909758
-3.536814	-4.872327	-4.680432	-4.543723	-7.077379	-4.742866	-6.767003	-3.686661	-4.152943	-7.628443	-5.374801	-4.369755	-5.452905	-5.939630	-5.871417	-5.801661	-5.720769	-4.106522	-7.765749	-4.159415	-7.563810	-8.061178	-5.527084	-7.028792	-6.923727	-6.594188	-5.626845	-5.306899	-6.260535	-5.490721
-0.904653	-2.762935	-2.068522	-2.382236	-3.788682	-2.692440	-2.721694	-1.354427	-1.878412	-5.684615	-2.572980	-1.518368	-2.952570	-3.551386	-2.987941	-3.116875	-3.949197	-2.074585	-4.550163	-1.877651	-5.870081	-4.498047	-3.267146	-3.676368	-4.654638	-3.666996	-2.678098	-2.316654	-1.923508	-2.456392
3.284925	1.396997	2.345038	1.155275	0.511616	3.231902	4.712533	2.065187	1.314633	4.344730	2.601646	1.246276	0.557468	3.507381	-0.007005	1.140141	-0.398247	0.175858	-0.535182	2.455234	-2.256303	2.122099	0.602287	0.708582	0.631724	3.733130	0.748591	3.216831	7.020769	3.721025
1.545953	0.723582	0.881114	0.395577	-0.690588	1.440743	1.782598	1.149621	0.586572	1.980330	1.134915	0.437346	0.601197	2.203512	-0.336549	0.522077	-0.148588	0.079816	-0.717092	1.329725	-1.442672	0.644703	0.179951	-0.108404	0.228284	1.948460	0.487504	1.679861	4.011667	1.955003
1.044237	-0.398871	0.291792	-0.306953	-1.375192	0.517377	0.849705	0.347419	0.035542	0.042395	0.226860	-0.316617	-0.841167	0.235887	-1.179585	-0.616530	-1.756528	-0.686344	-1.990201	0.493085	-3.236881	-0.594192	-0.930387	-1.214629	-1.386192	0.315399	-0.563120	0.762130	2.426629	0.860157
0.241272	-0.599436	-0.405945	-0.648130	-2.126458	-0.187986	-0.341386	0.000273	-0.394437	-0.593315	-0.383463	-0.737796	-0.552279	0.038562	-1.463885	-0.727124	-1.266126	-0.684740	-1.953156	0.030174	-2.484643	-1.241508	-0.972391	-1.457409	-1.183177	-0.079332	-0.541458	0.174731	1.372767	0.188091
2.482138	1.992783	1.844252	1.272019	0.194047	2.712225	3.223582	2.159794	1.378335	4.135512	2.319316	1.335274	1.847425	4.392320	0.634652	1.712447	1.033106	0.784595	0.366674	2.521573	-0.245901	2.285662	1.221803	1.020317	1.577310	3.713550	1.429855	3.022117	6.114941	3.510268
3.739108	2.643062	3.072058	1.851769	1.298830	4.506600	5.458518	3.038531	1.901217	6.723269	3.503674	1.907306	1.695745	6.501893	0.789385	2.045791	1.277388	0.837708	0.591632	3.566369	-0.390514	3.397310	1.791433	1.862271	2.349942	5.818758	1.570238	3.985833	8.499158	4.773944
0.039527	-0.649247	-0.795991	-0.846829	-2.988694	-0.731494	-0.581574	-0.035846	-0.678638	-1.030493	-0.607922	-0.744793	-0.102405	-0.055588	-1.565213	-0.557522	-1.164261	-0.743439	-2.085138	-0.095309	-2.501918	-1.461621	-1.079895	-1.502589	-1.171770	-0.140266	-0.425854	0.289852	1.606005	0.293655
1.064292	0.020396	0.422230	-0.065696	-1.115686	0.819421	0.960620	0.587565	0.202507	0.799311	0.490254	-0.111514	-0.251272	1.011390	-0.873608	-0.211863	-0.958788	-0.360140	-1.416191	0.733701	-2.248578	-0.217229	-0.441429	-0.794845	-0.641722	0.914537	-0.143342	0.956948	2.745068	1.112493
0.120789	-0.882382	-0.487125	-0.129350	-0.763828	-0.898116	-0.885828	0.251152	-0.122798	-2.807084	-0.997328	1.549096	-0.022026	-1.627417	0.749788	-1.040803	-0.815939	0.342121	-1.144442	-0.305195	-1.622065	-3.022234	-0.538406	-0.006185	-1.486064	-1.497897	-0.176951	-1.135271	-1.107040	-1.335709
0.766644	0.147281	0.085421	0.377081	-0.037399	0.892354	-0.578583	0.733401	1.162156	-0.191868	-0.311135	2.100496	0.201254	-0.728297	0.883484	-0.865913	0.013023	1.143537	-1.047347	-0.022881	-1.208989	-2.250178	0.294102	-0.053442	-1.025237	-0.774594	0.320526	-1.144838	-0.685131	-0.787157
-0.023045	-0.898939	-0.744435	-0.525185	-1.209960	-0.722476	-1.176083	-0.087101	-0.072649	-2.229499	-1.129346	0.871872	-0.401249	-1.675099	-0.053187	-1.297789	-0.968999	0.252764	-1.719381	-0.717545	-2.051983	-2.946495	-0.911896	-0.842838	-1.951347	-1.633628	-0.442861	-1.485170	-1.247315	-1.337521
-3.226074	-4.492060	-4.727421	-4.694047	-5.423098	-3.123113	-6.356044	-3.858737	-3.160677	-5.912767	-5.224775	-3.322079	-5.124346	-5.340634	-6.170855	-6.190213	-4.641785	-2.958643	-7.673316	-5.216187	-6.945685	-9.039789	-4.856316	-7.522155	-7.048896	-5.851150	-5.029095	-7.504213	-6.690641	-6.622901
-0.672307	-1.606773	-1.588652	-1.465739	-2.247754	-1.044028	-2.424391	-0.959672	-0.554263	-2.729864	-1.970905	-0.220395	-1.539457	-2.337278	-1.565386	-2.426136	-1.712043	-0.423448	-3.188537	-1.722332	-3.120136	-4.207857	-1.737288	-2.503854	-3.095715	-2.513035	-1.475582	-2.877224	-2.472510	-2.463259
-0.857517	-2.091224	-1.815504	-1.837808	-2.804705	-2.134081	-2.302956	-1.113685	-1.460700	-4.298494	-2.203678	-0.687538	-1.832067	-2.859719	-1.924217	-2.464261	-2.427888	-1.078620	-3.364451	-1.793903	-3.826771	-4.214998	-2.420409	-2.677264	-3.553853	-2.947959	-1.870584	-2.503769	-2.130588	-2.395700
0.142987	-1.248930	-0.663334	-0.598324	-1.333384	-1.428814	-0.724809	0.114439	-0.678607	-4.523912	-1.410403	1.067774	-0.413019	-2.246416	-0.164930	-1.187278	-1.450209	-0.293101	-1.439357	-0.571439	-2.361428	-3.367528	-1.035066	-0.511374	-2.139766	-1.932987	-0.555570	-1.144921	-0.765785	-1.542036
0.203710	-1.674682	-0.861425	-1.139675	-1.905160	-1.848992	-0.594030	-0.103622	-1.102125	-5.716655	-1.642485	0.500651	-1.093942	-2.826665	-1.205496	-1.573745	-2.353809	-0.898069	-2.121422	-0.890478	-3.677935	-3.542512	-1.706530	-1.276464	-3.037169	-2.384282	-1.042452	-1.173375	-0.307806	-1.654070
-2.499133	-3.714877	-3.690113	-3.619480	-5.014516	-3.521909	-4.970284	-2.814954	-2.998520	-5.824793	-4.093523	-2.658326	-3.895844	-4.614831	-4.339075	-4.633386	-4.033943	-2.538396	-6.069931	-3.650336	-5.857922	-6.927625	-4.274137	-5.522432	-5.727707	-5.067050	-4.054241	-4.961245	-4.892422	-4.647241
1.273996	0.654005	1.866102	2.874953	4.557357	2.178632	-0.584468	2.890908	4.684429	5.473511	3.597182	3.768133	1.919363	-1.192865	5.526855	-0.431650	4.811178	1.164534	0.431589	1.872640	5.526204	-0.120801	3.593998	3.401581	4.081043	-0.086348	-0.173770	0.392415	-2.660098	1.863502
-2.698710	-4.535137	0.255442	1.486823	2.612142	1.135427	-3.069609	-1.169125	3.024931	2.424399	1.236912	2.564389	-4.926606	0.519685	3.489601	-4.776694	0.325548	-0.226340	-1.964455	1.025466	1.818504	-2.401329	1.783307	2.056380	1.953981	-1.121659	-0.680857	-5.335665	-5.743967	-5.314265
0.100769	-2.033619	1.728375	2.591258	4.261453	2.216891	-0.217131	1.273855	4.084746	4.851723	3.529631	4.095227	-0.880359	0.841452	5.687435	-2.303150	3.324970	1.019389	-0.418633	1.932998	4.404679	-0.672502	3.331776	3.596380	3.406564	0.141803	0.110928	-2.012688	-2.673473	-0.935821
3.543527	5.531219	2.897751	2.497532	1.596482	3.904807	5.368779	3.559532	2.455816	5.963922	3.603292	2.294704	5.306480	6.123370	1.989035	5.072810	3.344272	2.751034	4.018257	3.743669	2.386280	6.942887	2.685471	2.315772	3.253016	4.844289	4.345510	5.609408	8.849835	5.966701
3.569624	9.473737	3.282796	3.114234	4.563490	2.589593	6.322706	3.964164	4.626913	5.105257	3.755383	2.770639	7.279406	-1.398793	4.428195	6.700282	4.356497	3.779578	7.945554	2.098491	4.639374	7.926500	3.077688	2.621542	4.459858	1.188303	4.264655	6.754908	8.710832	6.556577
2.786752	5.384773	2.638109	3.171644	4.790869	2.391384	1.919800	3.921419	4.973284	5.578100	3.816506	3.368056	5.133194	-1.898579	5.188654	3.186280	5.044882	2.323674	3.512331	2.013346	5.543078	2.754984	3.552299	3.119953	4.564284	0.439819	1.225066	3.977536	1.826065	4.872316
4.513670	9.371085	4.494371	4.000839	6.519476	3.902633	8.854308	4.634280	5.600079	7.275160	5.516190	4.117428	8.341072	-0.345854	6.391846	7.373347	5.350041	4.903511	8.270981	2.877389	5.770909	8.792517	4.150725	3.999505	5.719237	2.284560	5.310354	7.578284	10.270635	7.585083
5.493726	8.865795	5.491855	4.741347	7.847680	5.050387	10.886306	5.172184	6.114690	9.102152	7.045869	5.458492	9.438627	1.149906	8.141587	7.994351	6.142773	5.907249	8.272750	3.705741	6.673784	9.302922	5.089900	5.400186	6.646084	3.541539	6.233549	8.382970	11.468418	8.593549
-0.195628	-2.312384	1.397290	2.153305	2.616498	1.090967	-0.105697	-0.510953	2.416606	0.473284	1.728447	4.120531	-2.965619	3.092757	4.785502	-2.367543	-0.629759	1.471710	-0.000584	1.840706	0.739701	-2.209049	2.293249	3.105837	1.724688	0.316885	1.001860	-3.163639	-2.132497	-3.850160
-1.234012	-3.528288	1.244725	2.084672	3.348181	1.750513	-0.821325	-0.537906	3.308777	3.127300	2.529977	3.722231	-3.757583	2.154655	4.864067	-3.660957	0.871268	0.712086	-0.977081	1.699067	2.373409	-1.501678	2.561090	3.064764	2.404359	-0.070239	0.180067	-4.056836	-3.199864	-3.908170
3.839757	4.783506	4.040599	4.122901	6.641793	3.852543	5.332805	4.353771	5.787638	7.754303	5.941567	5.074862	5.986428	0.154614	7.529788	3.716402	5.927848	3.716699	4.049545	2.999925	6.630941	4.115687	4.730084	4.813064	5.656863	1.934044	2.762456	4.568071	4.571690	5.704142
3.434315	9.899248	3.010714	2.669434	3.448784	2.360391	7.724998	3.508952	3.696035	4.231835	3.200145	2.206544	7.387935	-0.578471	3.380861	7.511150	3.609592	3.998943	9.384109	2.021520	3.635192	10.424030	2.484499	2.069197	3.708548	1.514196	5.809349	7.118727	11.027767	6.477770
6.255084	10.183305	6.226559	4.633791	7.320849	6.565319	14.672569	6.126823	4.686341	10.411071	7.299994	5.843812	10.224382	4.625615	6.355072	9.966589	6.563870	6.063513	10.618288	4.854141	5.729376	13.467745	5.249420	6.111515	7.053823	5.981720	8.530789	9.847685	15.921119	9.504134
3.545918	7.893143	2.974502	2.434417	2.278496	3.228815	7.873861	3.501820	2.628542	4.966534	3.366534	2.211259	6.719003	3.132483	2.351462	6.960371	3.387948	3.716810	7.655535	2.888921	2.694529	10.660211	2.438367	2.159704	3.285911	3.415802	6.413557	6.704538	11.134980	6.323248
2.991508	5.889411	1.781713	2.231348	0.264824	1.550234	3.293256	3.184475	1.894410	2.424257	2.268691	2.287893	5.973065	1.769758	2.092641	5.371309	3.157967	2.378995	4.598603	2.741645	2.880247	5.164211	2.206570	2.002593	2.263714	2.065993	3.367384	5.710899	7.036746	5.628423
4.542485	9.245604	4.330927	3.156619	4.196070	4.783260	11.202724	4.601410	3.366214	7.318315	4.791302	3.305285	7.868409	4.308696	3.452631	8.313103	4.501387	4.651026	9.513123	3.707182	3.606461	13.034260	3.399902	3.513635	4.782693	4.797637	7.804072	8.011998	13.993827	7.552238
4.872314	10.718044	4.851172	3.865739	6.285440	4.399353	12.196623	4.587905	4.929971	7.431014	5.546199	3.932676	9.343320	1.068122	5.758942	9.353004	4.915508	5.806063	10.987191	3.182612	4.953896	12.998362	3.886450	3.927361	5.612101	3.321840	8.034162	8.946532	14.312889	8.257781
3.475836	9.248385	2.990981	2.510922	2.893608	2.662774	8.535714	3.383272	3.101883	4.345067	3.225120	2.156884	7.297928	0.897082	2.893137	7.658493	3.370373	4.109752	9.380749	2.311207	3.079382	11.638523	2.354767	2.030110	3.412875	2.280014	6.788661	7.135135	11.840485	6.434928
2.837716	8.226145	1.928246	1.984756	1.281657	1.438045	5.254728	2.922100	2.394339	2.586627	2.057960	1.560871	6.410824	-0.209200	2.020362	6.373986	2.903007	2.941819	7.415771	1.772874	2.768433	8.332588	1.803424	1.369798	2.433114	1.202778	4.580998	6.136198	9.006495	5.634065
5.127258	10.270668	5.060465	3.773869	5.816671	5.143839	13.078760	4.955325	4.217647	8.156250	5.711250	4.136142	9.232986	3.202677	5.016353	9.519524	5.103521	5.656464	10.937888	3.794355	4.542147	14.039687	3.994450	4.291947	5.660543	4.612726	8.684716	9.080451	15.194505	8.409176
2.902042	0.679733	3.497267	3.680013	5.650036	3.541852	4.220234	2.660697	4.575220	6.510901	5.565662	5.741813	2.691565	3.083080	7.694286	0.895886	4.306104	3.079182	1.977963	3.156042	5.254330	1.957177	4.429842	5.288526	4.517812	2.378571	2.282729	1.462394	2.452729	2.559556
0.947167	-1.682912	2.292549	2.770159	4.077039	2.314905	1.725017	0.671480	3.430896	3.698152	3.701189	4.951700	-1.174426	3.577444	6.192126	-1.547094	1.720918	1.928356	0.544952	2.471486	2.942914	-0.283598	3.318991	4.239046	3.012402	1.317629	1.363770	-1.681033	-0.376680	-1.358686
3.849189	1.785208	3.913697	3.913630	5.800152	3.674576	5.933584	3.036753	4.151545	6.217091	5.720087	6.364931	4.099637	4.006884	7.874392	2.392198	4.181082	3.736436	3.227496	3.545146	4.805282	2.910341	4.583878	5.873989	4.647205	3.196395	3.284880	2.743068	4.136424	3.463047
5.956281	6.902725	5.676217	4.908031	7.760510	5.501523	11.051468	5.136914	5.476063	9.578500	7.573322	6.557823	9.361301	3.308079	8.809696	7.430358	6.216336	5.965379	7.115458	4.333774	6.561004	8.319810	5.485030	6.514750	6.607922	4.688746	6.207154	7.957974	10.602947	8.383875
1.836803	-0.563540	0.593005	-0.080854	-0.414989	-0.363324	3.001706	0.971852	-0.478661	-3.397738	0.153375	1.684148	0.270909	-2.048942	-0.370786	0.091232	-1.525995	-0.453384	-0.600382	0.273818	-2.799843	-1.243367	-0.664828	0.300952	-1.664010	-0.823241	-0.121651	0.940075	3.316336	0.257370
3.664362	1.436988	2.392741	1.312608	1.351794	2.229375	6.720522	2.391040	0.732547	1.876012	2.616307	2.900972	1.753897	0.528502	0.722868	2.000371	0.308666	0.293137	1.017068	1.889077	-1.079050	1.972948	0.884996	2.025220	0.620451	1.974757	0.936953	3.303072	7.384429	3.132073
1.654766	-0.939889	0.309927	-0.517265	-1.295714	-0.290732	2.118158	0.489175	-0.309363	-2.877164	-0.023655	0.506896	-0.811011	-1.790779	-1.364721	-0.552718	-2.678930	-0.834485	-1.942791	0.096142	-4.576483	-1.173864	-1.466909	-0.989599	-2.521563	-0.837883	-0.565445	0.873093	3.148058	0.506912
4.060107	1.935896	2.874579	1.518434	1.269302	3.464895	6.898040	2.675522	1.253794	4.394976	3.184942	2.414930	1.366627	2.731994	0.435056	1.987671	0.315565	0.302991	0.588924	2.613477	-1.475002	2.816871	1.054099	1.842331	1.127528	3.683816	0.998050	3.934799	8.500164	4.231913
1.139697	-0.841869	0.233098	-0.011712	-0.279053	-1.096784	1.695863	0.879796	-0.890832	-4.920396	-0.585297	2.206074	0.510088	-2.383858	0.510252	-0.253184	-0.985971	-0.317895	-0.154095	0.103591	-1.606070	-2.673282	-0.282833	0.792639	-1.377212	-1.434462	-0.161346	-0.051838	1.371356	-1.044698
0.959865	-0.595331	0.537304	0.717110	0.627150	-0.748487	1.338203	0.979782	-0.399384	-3.730627	-0.170802	2.991978	0.909534	-1.406424	2.099922	-0.130825	-0.083219	0.357497	0.551326	0.561463	-0.109177	-2.745812	0.663716	1.712888	-0.225896	-0.987612	0.280760	-0.410550	0.420091	-1.411153
0.562488	-0.912954	0.672456	1.223900	1.099502	-0.390830	0.290357	0.619806	0.393428	-2.765903	0.076290	3.338805	0.126636	-0.114762	3.128687	-0.736338	-0.120704	0.874507	0.430486	0.909649	0.248311	-3.103869	1.196531	2.094191	0.379052	-0.646083	0.517737	-1.278776	-1.003227	-2.204426
1.433132	-0.180128	1.734913	2.200327	2.819943	0.764732	2.402647	1.238342	1.482866	-0.040114	1.896435	4.574122	1.043594	1.250023	4.754056	0.283376	1.186725	1.811475	1.691018	1.795387	1.788148	-1.105503	2.436260	3.551113	1.923786	0.477238	1.517314	-0.348266	0.550188	-0.978528
5.085806	3.835604	4.159147	2.762173	3.575035	4.473504	10.120744	4.198094	1.764257	6.218234	4.789049	4.793103	3.616999	3.032874	2.365048	3.931236	3.197493	1.258910	3.638995	3.492213	1.992398	4.837429	2.965866	4.464787	3.484741	4.371478	2.172468	5.085508	10.725951	5.265566
4.491869	3.316430	3.742305	2.167952	2.011346	5.105041	7.598602	3.737658	1.895247	7.504366	4.109053	2.800485	2.070098	6.320234	1.018142	2.670842	1.918446	0.842725	1.568549	3.887755	0.165681	4.254897	2.224807	2.918673	2.948619	6.233558	1.676005	4.703534	10.072449	5.425125
3.931562	3.098097	3.807592	3.709372	5.491484	3.188291	7.474107	3.515532	3.086949	4.960480	5.058155	6.314981	4.945838	2.379800	6.407238	3.712171	4.351017	3.323295	4.535904	3.252029	4.378587	3.703900	4.278399	5.626308	4.460203	2.677622	3.495342	3.421288	5.750898	3.458905
3.603884	1.908720	2.647031	1.970393	2.648167	1.904552	7.323143	2.833114	0.770647	1.438421	2.996871	4.362048	3.151084	-0.130854	2.456851	2.768429	1.901930	0.987527	2.649584	2.006418	1.325476	2.070520	1.972967	3.439218	1.750217	1.433599	1.581851	3.084744	6.868182	2.596793
5.676664	6.460041	5.442984	3.638836	5.127463	6.368384	11.983683	5.767492	2.850459	9.560937	6.119898	5.534394	5.265365	6.030430	3.429514	5.553089	5.481518	2.502737	6.165327	4.819828	4.087773	7.875704	4.485153	5.898647	5.844604	6.521210	3.824322	6.505092	13.363356	6.969697
4.898005	7.187375	4.767340	3.141935	3.932243	6.049450	10.332217	5.349651	2.876023	9.024153	5.206267	3.907476	5.721941	7.523240	2.707532	6.042825	4.837958	3.062788	6.408230	4.696109	3.397354	9.327039	3.851784	4.534206	5.274769	6.887757	5.041995	6.765705	13.134947	7.110699
5.093507	5.343847	4.732491	2.927502	3.530265	6.107782	9.914976	5.112552	2.382219	9.076931	5.132035	4.130577	3.816195	7.379187	2.110048	4.295925	4.114020	1.745820	4.243769	4.670996	2.529234	6.521160	3.568070	4.685762	4.810755	7.134646	2.931932	5.778406	12.221023	6.432553
4.032558	5.119732	3.663519	2.499879	2.279528	5.109592	7.006355	4.202190	2.367989	7.719856	4.149048	2.750139	4.094520	7.791200	1.763644	4.218010	3.437767	2.084282	3.569196	4.230807	2.086062	6.431695	2.954238	3.188591	3.946356	6.470162	3.441291	5.334399	10.238030	5.953403
5.176914	4.387200	4.472022	2.758350	3.310084	5.501457	9.937390	4.585007	2.052802	8.044293	4.947740	4.232538	3.246725	5.532701	1.905984	3.807125	3.346954	1.261091	3.452173	4.155929	1.797973	5.445810	3.109021	4.385938	4.013655	6.095366	2.242753	5.438838	11.578461	5.976931
2.112139	0.699789	1.688434	1.688969	2.250158	0.517725	4.199394	1.903621	0.462530	-0.887459	1.669068	4.126662	2.411143	-0.611207	3.249703	1.464376	1.435493	1.164522	2.085296	1.399656	1.488409	-0.265166	1.810417	3.056837	1.309790	0.166568	1.292289	1.092778	3.008864	0.302488
5.413028	5.657607	5.076970	3.856429	5.716501	5.232368	11.505964	5.200263	2.862965	7.976654	6.130974	6.278359	5.665604	3.527794	4.521497	5.473921	5.547935	2.726351	6.115472	4.161075	4.636211	6.907365	4.587565	6.059178	5.516332	4.663178	3.752318	5.809544	11.469990	6.033387
6.343759	7.547008	6.098878	5.062778	7.920471	6.118342	12.773370	5.865938	4.799702	10.092490	7.848604	7.340357	9.457351	4.255538	7.866705	8.004083	6.951923	5.524463	8.116451	4.892241	6.391188	9.466849	5.879642	7.245357	7.076700	5.435881	6.464459	8.183037	12.154211	8.440324
