# candidate-site grid on the union vdW surface, s12_build_grid.py
# surface definition follows [DTHESIS] Ch.2 Eq.2.16: a site lies ON the
#   union of atom-centred vdW spheres, outside every sphere and touching
#   at least one. min_approach is an ADDITIONAL constraint on how close a
#   charge may sit to any nucleus.
#
# PARAMETERS, all of them, so this file says how it was made:
#   charge_lower = -1.0
#   charge_model = point
#   charge_upper = 1.0
#   enclose_mode = union
#   frames = 20000,21634,23268,24883,26495,33320,34991,36665,38344,40485,41786,42436,43087,43738,44388,45688,46990,47641,48292,49592,50892,52192,53493,54144,54795,55446,56098,57397,58698,59999
#   max_sites = 4000
#   min_approach = 2.5
#   min_charge_separation = 1.0
#   path_states = R,TS
#   poisson_candidates = 30
#   random_seed = 20260930
#   site_spacing = 1.0
#   smearing_width = 0.0
#   surface_offset = 0.0
#   vdw_radii_source = Bondi 1964, J. Phys. Chem. 68, 441; H revised by Rowland & Taylor 1996, J. Phys. Chem. 100, 7384
#
# frames enclosed (30): 20000(2) 21634(2) 23268(2) 24883(2) 26495(2) 33320(2) 34991(2) 36665(2) 38344(2) 40485(2) 41786(2) 42436(2) 43087(2) 43738(2) 44388(2) 45688(2) 46990(2) 47641(2) 48292(2) 49592(2) 50892(2) 52192(2) 53493(2) 54144(2) 54795(2) 55446(2) 56098(2) 57397(2) 58698(2) 59999(2)
# all requested frames enclosed
# states: R,TS
# atoms enclosed: 1440
# sites: 233
# nearest-atom distance over sites: min 2.500, mean 2.500, max 2.500 A
idx	x	y	z	nearest_atom_A
0	41.308776	26.630541	52.620380	2.5000
1	42.136504	26.675734	50.624779	2.5000
2	41.447075	27.240987	51.510072	2.5000
3	41.794831	26.491493	53.888327	2.5000
4	41.421178	27.300716	53.367337	2.5000
5	41.685121	25.961047	51.711755	2.5000
6	41.515213	28.545661	51.834677	2.5000
7	42.024712	28.567581	53.973213	2.5000
8	41.419360	28.361754	52.928788	2.5000
9	42.246143	29.580910	52.117618	2.5000
10	42.162132	28.781019	50.907313	2.5000
11	42.074942	29.337951	53.115969	2.5000
12	41.899550	25.434097	52.771649	2.5000
13	42.541058	25.048718	51.635688	2.5000
14	42.653127	25.624084	54.243236	2.5000
15	42.754758	24.834845	53.160384	2.5000
16	43.596914	29.623904	50.777402	2.5000
17	43.859723	28.795334	50.033668	2.5000
18	43.790362	27.706584	49.748958	2.5000
19	42.868987	28.552452	50.183439	2.5000
20	42.248040	27.763736	50.410646	2.5000
21	43.477057	30.024866	51.704779	2.5000
22	42.935697	27.065350	50.010426	2.5000
23	43.490807	24.904222	53.869397	2.5000
24	43.111889	25.113425	50.795704	2.5000
25	44.278374	26.187592	49.814920	2.5000
26	42.995161	25.940400	50.220592	2.5000
27	44.007685	25.273272	50.303502	2.5000
28	44.803005	24.555158	51.178221	2.5000
29	43.949476	24.265572	52.686357	2.5000
30	43.702564	24.491608	51.396189	2.5000
31	45.394146	25.328496	50.558634	2.5000
32	41.870798	27.327589	56.778999	2.5000
33	42.503101	28.517096	58.378702	2.5000
34	42.037991	28.375595	57.491935	2.5000
35	42.268673	26.977223	55.642627	2.5000
36	42.049780	28.326585	56.287718	2.5000
37	43.790314	25.061988	55.687577	2.5000
38	42.893075	25.509205	55.796247	2.5000
39	42.099297	26.140329	57.390884	2.5000
40	42.199295	26.150691	56.274112	2.5000
41	42.683403	25.264339	57.270554	2.5000
42	43.583186	27.041123	59.539830	2.5000
43	42.810985	26.333901	58.935169	2.5000
44	42.072111	27.313914	58.010530	2.5000
45	42.662233	27.408662	58.934365	2.5000
46	43.155321	25.289478	58.418289	2.5000
47	44.763406	25.267184	58.936699	2.5000
48	44.106317	26.054708	59.461850	2.5000
49	44.394269	24.725513	58.159666	2.5000
50	43.854442	24.603724	57.123201	2.5000
51	45.294225	26.353919	59.446773	2.5000
52	42.591801	29.397608	57.629974	2.5000
53	46.061874	26.444785	50.417424	2.5000
54	45.010928	27.049095	49.865897	2.5000
55	42.539349	29.212233	55.818704	2.5000
56	42.810226	29.840763	56.598388	2.5000
57	42.011748	27.378604	54.486989	2.5000
58	42.223303	28.320989	55.135920	2.5000
59	45.481923	24.880239	58.079650	2.5000
60	44.862879	24.527841	57.087928	2.5000
61	46.224511	25.649836	58.429854	2.5000
62	42.262298	29.977747	55.123862	2.5000
63	42.329868	30.832203	54.230975	2.5000
64	42.503853	30.538060	53.143264	2.5000
65	42.117319	29.711861	54.076483	2.5000
66	43.086706	31.783513	54.392895	2.5000
67	44.365160	24.784076	54.727947	2.5000
68	45.062072	30.023565	51.145127	2.5000
69	44.099310	31.532757	56.143102	2.5000
70	43.125583	31.222023	55.804670	2.5000
71	43.301685	31.036558	52.325668	2.5000
72	43.414983	31.812620	52.998612	2.5000
73	45.418875	29.314297	50.376952	2.5000
74	46.145201	29.679669	51.228028	2.5000
75	45.021581	31.618124	52.018285	2.5000
76	45.011827	32.467756	53.209537	2.5000
77	43.856877	32.350869	53.913326	2.5000
78	45.741048	30.691730	51.709758	2.5000
79	45.862031	28.310426	50.017714	2.5000
80	46.746437	28.453430	50.691818	2.5000
81	46.289157	27.422454	50.194222	2.5000
82	44.764554	32.600918	54.266149	2.5000
83	44.600479	32.279512	55.419675	2.5000
84	45.218855	31.609613	56.244702	2.5000
85	47.023196	27.176222	50.991912	2.5000
86	43.082321	29.240280	59.030896	2.5000
87	43.091348	30.085003	58.339421	2.5000
88	43.743994	30.748593	58.756721	2.5000
89	43.920134	28.228054	59.905667	2.5000
90	44.319430	29.428342	60.216974	2.5000
91	44.402589	30.431123	59.766787	2.5000
92	43.846692	31.184985	57.261800	2.5000
93	46.720557	26.788412	59.098144	2.5000
94	45.416798	27.310559	60.114734	2.5000
95	46.601278	27.484096	60.008235	2.5000
96	45.115138	28.909184	60.608813	2.5000
97	46.122491	28.703197	60.606761	2.5000
98	45.547968	29.874793	60.458841	2.5000
99	44.993175	31.207076	59.261741	2.5000
100	45.175692	31.841608	58.266977	2.5000
101	44.730330	31.752020	57.283768	2.5000
102	45.977184	31.629668	58.917053	2.5000
103	46.781654	31.740451	58.267136	2.5000
104	46.365536	31.895577	56.925869	2.5000
105	47.380080	29.343071	60.291655	2.5000
106	46.753144	30.984605	59.762849	2.5000
107	47.731177	30.673912	59.448074	2.5000
108	45.240661	24.295276	55.115081	2.5000
109	44.708104	24.029714	54.023520	2.5000
110	45.699669	23.422725	53.802421	2.5000
111	45.069827	23.698173	53.026458	2.5000
112	45.974758	24.584874	51.128511	2.5000
113	45.493596	23.991170	51.827359	2.5000
114	46.984954	25.608584	50.832536	2.5000
115	46.427255	23.775399	54.918904	2.5000
116	47.936077	23.770060	53.494605	2.5000
117	47.480705	24.059653	54.923202	2.5000
118	47.175099	23.487821	54.109451	2.5000
119	46.827192	23.506621	52.325466	2.5000
120	47.072405	24.487107	51.234440	2.5000
121	47.925413	24.337835	51.865618	2.5000
122	47.839281	25.215112	51.274782	2.5000
123	46.826293	23.860679	56.281870	2.5000
124	46.418706	24.344581	57.383247	2.5000
125	45.409622	24.176113	56.282555	2.5000
126	47.465203	25.115432	57.929026	2.5000
127	48.623636	24.583693	56.026487	2.5000
128	47.830997	24.247232	56.781543	2.5000
129	45.892782	32.893820	55.080762	2.5000
130	47.276215	32.289360	56.498357	2.5000
131	46.839288	32.920131	55.695025	2.5000
132	45.838367	32.405066	56.013129	2.5000
133	47.698166	30.154098	51.485331	2.5000
134	47.755947	33.072900	55.134047	2.5000
135	48.427683	31.686606	56.443010	2.5000
136	48.349167	32.511494	55.775687	2.5000
137	46.665013	33.241329	54.315381	2.5000
138	46.413899	32.644081	52.407759	2.5000
139	47.440853	33.178386	53.003914	2.5000
140	47.650199	31.513769	51.514298	2.5000
141	46.027575	31.760108	51.955532	2.5000
142	48.340976	33.108433	53.628346	2.5000
143	48.068311	32.658662	52.352476	2.5000
144	48.871125	30.782468	58.982865	2.5000
145	48.186990	28.306763	51.227193	2.5000
146	48.922640	29.748226	59.817953	2.5000
147	47.905734	31.691196	57.700033	2.5000
148	48.361148	25.901603	58.596355	2.5000
149	47.325631	26.073315	58.623167	2.5000
150	48.239853	28.464838	60.231861	2.5000
151	47.543589	27.163938	59.707148	2.5000
152	49.712625	30.137750	59.009780	2.5000
153	49.470856	31.135334	58.077332	2.5000
154	50.005979	31.031857	56.994897	2.5000
155	49.300171	27.933812	59.932160	2.5000
156	48.788918	26.777462	59.478218	2.5000
157	50.489589	29.610791	58.430026	2.5000
158	50.651836	28.111494	58.747483	2.5000
159	50.357696	27.162680	58.613728	2.5000
160	49.941765	29.071004	59.514268	2.5000
161	50.916731	28.728950	57.810440	2.5000
162	50.824805	29.817464	57.310204	2.5000
163	50.293591	30.507953	57.831725	2.5000
164	48.499017	27.162342	50.902254	2.5000
165	49.202640	27.838400	51.146400	2.5000
166	49.755244	24.449817	53.916956	2.5000
167	50.554684	25.063612	53.969558	2.5000
168	48.516502	24.282125	54.268708	2.5000
169	49.014752	24.304970	52.847801	2.5000
170	49.352331	24.655630	54.970382	2.5000
171	50.454552	25.446669	55.039935	2.5000
172	51.036620	26.104587	52.586940	2.5000
173	49.855345	25.886503	51.297426	2.5000
174	50.672403	25.209459	52.976849	2.5000
175	49.271680	25.076966	51.592559	2.5000
176	49.753672	26.888846	51.074647	2.5000
177	50.583944	26.728553	51.660098	2.5000
178	48.487214	25.940687	51.017310	2.5000
179	50.178847	25.222068	52.006639	2.5000
180	51.112342	27.480664	57.725697	2.5000
181	49.608333	26.235861	58.679101	2.5000
182	50.689269	26.241289	57.937320	2.5000
183	48.447441	24.885747	57.274161	2.5000
184	49.827022	25.257615	57.740083	2.5000
185	50.668990	25.316364	56.520462	2.5000
186	51.404051	26.786293	56.819902	2.5000
187	51.286129	26.282056	55.930383	2.5000
188	49.642196	24.738583	56.380383	2.5000
189	49.679694	33.148027	54.083726	2.5000
190	49.590494	32.424314	55.967468	2.5000
191	50.417740	32.820426	55.040868	2.5000
192	49.684801	28.733209	51.072016	2.5000
193	49.362233	32.609855	51.671838	2.5000
194	49.373369	33.138889	52.995325	2.5000
195	50.468266	32.777226	52.206090	2.5000
196	51.354366	32.389541	52.770064	2.5000
197	51.279136	30.657949	56.197646	2.5000
198	50.652510	32.136474	55.889828	2.5000
199	50.652759	32.957813	53.524186	2.5000
200	49.338170	31.716968	50.858407	2.5000
201	52.086773	30.427092	52.265037	2.5000
202	49.948332	29.681427	50.647562	2.5000
203	48.391670	29.444319	51.141432	2.5000
204	51.034894	29.942238	50.959835	2.5000
205	51.155625	31.811064	51.465257	2.5000
206	49.741367	30.724467	50.514517	2.5000
207	48.628669	30.687226	50.752253	2.5000
208	51.594495	30.674282	51.384077	2.5000
209	51.638078	32.092933	54.711847	2.5000
210	51.566440	31.516523	55.560649	2.5000
211	52.136918	31.153122	54.648318	2.5000
212	52.119996	31.486643	53.404490	2.5000
213	52.046572	26.624097	55.021536	2.5000
214	52.419906	26.805083	53.985349	2.5000
215	51.427235	26.065010	54.465174	2.5000
216	51.909710	26.448767	53.140913	2.5000
217	52.138029	27.372108	55.902146	2.5000
218	52.226647	28.494493	56.330116	2.5000
219	51.765243	29.386785	56.577201	2.5000
220	52.182504	29.994944	55.786076	2.5000
221	52.873495	27.704772	53.409947	2.5000
222	51.532952	26.799507	51.989464	2.5000
223	52.569532	30.157496	54.532361	2.5000
224	52.905808	27.962086	54.567120	2.5000
225	52.772960	28.793733	52.363134	2.5000
226	51.488382	28.975099	51.155932	2.5000
227	52.129402	27.927750	51.627036	2.5000
228	50.574620	28.227094	50.952095	2.5000
229	52.518042	27.445523	52.438152	2.5000
230	52.773238	28.856373	55.497681	2.5000
231	52.994387	29.201477	53.427937	2.5000
232	52.341805	30.426111	53.416654	2.5000
